{
"type": "FeatureCollection",
"name": "scores",
"crs": { "type": "name", "properties": { "name": "urn:ogc:def:crs:OGC:1.3:CRS84" } },
"features": [
{ "type": "Feature", "properties": { "cell_id": 0, "education": 0.26335474150785254, "health": 0.54652884986043859, "green": 0.3016222897729568, "groceries": 0.73399959418846994, "transit": 0.55083752321941581, "culture": 0.45381445929905684, "services": 0.61790609597446378, "livability": 0.4954376505460934 }, "geometry": { "type": "Polygon", "coordinates": [ [ [ 25.9716745, 44.419246600000044 ], [ 25.9716745, 44.424246600000046 ], [ 25.9666745, 44.424246600000046 ], [ 25.9666745, 44.419246600000044 ], [ 25.9716745, 44.419246600000044 ] ] ] } },
{ "type": "Feature", "properties": { "cell_id": 1, "education": 0.74560916807748323, "health": 0.70190180250512046, "green": 0.69220211528646192, "groceries": 0.79100363811241814, "transit": 0.7502905346550649, "culture": 0.72243226919543435, "services": 0.76849363862444431, "livability": 0.73884759520806109 }, "geometry": { "type": "Polygon", "coordinates": [ [ [ 25.9716745, 44.424246600000046 ], [ 25.9716745, 44.429246600000049 ], [ 25.9666745, 44.429246600000049 ], [ 25.9666745, 44.424246600000046 ], [ 25.9716745, 44.424246600000046 ] ] ] } },
{ "type": "Feature", "properties": { "cell_id": 2, "education": 0.82387259203406238, "health": 0.70933953939205363, "green": 0.78911015948080787, "groceries": 0.79886050095907002, "transit": 0.7643316625259502, "culture": 0.72812980279334005, "services": 0.77402253195060611, "livability": 0.76966668416226991 }, "geometry": { "type": "Polygon", "coordinates": [ [ [ 25.9716745, 44.429246600000049 ], [ 25.9716745, 44.434246600000051 ], [ 25.9666745, 44.434246600000051 ], [ 25.9666745, 44.429246600000049 ], [ 25.9716745, 44.429246600000049 ] ] ] } },
{ "type": "Feature", "properties": { "cell_id": 3, "education": 0.58052745022065178, "health": 0.77102293319505188, "green": 0.4877931385130464, "groceries": 0.94912922817447498, "transit": 0.65872321472284057, "culture": 0.75694905432297521, "services": 0.69949724541071268, "livability": 0.70052032350853621 }, "geometry": { "type": "Polygon", "coordinates": [ [ [ 25.9716745, 44.434246600000051 ], [ 25.9716745, 44.439246600000054 ], [ 25.9666745, 44.439246600000054 ], [ 25.9666745, 44.434246600000051 ], [ 25.9716745, 44.434246600000051 ] ] ] } },
{ "type": "Feature", "properties": { "cell_id": 4, "education": 0.41401503582581056, "health": 0.62739064617026985, "green": 0.059466534846940311, "groceries": 0.77205347853849404, "transit": 0.74843790924992515, "culture": 0.67884239425293336, "services": 0.39660693637081579, "livability": 0.52811613360788412 }, "geometry": { "type": "Polygon", "coordinates": [ [ [ 25.9766745, 44.409246600000039 ], [ 25.9766745, 44.414246600000041 ], [ 25.9716745, 44.414246600000041 ], [ 25.9716745, 44.409246600000039 ], [ 25.9766745, 44.409246600000039 ] ] ] } },
{ "type": "Feature", "properties": { "cell_id": 5, "education": 0.43731944162964975, "health": 0.64313980303516027, "green": 0.3836770127334862, "groceries": 0.8020605768166359, "transit": 0.67247041649404282, "culture": 0.69619926275284727, "services": 0.66580077352827238, "livability": 0.61438104099858493 }, "geometry": { "type": "Polygon", "coordinates": [ [ [ 25.9766745, 44.414246600000041 ], [ 25.9766745, 44.419246600000044 ], [ 25.9716745, 44.419246600000044 ], [ 25.9716745, 44.414246600000041 ], [ 25.9766745, 44.414246600000041 ] ] ] } },
{ "type": "Feature", "properties": { "cell_id": 6, "education": 0.38196911922752841, "health": 0.62668864697617555, "green": 0.44849405664735886, "groceries": 0.85582362104692633, "transit": 0.76855123061787167, "culture": 0.54215716040068052, "services": 0.70363395736266643, "livability": 0.61818825603988681 }, "geometry": { "type": "Polygon", "coordinates": [ [ [ 25.9766745, 44.419246600000044 ], [ 25.9766745, 44.424246600000046 ], [ 25.9716745, 44.424246600000046 ], [ 25.9716745, 44.419246600000044 ], [ 25.9766745, 44.419246600000044 ] ] ] } },
{ "type": "Feature", "properties": { "cell_id": 7, "education": 0.7177062266268297, "health": 0.74726094940790622, "green": 0.65765188292309928, "groceries": 0.85993886661085461, "transit": 0.84469531461468972, "culture": 0.77242178640032211, "services": 0.81700352510475494, "livability": 0.77381122166977945 }, "geometry": { "type": "Polygon", "coordinates": [ [ [ 25.9766745, 44.424246600000046 ], [ 25.9766745, 44.429246600000049 ], [ 25.9716745, 44.429246600000049 ], [ 25.9716745, 44.424246600000046 ], [ 25.9766745, 44.424246600000046 ] ] ] } },
{ "type": "Feature", "properties": { "cell_id": 8, "education": 0.83801175009524376, "health": 0.71889480632815983, "green": 0.80661767557190045, "groceries": 0.86085617101880152, "transit": 0.74180392597167, "culture": 0.72762270634600834, "services": 0.77353044495977141, "livability": 0.78104821147022219 }, "geometry": { "type": "Polygon", "coordinates": [ [ [ 25.9766745, 44.429246600000049 ], [ 25.9766745, 44.434246600000051 ], [ 25.9716745, 44.434246600000051 ], [ 25.9716745, 44.429246600000049 ], [ 25.9766745, 44.429246600000049 ] ] ] } },
{ "type": "Feature", "properties": { "cell_id": 9, "education": 0.71389467414622687, "health": 0.86115272873323456, "green": 0.65293230795990498, "groceries": 0.86838690368104543, "transit": 0.90351540032868782, "culture": 0.85627951515340772, "services": 0.79588764180466098, "livability": 0.80743559597245251 }, "geometry": { "type": "Polygon", "coordinates": [ [ [ 25.9766745, 44.434246600000051 ], [ 25.9766745, 44.439246600000054 ], [ 25.9716745, 44.439246600000054 ], [ 25.9716745, 44.434246600000051 ], [ 25.9766745, 44.434246600000051 ] ] ] } },
{ "type": "Feature", "properties": { "cell_id": 10, "education": 0.42708538010344721, "health": 0.63622360694340885, "green": 0.075650614674514061, "groceries": 0.78547750017009721, "transit": 0.77242819747943092, "culture": 0.68857704480721482, "services": 0.40605345275500493, "livability": 0.5416422567047311 }, "geometry": { "type": "Polygon", "coordinates": [ [ [ 25.9816745, 44.409246600000039 ], [ 25.9816745, 44.414246600000041 ], [ 25.9766745, 44.414246600000041 ], [ 25.9766745, 44.409246600000039 ], [ 25.9816745, 44.409246600000039 ] ] ] } },
{ "type": "Feature", "properties": { "cell_id": 11, "education": 0.43731944162964975, "health": 0.64313980303516027, "green": 0.3836770127334862, "groceries": 0.8020605768166359, "transit": 0.67247041649404282, "culture": 0.69619926275284727, "services": 0.66580077352827238, "livability": 0.61438104099858493 }, "geometry": { "type": "Polygon", "coordinates": [ [ [ 25.9816745, 44.414246600000041 ], [ 25.9816745, 44.419246600000044 ], [ 25.9766745, 44.419246600000044 ], [ 25.9766745, 44.414246600000041 ], [ 25.9816745, 44.414246600000041 ] ] ] } },
{ "type": "Feature", "properties": { "cell_id": 12, "education": 0.45920906374664971, "health": 0.67888753214434761, "green": 0.5441347988819516, "groceries": 0.93515364204894369, "transit": 0.91032320635803909, "culture": 0.59968463272688599, "services": 0.75945868438704722, "livability": 0.69812165147055205 }, "geometry": { "type": "Polygon", "coordinates": [ [ [ 25.9816745, 44.419246600000044 ], [ 25.9816745, 44.424246600000046 ], [ 25.9766745, 44.424246600000046 ], [ 25.9766745, 44.419246600000044 ], [ 25.9816745, 44.419246600000044 ] ] ] } },
{ "type": "Feature", "properties": { "cell_id": 13, "education": 0.70017520628816843, "health": 0.76019404037348948, "green": 0.6625491633852032, "groceries": 0.87952015792622751, "transit": 0.76588833839022585, "culture": 0.78667511825248482, "services": 0.83083497515218618, "livability": 0.76940528568114064 }, "geometry": { "type": "Polygon", "coordinates": [ [ [ 25.9816745, 44.424246600000046 ], [ 25.9816745, 44.429246600000049 ], [ 25.9766745, 44.429246600000049 ], [ 25.9766745, 44.424246600000046 ], [ 25.9816745, 44.424246600000046 ] ] ] } },
{ "type": "Feature", "properties": { "cell_id": 14, "education": 0.9052876503667433, "health": 0.7986220865856587, "green": 0.88992064887833255, "groceries": 0.84078030883469246, "transit": 0.76641711812759672, "culture": 0.80191278213510209, "services": 0.8456216221634244, "livability": 0.83550888815593571 }, "geometry": { "type": "Polygon", "coordinates": [ [ [ 25.9816745, 44.429246600000049 ], [ 25.9816745, 44.434246600000051 ], [ 25.9766745, 44.434246600000051 ], [ 25.9766745, 44.429246600000049 ], [ 25.9816745, 44.429246600000049 ] ] ] } },
{ "type": "Feature", "properties": { "cell_id": 15, "education": 0.75081262326146447, "health": 0.90220598747344383, "green": 0.69810825055704107, "groceries": 0.79487129283916946, "transit": 0.81396309443999504, "culture": 0.90152358882412209, "services": 0.839792544280066, "livability": 0.81446819738218579 }, "geometry": { "type": "Polygon", "coordinates": [ [ [ 25.9816745, 44.434246600000051 ], [ 25.9816745, 44.439246600000054 ], [ 25.9766745, 44.439246600000054 ], [ 25.9766745, 44.434246600000051 ], [ 25.9816745, 44.434246600000051 ] ] ] } },
{ "type": "Feature", "properties": { "cell_id": 16, "education": 0.54544923154295744, "health": 0.23859466731517842, "green": 0.43716203903054529, "groceries": 0.59103103936806023, "transit": 0.88386708430298799, "culture": 0.26295098213176593, "services": 0.25516794332734605, "livability": 0.45917471243126301 }, "geometry": { "type": "Polygon", "coordinates": [ [ [ 25.9816745, 44.464246600000067 ], [ 25.9816745, 44.469246600000069 ], [ 25.9766745, 44.469246600000069 ], [ 25.9766745, 44.464246600000067 ], [ 25.9816745, 44.464246600000067 ] ] ] } },
{ "type": "Feature", "properties": { "cell_id": 17, "education": 0.56589519301855729, "health": 0.7300315133276184, "green": 0.2475289558527568, "groceries": 0.6700056262138796, "transit": 0.73682720454323003, "culture": 0.79196108684394773, "services": 0.57287338643695307, "livability": 0.61644613803384896 }, "geometry": { "type": "Polygon", "coordinates": [ [ [ 25.9866745, 44.409246600000039 ], [ 25.9866745, 44.414246600000041 ], [ 25.9816745, 44.414246600000041 ], [ 25.9816745, 44.409246600000039 ], [ 25.9866745, 44.409246600000039 ] ] ] } },
{ "type": "Feature", "properties": { "cell_id": 18, "education": 0.58821199700630156, "health": 0.74511324721452554, "green": 0.27516227059657283, "groceries": 0.66056400713351271, "transit": 0.49515247130610573, "culture": 0.81989288095400092, "services": 0.52250679125704225, "livability": 0.58665766649543727 }, "geometry": { "type": "Polygon", "coordinates": [ [ [ 25.9866745, 44.414246600000041 ], [ 25.9866745, 44.419246600000044 ], [ 25.9816745, 44.419246600000044 ], [ 25.9816745, 44.414246600000041 ], [ 25.9866745, 44.414246600000041 ] ] ] } },
{ "type": "Feature", "properties": { "cell_id": 19, "education": 0.48849084185291081, "health": 0.69867620732277458, "green": 0.58039234683161611, "groceries": 0.91122280948361722, "transit": 0.94651541414702234, "culture": 0.61661881269476493, "services": 0.78062192161808708, "livability": 0.71750547913582763 }, "geometry": { "type": "Polygon", "coordinates": [ [ [ 25.9866745, 44.419246600000044 ], [ 25.9866745, 44.424246600000046 ], [ 25.9816745, 44.424246600000046 ], [ 25.9816745, 44.419246600000044 ], [ 25.9866745, 44.419246600000044 ] ] ] } },
{ "type": "Feature", "properties": { "cell_id": 20, "education": 0.44569137508103296, "health": 0.66975225527706628, "green": 0.5273968042429773, "groceries": 0.82149397615658049, "transit": 0.83583568993769641, "culture": 0.58474223438254158, "services": 0.74968885241141958, "livability": 0.66208588392704504 }, "geometry": { "type": "Polygon", "coordinates": [ [ [ 25.9866745, 44.424246600000046 ], [ 25.9866745, 44.429246600000049 ], [ 25.9816745, 44.429246600000049 ], [ 25.9816745, 44.424246600000046 ], [ 25.9866745, 44.424246600000046 ] ] ] } },
{ "type": "Feature", "properties": { "cell_id": 21, "education": 0.82261213307280434, "health": 0.84293712261370202, "green": 0.81415412151287481, "groceries": 0.93184088149900213, "transit": 0.92915295426612432, "culture": 0.87786481240827385, "services": 0.91932556195943504, "livability": 0.87684108390460236 }, "geometry": { "type": "Polygon", "coordinates": [ [ [ 25.9866745, 44.429246600000049 ], [ 25.9866745, 44.434246600000051 ], [ 25.9816745, 44.434246600000051 ], [ 25.9816745, 44.429246600000049 ], [ 25.9866745, 44.429246600000049 ] ] ] } },
{ "type": "Feature", "properties": { "cell_id": 22, "education": 0.83823225176706617, "health": 0.98770543511078701, "green": 0.86705469783446776, "groceries": 0.8846564552769951, "transit": 0.96955516231848216, "culture": 0.97735903704626015, "services": 0.93062905432731313, "livability": 0.92217029909733883 }, "geometry": { "type": "Polygon", "coordinates": [ [ [ 25.9866745, 44.434246600000051 ], [ 25.9866745, 44.439246600000054 ], [ 25.9816745, 44.439246600000054 ], [ 25.9816745, 44.434246600000051 ], [ 25.9866745, 44.434246600000051 ] ] ] } },
{ "type": "Feature", "properties": { "cell_id": 23, "education": 0.60006772391042817, "health": 0.27550593685192037, "green": 0.5047922423182517, "groceries": 0.64712748238838569, "transit": 0.87600451507344079, "culture": 0.30363024242552361, "services": 0.29464314551554105, "livability": 0.50025304121192737 }, "geometry": { "type": "Polygon", "coordinates": [ [ [ 25.9866745, 44.464246600000067 ], [ 25.9866745, 44.469246600000069 ], [ 25.9816745, 44.469246600000069 ], [ 25.9816745, 44.464246600000067 ], [ 25.9866745, 44.464246600000067 ] ] ] } },
{ "type": "Feature", "properties": { "cell_id": 24, "education": 0.54552843280934527, "health": 0.2386481916649833, "green": 0.43726010833847162, "groceries": 0.59111238378337627, "transit": 0.90482812715700667, "culture": 0.26300997037533214, "services": 0.25522518558850527, "livability": 0.46223034281671715 }, "geometry": { "type": "Polygon", "coordinates": [ [ [ 25.9866745, 44.469246600000069 ], [ 25.9866745, 44.474246600000072 ], [ 25.9816745, 44.474246600000072 ], [ 25.9816745, 44.469246600000069 ], [ 25.9866745, 44.469246600000069 ] ] ] } },
{ "type": "Feature", "properties": { "cell_id": 25, "education": 0.19239496981670157, "health": 0.0, "green": 0.0, "groceries": 0.22842329577158382, "transit": 0.37572239691320541, "culture": 0.0, "services": 0.0, "livability": 0.11379152321449867 }, "geometry": { "type": "Polygon", "coordinates": [ [ [ 25.9866745, 44.474246600000072 ], [ 25.9866745, 44.479246600000074 ], [ 25.9816745, 44.479246600000074 ], [ 25.9816745, 44.474246600000072 ], [ 25.9866745, 44.474246600000072 ] ] ] } },
{ "type": "Feature", "properties": { "cell_id": 26, "education": 0.30434113546591879, "health": 0.075653408118309451, "green": 0.13861499305397995, "groceries": 0.34339867188477147, "transit": 0.58119676874806148, "culture": 0.083376289127394365, "services": 0.080908449348336742, "livability": 0.22964138796382461 }, "geometry": { "type": "Polygon", "coordinates": [ [ [ 25.9866745, 44.479246600000074 ], [ 25.9866745, 44.484246600000077 ], [ 25.9816745, 44.484246600000077 ], [ 25.9816745, 44.479246600000074 ], [ 25.9866745, 44.479246600000074 ] ] ] } },
{ "type": "Feature", "properties": { "cell_id": 27, "education": 0.31356727413765861, "health": 0.73470241819552795, "green": 1.0, "groceries": 0.70815879751081878, "transit": 0.5271858250756456, "culture": 0.64966298903178932, "services": 0.62293984495943655, "livability": 0.65088816413012518 }, "geometry": { "type": "Polygon", "coordinates": [ [ [ 25.9866745, 44.494246600000082 ], [ 25.9866745, 44.499246600000085 ], [ 25.9816745, 44.499246600000085 ], [ 25.9816745, 44.494246600000082 ], [ 25.9866745, 44.494246600000082 ] ] ] } },
{ "type": "Feature", "properties": { "cell_id": 28, "education": 0.65503430701913223, "health": 0.79027187736046323, "green": 0.35790359527314708, "groceries": 0.7291944973510307, "transit": 0.61780314089191513, "culture": 0.86966141217148007, "services": 0.5708022326744211, "livability": 0.65581015182022706 }, "geometry": { "type": "Polygon", "coordinates": [ [ [ 25.9916745, 44.409246600000039 ], [ 25.9916745, 44.414246600000041 ], [ 25.9866745, 44.414246600000041 ], [ 25.9866745, 44.409246600000039 ], [ 25.9916745, 44.409246600000039 ] ] ] } },
{ "type": "Feature", "properties": { "cell_id": 29, "education": 0.62517146314122929, "health": 0.84667043710192602, "green": 0.68797069255696275, "groceries": 0.77807401392354847, "transit": 0.70184194910493514, "culture": 0.80513708421690955, "services": 0.78286091035213901, "livability": 0.74681807862823568 }, "geometry": { "type": "Polygon", "coordinates": [ [ [ 25.9916745, 44.414246600000041 ], [ 25.9916745, 44.419246600000044 ], [ 25.9866745, 44.419246600000044 ], [ 25.9866745, 44.414246600000041 ], [ 25.9916745, 44.414246600000041 ] ] ] } },
{ "type": "Feature", "properties": { "cell_id": 30, "education": 0.61431128349482855, "health": 0.78370587462722607, "green": 0.73618687130772154, "groceries": 0.84411488975733606, "transit": 0.9398672589561744, "culture": 0.71032851199205682, "services": 0.87155792438810809, "livability": 0.78572465921763601 }, "geometry": { "type": "Polygon", "coordinates": [ [ [ 25.9916745, 44.419246600000044 ], [ 25.9916745, 44.424246600000046 ], [ 25.9866745, 44.424246600000046 ], [ 25.9866745, 44.419246600000044 ], [ 25.9916745, 44.419246600000044 ] ] ] } },
{ "type": "Feature", "properties": { "cell_id": 31, "education": 0.54689698618354754, "health": 0.73814717846356648, "green": 0.65271253076779157, "groceries": 0.77487639334417191, "transit": 0.81613001157131437, "culture": 0.66011907506003986, "services": 0.82283462754509884, "livability": 0.71595954327650435 }, "geometry": { "type": "Polygon", "coordinates": [ [ [ 25.9916745, 44.424246600000046 ], [ 25.9916745, 44.429246600000049 ], [ 25.9866745, 44.429246600000049 ], [ 25.9866745, 44.424246600000046 ], [ 25.9916745, 44.424246600000046 ] ] ] } },
{ "type": "Feature", "properties": { "cell_id": 32, "education": 0.95883341153102297, "health": 0.93499569303307695, "green": 0.98282726415947408, "groceries": 0.92186914223443139, "transit": 0.9168402723241913, "culture": 0.94267896292491704, "services": 0.9822212900976679, "livability": 0.94860943375782592 }, "geometry": { "type": "Polygon", "coordinates": [ [ [ 25.9916745, 44.429246600000049 ], [ 25.9916745, 44.434246600000051 ], [ 25.9866745, 44.434246600000051 ], [ 25.9866745, 44.429246600000049 ], [ 25.9916745, 44.429246600000049 ] ] ] } },
{ "type": "Feature", "properties": { "cell_id": 33, "education": 0.8554242277551134, "health": 0.98209784760107111, "green": 1.0, "groceries": 0.97279294143518813, "transit": 0.92160653757847466, "culture": 0.89772586343865812, "services": 0.88100665481866614, "livability": 0.93009343894673868 }, "geometry": { "type": "Polygon", "coordinates": [ [ [ 25.9916745, 44.434246600000051 ], [ 25.9916745, 44.439246600000054 ], [ 25.9866745, 44.439246600000054 ], [ 25.9866745, 44.434246600000051 ], [ 25.9916745, 44.434246600000051 ] ] ] } },
{ "type": "Feature", "properties": { "cell_id": 34, "education": 0.7563199320656524, "health": 0.99205792853566988, "green": 0.83877008592537972, "groceries": 0.98490932317249669, "transit": 0.9247640172098025, "culture": 0.96947114621700448, "services": 0.89439981696285797, "livability": 0.90867032144126625 }, "geometry": { "type": "Polygon", "coordinates": [ [ [ 25.9916745, 44.439246600000054 ], [ 25.9916745, 44.444246600000056 ], [ 25.9866745, 44.444246600000056 ], [ 25.9866745, 44.439246600000054 ], [ 25.9916745, 44.439246600000054 ] ] ] } },
{ "type": "Feature", "properties": { "cell_id": 35, "education": 0.68320510022681669, "health": 0.37960956445881078, "green": 0.6077353558567089, "groceries": 0.73251451691168223, "transit": 0.58409365356525678, "culture": 0.36555005794442752, "services": 0.35473020755682261, "livability": 0.5296340652172179 }, "geometry": { "type": "Polygon", "coordinates": [ [ [ 25.9916745, 44.464246600000067 ], [ 25.9916745, 44.469246600000069 ], [ 25.9866745, 44.469246600000069 ], [ 25.9866745, 44.464246600000067 ], [ 25.9916745, 44.464246600000067 ] ] ] } },
{ "type": "Feature", "properties": { "cell_id": 36, "education": 0.40787112460217045, "health": 0.14561914991201885, "green": 0.26680883195658545, "groceries": 0.44973013371646997, "transit": 0.63966127920611693, "culture": 0.16048430133594327, "services": 0.15573415537842805, "livability": 0.317986996586819 }, "geometry": { "type": "Polygon", "coordinates": [ [ [ 25.9916745, 44.469246600000069 ], [ 25.9916745, 44.474246600000072 ], [ 25.9866745, 44.474246600000072 ], [ 25.9866745, 44.469246600000069 ], [ 25.9916745, 44.469246600000069 ] ] ] } },
{ "type": "Feature", "properties": { "cell_id": 37, "education": 0.31654459450366279, "health": 0.083900526379871443, "green": 0.15372567040448415, "groceries": 0.35593235077059482, "transit": 0.47203372988344705, "culture": 0.092465292964055368, "services": 0.089728429395922182, "livability": 0.22347579918600538 }, "geometry": { "type": "Polygon", "coordinates": [ [ [ 25.9916745, 44.474246600000072 ], [ 25.9916745, 44.479246600000074 ], [ 25.9866745, 44.479246600000074 ], [ 25.9866745, 44.474246600000072 ], [ 25.9916745, 44.474246600000072 ] ] ] } },
{ "type": "Feature", "properties": { "cell_id": 38, "education": 0.4908269542609256, "health": 0.48152804777219915, "green": 0.36952714915172113, "groceries": 0.65606074033088135, "transit": 0.49467991139499279, "culture": 0.55395659996850988, "services": 0.53756013824562121, "livability": 0.51201993444640725 }, "geometry": { "type": "Polygon", "coordinates": [ [ [ 25.9916745, 44.479246600000074 ], [ 25.9916745, 44.484246600000077 ], [ 25.9866745, 44.484246600000077 ], [ 25.9866745, 44.479246600000074 ], [ 25.9916745, 44.479246600000074 ] ] ] } },
{ "type": "Feature", "properties": { "cell_id": 39, "education": 0.31356727413765861, "health": 0.73470241819552795, "green": 1.0, "groceries": 0.70815879751081878, "transit": 0.5271858250756456, "culture": 0.64966298903178932, "services": 0.62293984495943655, "livability": 0.65088816413012518 }, "geometry": { "type": "Polygon", "coordinates": [ [ [ 25.9916745, 44.484246600000077 ], [ 25.9916745, 44.489246600000079 ], [ 25.9866745, 44.489246600000079 ], [ 25.9866745, 44.484246600000077 ], [ 25.9916745, 44.484246600000077 ] ] ] } },
{ "type": "Feature", "properties": { "cell_id": 40, "education": 0.31356727413765861, "health": 0.73470241819552795, "green": 1.0, "groceries": 0.70815879751081878, "transit": 0.5271858250756456, "culture": 0.64966298903178932, "services": 0.62293984495943655, "livability": 0.65088816413012518 }, "geometry": { "type": "Polygon", "coordinates": [ [ [ 25.9916745, 44.489246600000079 ], [ 25.9916745, 44.494246600000082 ], [ 25.9866745, 44.494246600000082 ], [ 25.9866745, 44.489246600000079 ], [ 25.9916745, 44.489246600000079 ] ] ] } },
{ "type": "Feature", "properties": { "cell_id": 41, "education": 0.31356727413765861, "health": 0.73470241819552795, "green": 1.0, "groceries": 0.70815879751081878, "transit": 0.5271858250756456, "culture": 0.64966298903178932, "services": 0.62293984495943655, "livability": 0.65088816413012518 }, "geometry": { "type": "Polygon", "coordinates": [ [ [ 25.9916745, 44.494246600000082 ], [ 25.9916745, 44.499246600000085 ], [ 25.9866745, 44.499246600000085 ], [ 25.9866745, 44.494246600000082 ], [ 25.9916745, 44.494246600000082 ] ] ] } },
{ "type": "Feature", "properties": { "cell_id": 42, "education": 0.66534306824321932, "health": 0.79723855563441015, "green": 0.37066820277162604, "groceries": 0.73978220879363998, "transit": 0.63672461287472637, "culture": 0.87733926564131681, "services": 0.57825283074096578, "livability": 0.66647839209998638 }, "geometry": { "type": "Polygon", "coordinates": [ [ [ 25.9966745, 44.409246600000039 ], [ 25.9966745, 44.414246600000041 ], [ 25.9916745, 44.414246600000041 ], [ 25.9916745, 44.409246600000039 ], [ 25.9966745, 44.409246600000039 ] ] ] } },
{ "type": "Feature", "properties": { "cell_id": 43, "education": 0.61821766691389501, "health": 0.90884189654064018, "green": 0.80188355692886526, "groceries": 0.87256000087728069, "transit": 0.71888582138774615, "culture": 0.7116034726129592, "services": 0.78543755465450182, "livability": 0.77391856713084117 }, "geometry": { "type": "Polygon", "coordinates": [ [ [ 25.9966745, 44.414246600000041 ], [ 25.9966745, 44.419246600000044 ], [ 25.9916745, 44.419246600000044 ], [ 25.9916745, 44.414246600000041 ], [ 25.9966745, 44.414246600000041 ] ] ] } },
{ "type": "Feature", "properties": { "cell_id": 44, "education": 0.59298291255558777, "health": 0.76973880868684164, "green": 0.70977746306716116, "groceries": 0.82220938315602132, "transit": 0.8879484014257556, "culture": 0.69444337281168789, "services": 0.85614296658394884, "livability": 0.76189190118385763 }, "geometry": { "type": "Polygon", "coordinates": [ [ [ 25.9966745, 44.419246600000044 ], [ 25.9966745, 44.424246600000046 ], [ 25.9916745, 44.424246600000046 ], [ 25.9916745, 44.419246600000044 ], [ 25.9966745, 44.419246600000044 ] ] ] } },
{ "type": "Feature", "properties": { "cell_id": 45, "education": 0.62590317078330315, "health": 0.79153969166607285, "green": 0.75054028275916296, "groceries": 0.85602044805068855, "transit": 0.84835675374077502, "culture": 0.71896202382777719, "services": 0.87993589446052689, "livability": 0.78160832361261512 }, "geometry": { "type": "Polygon", "coordinates": [ [ [ 25.9966745, 44.424246600000046 ], [ 25.9966745, 44.429246600000049 ], [ 25.9916745, 44.429246600000049 ], [ 25.9916745, 44.424246600000046 ], [ 25.9966745, 44.424246600000046 ] ] ] } },
{ "type": "Feature", "properties": { "cell_id": 46, "education": 0.76431389180825193, "health": 0.83982445491313129, "green": 0.7891997844862555, "groceries": 0.87391764611679035, "transit": 0.81025717133474662, "culture": 0.83114258026964061, "services": 0.85938469443551702, "livability": 0.82400574619490474 }, "geometry": { "type": "Polygon", "coordinates": [ [ [ 25.9966745, 44.429246600000049 ], [ 25.9966745, 44.434246600000051 ], [ 25.9916745, 44.434246600000051 ], [ 25.9916745, 44.429246600000049 ], [ 25.9966745, 44.429246600000049 ] ] ] } },
{ "type": "Feature", "properties": { "cell_id": 47, "education": 0.85820113145691046, "health": 0.91091324800986573, "green": 0.96034321234093833, "groceries": 0.98329453773953279, "transit": 0.87630699404613166, "culture": 0.92774803313080911, "services": 0.90334294517029734, "livability": 0.91716430027064078 }, "geometry": { "type": "Polygon", "coordinates": [ [ [ 25.9966745, 44.434246600000051 ], [ 25.9966745, 44.439246600000054 ], [ 25.9916745, 44.439246600000054 ], [ 25.9916745, 44.434246600000051 ], [ 25.9966745, 44.434246600000051 ] ] ] } },
{ "type": "Feature", "properties": { "cell_id": 48, "education": 0.72853680949334243, "health": 0.82328587988158297, "green": 0.79978908363010215, "groceries": 0.85012156035558661, "transit": 0.63831139187123065, "culture": 0.8311754534908955, "services": 0.80962879993776604, "livability": 0.7829784255229294 }, "geometry": { "type": "Polygon", "coordinates": [ [ [ 25.9966745, 44.439246600000054 ], [ 25.9966745, 44.444246600000056 ], [ 25.9916745, 44.444246600000056 ], [ 25.9916745, 44.439246600000054 ], [ 25.9966745, 44.439246600000054 ] ] ] } },
{ "type": "Feature", "properties": { "cell_id": 49, "education": 0.74291116307781158, "health": 0.37601975368102991, "green": 0.68166513665245709, "groceries": 0.79383619767421365, "transit": 0.63156130286302625, "culture": 0.41001848551453024, "services": 0.39788242214097713, "livability": 0.57627063737200646 }, "geometry": { "type": "Polygon", "coordinates": [ [ [ 25.9966745, 44.464246600000067 ], [ 25.9966745, 44.469246600000069 ], [ 25.9916745, 44.469246600000069 ], [ 25.9916745, 44.464246600000067 ], [ 25.9966745, 44.464246600000067 ] ] ] } },
{ "type": "Feature", "properties": { "cell_id": 50, "education": 0.76494360017717555, "health": 0.38692933294355181, "green": 0.70894634005749713, "groceries": 0.81646482213400318, "transit": 0.67200128708873397, "culture": 0.42642800552912263, "services": 0.41380623972540531, "livability": 0.59850280395078426 }, "geometry": { "type": "Polygon", "coordinates": [ [ [ 25.9966745, 44.469246600000069 ], [ 25.9966745, 44.474246600000072 ], [ 25.9916745, 44.474246600000072 ], [ 25.9916745, 44.469246600000069 ], [ 25.9966745, 44.469246600000069 ] ] ] } },
{ "type": "Feature", "properties": { "cell_id": 51, "education": 0.64419103179346116, "health": 0.42126077540109719, "green": 0.55942700341306373, "groceries": 0.69244474618021767, "transit": 0.51069002957268905, "culture": 0.48753710015860874, "services": 0.47310657725899308, "livability": 0.54123675196830434 }, "geometry": { "type": "Polygon", "coordinates": [ [ [ 25.9966745, 44.474246600000072 ], [ 25.9966745, 44.479246600000074 ], [ 25.9916745, 44.479246600000074 ], [ 25.9916745, 44.474246600000072 ], [ 25.9966745, 44.474246600000072 ] ] ] } },
{ "type": "Feature", "properties": { "cell_id": 52, "education": 0.4908269542609256, "health": 0.48152804777219915, "green": 0.36952714915172113, "groceries": 0.65606074033088135, "transit": 0.49467991139499279, "culture": 0.55395659996850988, "services": 0.53756013824562121, "livability": 0.51201993444640725 }, "geometry": { "type": "Polygon", "coordinates": [ [ [ 25.9966745, 44.479246600000074 ], [ 25.9966745, 44.484246600000077 ], [ 25.9916745, 44.484246600000077 ], [ 25.9916745, 44.479246600000074 ], [ 25.9966745, 44.479246600000074 ] ] ] } },
{ "type": "Feature", "properties": { "cell_id": 53, "education": 0.4908269542609256, "health": 0.48152804777219915, "green": 0.36952714915172113, "groceries": 0.65606074033088135, "transit": 0.49467991139499279, "culture": 0.55395659996850988, "services": 0.53756013824562121, "livability": 0.51201993444640725 }, "geometry": { "type": "Polygon", "coordinates": [ [ [ 25.9966745, 44.484246600000077 ], [ 25.9966745, 44.489246600000079 ], [ 25.9916745, 44.489246600000079 ], [ 25.9916745, 44.484246600000077 ], [ 25.9966745, 44.484246600000077 ] ] ] } },
{ "type": "Feature", "properties": { "cell_id": 54, "education": 0.31356727413765861, "health": 0.73470241819552795, "green": 1.0, "groceries": 0.70815879751081878, "transit": 0.5271858250756456, "culture": 0.64966298903178932, "services": 0.62293984495943655, "livability": 0.65088816413012518 }, "geometry": { "type": "Polygon", "coordinates": [ [ [ 25.9966745, 44.489246600000079 ], [ 25.9966745, 44.494246600000082 ], [ 25.9916745, 44.494246600000082 ], [ 25.9916745, 44.489246600000079 ], [ 25.9966745, 44.489246600000079 ] ] ] } },
{ "type": "Feature", "properties": { "cell_id": 55, "education": 0.95295790634282551, "health": 0.88777302737911956, "green": 0.53654883504153505, "groceries": 0.85729121510196815, "transit": 0.81775566853387427, "culture": 0.88679076084866892, "services": 0.67507601298253961, "livability": 0.80202763231864727 }, "geometry": { "type": "Polygon", "coordinates": [ [ [ 26.0016745, 44.404246600000036 ], [ 26.0016745, 44.409246600000039 ], [ 25.9966745, 44.409246600000039 ], [ 25.9966745, 44.404246600000036 ], [ 26.0016745, 44.404246600000036 ] ] ] } },
{ "type": "Feature", "properties": { "cell_id": 56, "education": 0.80547371267053691, "health": 0.94728146774664068, "green": 0.64558241665225957, "groceries": 0.94773003978076109, "transit": 0.92695520458718716, "culture": 0.8914084431904804, "services": 0.73871803193487362, "livability": 0.8433070452232484 }, "geometry": { "type": "Polygon", "coordinates": [ [ [ 26.0016745, 44.409246600000039 ], [ 26.0016745, 44.414246600000041 ], [ 25.9966745, 44.414246600000041 ], [ 25.9966745, 44.409246600000039 ], [ 26.0016745, 44.409246600000039 ] ] ] } },
{ "type": "Feature", "properties": { "cell_id": 57, "education": 0.7149373454016783, "health": 0.97420521887752365, "green": 0.92164467142542961, "groceries": 0.9718968682651743, "transit": 0.89641235895241589, "culture": 0.78363923936869551, "services": 0.8553411477122328, "livability": 0.87401097857187848 }, "geometry": { "type": "Polygon", "coordinates": [ [ [ 26.0016745, 44.414246600000041 ], [ 26.0016745, 44.419246600000044 ], [ 25.9966745, 44.419246600000044 ], [ 25.9966745, 44.414246600000041 ], [ 26.0016745, 44.414246600000041 ] ] ] } },
{ "type": "Feature", "properties": { "cell_id": 58, "education": 0.73523905519220056, "health": 0.86892801537002529, "green": 0.89233405278875622, "groceries": 0.94798065518010588, "transit": 0.91239431607805399, "culture": 0.79912010204148687, "services": 0.93182866337386427, "livability": 0.8696892657177846 }, "geometry": { "type": "Polygon", "coordinates": [ [ [ 26.0016745, 44.419246600000044 ], [ 26.0016745, 44.424246600000046 ], [ 25.9966745, 44.424246600000046 ], [ 25.9966745, 44.419246600000044 ], [ 26.0016745, 44.419246600000044 ] ] ] } },
{ "type": "Feature", "properties": { "cell_id": 59, "education": 0.71572024725246886, "health": 0.8890253682144833, "green": 0.85423636673391057, "groceries": 0.91631730039678272, "transit": 0.93650329513653707, "culture": 0.88019315854935531, "services": 0.99790401559858621, "livability": 0.88427139312601777 }, "geometry": { "type": "Polygon", "coordinates": [ [ [ 26.0016745, 44.424246600000046 ], [ 26.0016745, 44.429246600000049 ], [ 25.9966745, 44.429246600000049 ], [ 25.9966745, 44.424246600000046 ], [ 26.0016745, 44.424246600000046 ] ] ] } },
{ "type": "Feature", "properties": { "cell_id": 60, "education": 0.73632573653811118, "health": 0.9150610178555485, "green": 0.87353344835381219, "groceries": 0.89077590861312017, "transit": 0.92492162225843655, "culture": 0.92495732680078946, "services": 0.90737002870432482, "livability": 0.88184929844630622 }, "geometry": { "type": "Polygon", "coordinates": [ [ [ 26.0016745, 44.429246600000049 ], [ 26.0016745, 44.434246600000051 ], [ 25.9966745, 44.434246600000051 ], [ 25.9966745, 44.429246600000049 ], [ 26.0016745, 44.429246600000049 ] ] ] } },
{ "type": "Feature", "properties": { "cell_id": 61, "education": 0.78349442391760138, "health": 0.91059560411534846, "green": 0.85187314740668796, "groceries": 0.88663201858996676, "transit": 0.83066974876916655, "culture": 0.92292843704188909, "services": 0.91185273926535138, "livability": 0.87114944558657292 }, "geometry": { "type": "Polygon", "coordinates": [ [ [ 26.0016745, 44.434246600000051 ], [ 26.0016745, 44.439246600000054 ], [ 25.9966745, 44.439246600000054 ], [ 25.9966745, 44.434246600000051 ], [ 26.0016745, 44.434246600000051 ] ] ] } },
{ "type": "Feature", "properties": { "cell_id": 62, "education": 0.75991339734632068, "health": 0.80421117350186233, "green": 0.82924861939973238, "groceries": 0.82836547073156563, "transit": 0.65104428860003483, "culture": 0.87553639204935962, "services": 0.78882032631503274, "livability": 0.7910199525634154 }, "geometry": { "type": "Polygon", "coordinates": [ [ [ 26.0016745, 44.439246600000054 ], [ 26.0016745, 44.444246600000056 ], [ 25.9966745, 44.444246600000056 ], [ 25.9966745, 44.439246600000054 ], [ 26.0016745, 44.439246600000054 ] ] ] } },
{ "type": "Feature", "properties": { "cell_id": 63, "education": 0.62097797837743562, "health": 0.42972676797742304, "green": 0.53068392660142361, "groceries": 0.66860355848285491, "transit": 0.40775600871261952, "culture": 0.39351062925907687, "services": 0.33187273086410363, "livability": 0.48330451432499105 }, "geometry": { "type": "Polygon", "coordinates": [ [ [ 26.0016745, 44.459246600000064 ], [ 26.0016745, 44.464246600000067 ], [ 25.9966745, 44.464246600000067 ], [ 25.9966745, 44.459246600000064 ], [ 26.0016745, 44.459246600000064 ] ] ] } },
{ "type": "Feature", "properties": { "cell_id": 64, "education": 0.67192137031447718, "health": 0.49753789226391532, "green": 0.59376351381682158, "groceries": 0.79872453717135738, "transit": 0.64029733418944113, "culture": 0.51781305461209171, "services": 0.43872212904620311, "livability": 0.59411140448775823 }, "geometry": { "type": "Polygon", "coordinates": [ [ [ 26.0016745, 44.464246600000067 ], [ 26.0016745, 44.469246600000069 ], [ 25.9966745, 44.469246600000069 ], [ 25.9966745, 44.464246600000067 ], [ 26.0016745, 44.464246600000067 ] ] ] } },
{ "type": "Feature", "properties": { "cell_id": 65, "education": 0.93022949346728889, "health": 0.49862981923317506, "green": 0.91360813278134778, "groceries": 0.98622327377033103, "transit": 0.9753793876247443, "culture": 0.54953114486145671, "services": 0.53326567138796022, "livability": 0.7695524175894719 }, "geometry": { "type": "Polygon", "coordinates": [ [ [ 26.0016745, 44.469246600000069 ], [ 26.0016745, 44.474246600000072 ], [ 25.9966745, 44.474246600000072 ], [ 25.9966745, 44.469246600000069 ], [ 26.0016745, 44.469246600000069 ] ] ] } },
{ "type": "Feature", "properties": { "cell_id": 66, "education": 0.76093092031641429, "health": 0.50015378954672873, "green": 0.70397772333175623, "groceries": 0.81234356104804062, "transit": 0.72496315919008247, "culture": 0.57448370205195898, "services": 0.55747966232817214, "livability": 0.66204750254473621 }, "geometry": { "type": "Polygon", "coordinates": [ [ [ 26.0016745, 44.474246600000072 ], [ 26.0016745, 44.479246600000074 ], [ 25.9966745, 44.479246600000074 ], [ 25.9966745, 44.474246600000072 ], [ 26.0016745, 44.474246600000072 ] ] ] } },
{ "type": "Feature", "properties": { "cell_id": 67, "education": 0.74792971635230077, "health": 0.50894002517902825, "green": 0.68787925504811676, "groceries": 0.7989905506342474, "transit": 0.74882654211285193, "culture": 0.5841668576511676, "services": 0.56687620794719784, "livability": 0.66337273641784433 }, "geometry": { "type": "Polygon", "coordinates": [ [ [ 26.0016745, 44.479246600000074 ], [ 26.0016745, 44.484246600000077 ], [ 25.9966745, 44.484246600000077 ], [ 25.9966745, 44.479246600000074 ], [ 26.0016745, 44.479246600000074 ] ] ] } },
{ "type": "Feature", "properties": { "cell_id": 68, "education": 0.42638609362729329, "health": 0.81094556725540734, "green": 0.78128719371381461, "groceries": 0.82403044106592138, "transit": 0.73426193108915072, "culture": 0.73368922126786296, "services": 0.7044789998673302, "livability": 0.71643992112668298 }, "geometry": { "type": "Polygon", "coordinates": [ [ [ 26.0016745, 44.484246600000077 ], [ 26.0016745, 44.489246600000079 ], [ 25.9966745, 44.489246600000079 ], [ 25.9966745, 44.484246600000077 ], [ 26.0016745, 44.484246600000077 ] ] ] } },
{ "type": "Feature", "properties": { "cell_id": 69, "education": 0.44457367058500019, "health": 0.82323676253025124, "green": 0.93044178096219921, "groceries": 0.84271016528133069, "transit": 0.76764477121511843, "culture": 0.74723513118052742, "services": 0.71762396682995599, "livability": 0.75335232122634044 }, "geometry": { "type": "Polygon", "coordinates": [ [ [ 26.0016745, 44.489246600000079 ], [ 26.0016745, 44.494246600000082 ], [ 25.9966745, 44.494246600000082 ], [ 25.9966745, 44.489246600000079 ], [ 26.0016745, 44.489246600000079 ] ] ] } },
{ "type": "Feature", "properties": { "cell_id": 70, "education": 0.41402798628089355, "health": 0.80259393740524643, "green": 0.87453255826632015, "groceries": 0.88943761250612541, "transit": 0.85858226799620363, "culture": 0.72448503704944622, "services": 0.69554724864138295, "livability": 0.75131523544937406 }, "geometry": { "type": "Polygon", "coordinates": [ [ [ 26.0016745, 44.494246600000082 ], [ 26.0016745, 44.499246600000085 ], [ 25.9966745, 44.499246600000085 ], [ 25.9966745, 44.494246600000082 ], [ 26.0016745, 44.494246600000082 ] ] ] } },
{ "type": "Feature", "properties": { "cell_id": 71, "education": 0.91093850341178806, "health": 0.79019087891411877, "green": 0.49809830564342195, "groceries": 0.89213784968651688, "transit": 0.55272292041516669, "culture": 0.77924719306429613, "services": 0.66622843558287403, "livability": 0.72708058381688312 }, "geometry": { "type": "Polygon", "coordinates": [ [ [ 26.0066745, 44.404246600000036 ], [ 26.0066745, 44.409246600000039 ], [ 26.0016745, 44.409246600000039 ], [ 26.0016745, 44.404246600000036 ], [ 26.0066745, 44.404246600000036 ] ] ] } },
{ "type": "Feature", "properties": { "cell_id": 72, "education": 0.77812322819738278, "health": 0.97652725291679876, "green": 0.67587506251804752, "groceries": 0.94243339596119291, "transit": 0.88817745162737383, "culture": 0.87101175252944396, "services": 0.76999528945632822, "livability": 0.84316334760093825 }, "geometry": { "type": "Polygon", "coordinates": [ [ [ 26.0066745, 44.409246600000039 ], [ 26.0066745, 44.414246600000041 ], [ 26.0016745, 44.414246600000041 ], [ 26.0016745, 44.409246600000039 ], [ 26.0066745, 44.409246600000039 ] ] ] } },
{ "type": "Feature", "properties": { "cell_id": 73, "education": 0.75038112087784925, "health": 0.88470697372294527, "green": 0.75766265212175621, "groceries": 0.83627147021552606, "transit": 0.65403399576559296, "culture": 0.84054905567847338, "services": 0.77354463137423513, "livability": 0.78530712853662532 }, "geometry": { "type": "Polygon", "coordinates": [ [ [ 26.0066745, 44.414246600000041 ], [ 26.0066745, 44.419246600000044 ], [ 26.0016745, 44.419246600000044 ], [ 26.0016745, 44.414246600000041 ], [ 26.0066745, 44.414246600000041 ] ] ] } },
{ "type": "Feature", "properties": { "cell_id": 74, "education": 0.81913416153548346, "health": 0.90931678192418108, "green": 0.91704673780149559, "groceries": 0.87877579366439418, "transit": 0.84103661842734645, "culture": 0.88058603225137, "services": 0.88089203752418221, "livability": 0.87525545187549336 }, "geometry": { "type": "Polygon", "coordinates": [ [ [ 26.0066745, 44.419246600000044 ], [ 26.0066745, 44.424246600000046 ], [ 26.0016745, 44.424246600000046 ], [ 26.0016745, 44.419246600000044 ], [ 26.0066745, 44.419246600000044 ] ] ] } },
{ "type": "Feature", "properties": { "cell_id": 75, "education": 0.82032465128103782, "health": 0.87857509538978795, "green": 0.77575278661020053, "groceries": 0.84213348580353387, "transit": 0.91047037983114487, "culture": 0.85638427477174628, "services": 0.85734375511195604, "livability": 0.848712061257058 }, "geometry": { "type": "Polygon", "coordinates": [ [ [ 26.0066745, 44.424246600000046 ], [ 26.0066745, 44.429246600000049 ], [ 26.0016745, 44.429246600000049 ], [ 26.0016745, 44.424246600000046 ], [ 26.0066745, 44.424246600000046 ] ] ] } },
{ "type": "Feature", "properties": { "cell_id": 76, "education": 0.74686013621325698, "health": 0.97281621585564793, "green": 0.92530111748682697, "groceries": 0.96120805619080441, "transit": 0.94932793579711783, "culture": 0.972588160874583, "services": 0.97116738114359302, "livability": 0.92846700050883291 }, "geometry": { "type": "Polygon", "coordinates": [ [ [ 26.0066745, 44.429246600000049 ], [ 26.0066745, 44.434246600000051 ], [ 26.0016745, 44.434246600000051 ], [ 26.0016745, 44.429246600000049 ], [ 26.0066745, 44.429246600000049 ] ] ] } },
{ "type": "Feature", "properties": { "cell_id": 77, "education": 0.77493046259816478, "health": 0.92294273802283611, "green": 0.88797178421728384, "groceries": 0.9123943260149342, "transit": 0.80912600678921121, "culture": 0.87358632943629955, "services": 0.91493540705015719, "livability": 0.87084100773269801 }, "geometry": { "type": "Polygon", "coordinates": [ [ [ 26.0066745, 44.434246600000051 ], [ 26.0066745, 44.439246600000054 ], [ 26.0016745, 44.439246600000054 ], [ 26.0016745, 44.434246600000051 ], [ 26.0066745, 44.434246600000051 ] ] ] } },
{ "type": "Feature", "properties": { "cell_id": 78, "education": 0.82819036242509458, "health": 0.85769311216954702, "green": 0.91995803497241746, "groceries": 0.94858591947319792, "transit": 0.98029168376982267, "culture": 0.9376849336961629, "services": 0.83402696241397012, "livability": 0.90091871556003034 }, "geometry": { "type": "Polygon", "coordinates": [ [ [ 26.0066745, 44.439246600000054 ], [ 26.0066745, 44.444246600000056 ], [ 26.0016745, 44.444246600000056 ], [ 26.0016745, 44.439246600000054 ], [ 26.0066745, 44.439246600000054 ] ] ] } },
{ "type": "Feature", "properties": { "cell_id": 79, "education": 0.63294117741912737, "health": 0.53432995739289724, "green": 0.54549710704802945, "groceries": 0.78628450834815355, "transit": 0.61806555557330523, "culture": 0.5087919626619728, "services": 0.44374187282346111, "livability": 0.58137887732384952 }, "geometry": { "type": "Polygon", "coordinates": [ [ [ 26.0066745, 44.459246600000064 ], [ 26.0066745, 44.464246600000067 ], [ 26.0016745, 44.464246600000067 ], [ 26.0016745, 44.459246600000064 ], [ 26.0066745, 44.459246600000064 ] ] ] } },
{ "type": "Feature", "properties": { "cell_id": 80, "education": 0.67192137031447718, "health": 0.49753789226391532, "green": 0.59376351381682158, "groceries": 0.79872453717135738, "transit": 0.64029733418944113, "culture": 0.51781305461209171, "services": 0.43872212904620311, "livability": 0.59411140448775823 }, "geometry": { "type": "Polygon", "coordinates": [ [ [ 26.0066745, 44.464246600000067 ], [ 26.0066745, 44.469246600000069 ], [ 26.0016745, 44.469246600000069 ], [ 26.0016745, 44.464246600000067 ], [ 26.0066745, 44.464246600000067 ] ] ] } },
{ "type": "Feature", "properties": { "cell_id": 81, "education": 0.82431398134277611, "health": 0.51323279115934906, "green": 0.78246047004270247, "groceries": 0.92786036802879113, "transit": 0.87107808589302227, "culture": 0.58578978388487624, "services": 0.5684510974793463, "livability": 0.72474093969012332 }, "geometry": { "type": "Polygon", "coordinates": [ [ [ 26.0066745, 44.469246600000069 ], [ 26.0066745, 44.474246600000072 ], [ 26.0016745, 44.474246600000072 ], [ 26.0016745, 44.469246600000069 ], [ 26.0066745, 44.469246600000069 ] ] ] } },
{ "type": "Feature", "properties": { "cell_id": 82, "education": 0.76370663588873167, "health": 0.59977857609700913, "green": 0.7074146949559762, "groceries": 0.93632441749080819, "transit": 0.99554370466383391, "culture": 0.68427842530727323, "services": 0.66402459132643954, "livability": 0.76443872081858166 }, "geometry": { "type": "Polygon", "coordinates": [ [ [ 26.0066745, 44.474246600000072 ], [ 26.0066745, 44.479246600000074 ], [ 26.0016745, 44.479246600000074 ], [ 26.0016745, 44.474246600000072 ], [ 26.0066745, 44.474246600000072 ] ] ] } },
{ "type": "Feature", "properties": { "cell_id": 83, "education": 0.64732978012648834, "health": 0.58729292223852636, "green": 0.56331349274351639, "groceries": 0.81679845887904345, "transit": 0.78193691254920128, "culture": 0.67051820601323342, "services": 0.65067165828725448, "livability": 0.67398020440532347 }, "geometry": { "type": "Polygon", "coordinates": [ [ [ 26.0066745, 44.479246600000074 ], [ 26.0066745, 44.484246600000077 ], [ 26.0016745, 44.484246600000077 ], [ 26.0016745, 44.479246600000074 ], [ 26.0066745, 44.479246600000074 ] ] ] } },
{ "type": "Feature", "properties": { "cell_id": 84, "education": 0.58709985941251663, "health": 0.82688973978626568, "green": 0.7229683030602293, "groceries": 0.90716008547129356, "transit": 0.74718364582872399, "culture": 0.82732547344593665, "services": 0.79534372946619858, "livability": 0.7734244052101662 }, "geometry": { "type": "Polygon", "coordinates": [ [ [ 26.0066745, 44.484246600000077 ], [ 26.0066745, 44.489246600000079 ], [ 26.0016745, 44.489246600000079 ], [ 26.0016745, 44.484246600000077 ], [ 26.0066745, 44.484246600000077 ] ] ] } },
{ "type": "Feature", "properties": { "cell_id": 85, "education": 0.53905499140443758, "health": 0.88708739896837208, "green": 0.87899815542351056, "groceries": 0.93974810609767623, "transit": 0.95361348360652909, "culture": 0.81760379343970313, "services": 0.78590979971713937, "livability": 0.8288593898081954 }, "geometry": { "type": "Polygon", "coordinates": [ [ [ 26.0066745, 44.489246600000079 ], [ 26.0066745, 44.494246600000082 ], [ 26.0016745, 44.494246600000082 ], [ 26.0016745, 44.489246600000079 ], [ 26.0066745, 44.489246600000079 ] ] ] } },
{ "type": "Feature", "properties": { "cell_id": 86, "education": 0.45465735208950186, "health": 0.8300513315489485, "green": 0.95203978611770335, "groceries": 0.88750978210446896, "transit": 0.85513701081005133, "culture": 0.75474534771820079, "services": 0.72491188981972776, "livability": 0.77986464288694313 }, "geometry": { "type": "Polygon", "coordinates": [ [ [ 26.0066745, 44.494246600000082 ], [ 26.0066745, 44.499246600000085 ], [ 26.0016745, 44.499246600000085 ], [ 26.0016745, 44.494246600000082 ], [ 26.0066745, 44.494246600000082 ] ] ] } },
{ "type": "Feature", "properties": { "cell_id": 87, "education": 0.74945357254618872, "health": 0.8533604628596998, "green": 0.70128687985871929, "groceries": 0.82469209554355394, "transit": 0.78477847209674312, "culture": 0.80848331708982923, "services": 0.78482796152778489, "livability": 0.78669753736035974 }, "geometry": { "type": "Polygon", "coordinates": [ [ [ 26.0116745, 44.404246600000036 ], [ 26.0116745, 44.409246600000039 ], [ 26.0066745, 44.409246600000039 ], [ 26.0066745, 44.404246600000036 ], [ 26.0116745, 44.404246600000036 ] ] ] } },
{ "type": "Feature", "properties": { "cell_id": 88, "education": 0.82229624744717289, "health": 0.93617761170576697, "green": 0.7914827951620842, "groceries": 0.93126739106560652, "transit": 0.93590123082464516, "culture": 0.8627357507318002, "services": 0.83747458714863166, "livability": 0.87390508772652953 }, "geometry": { "type": "Polygon", "coordinates": [ [ [ 26.0116745, 44.409246600000039 ], [ 26.0116745, 44.414246600000041 ], [ 26.0066745, 44.414246600000041 ], [ 26.0066745, 44.409246600000039 ], [ 26.0116745, 44.409246600000039 ] ] ] } },
{ "type": "Feature", "properties": { "cell_id": 89, "education": 0.83895901062735756, "health": 0.93416785493321908, "green": 0.8380768756353778, "groceries": 0.91363466129258086, "transit": 0.74712491922206015, "culture": 0.90652090655178741, "services": 0.83756379330459962, "livability": 0.85943543165242609 }, "geometry": { "type": "Polygon", "coordinates": [ [ [ 26.0116745, 44.414246600000041 ], [ 26.0116745, 44.419246600000044 ], [ 26.0066745, 44.419246600000044 ], [ 26.0066745, 44.414246600000041 ], [ 26.0116745, 44.414246600000041 ] ] ] } },
{ "type": "Feature", "properties": { "cell_id": 90, "education": 0.88185500674993744, "health": 0.91353671256723257, "green": 0.90315317388010163, "groceries": 0.91633073547501731, "transit": 0.84332088366171232, "culture": 0.92729983700374774, "services": 0.92764543255631249, "livability": 0.90187739741343731 }, "geometry": { "type": "Polygon", "coordinates": [ [ [ 26.0116745, 44.419246600000044 ], [ 26.0116745, 44.424246600000046 ], [ 26.0066745, 44.424246600000046 ], [ 26.0066745, 44.419246600000044 ], [ 26.0116745, 44.419246600000044 ] ] ] } },
{ "type": "Feature", "properties": { "cell_id": 91, "education": 0.89665695154165526, "health": 0.93016059303265608, "green": 0.87495262378524763, "groceries": 0.87632400814200018, "transit": 0.90854732932964932, "culture": 0.91323574350566283, "services": 0.89073428411492572, "livability": 0.89865879049311381 }, "geometry": { "type": "Polygon", "coordinates": [ [ [ 26.0116745, 44.424246600000046 ], [ 26.0116745, 44.429246600000049 ], [ 26.0066745, 44.429246600000049 ], [ 26.0066745, 44.424246600000046 ], [ 26.0116745, 44.424246600000046 ] ] ] } },
{ "type": "Feature", "properties": { "cell_id": 92, "education": 0.83869793425326944, "health": 0.90857707908986807, "green": 0.93900349106498726, "groceries": 0.96701478578055999, "transit": 0.78851308762152461, "culture": 0.89576497519774323, "services": 0.91672402750177273, "livability": 0.89347076864424646 }, "geometry": { "type": "Polygon", "coordinates": [ [ [ 26.0116745, 44.429246600000049 ], [ 26.0116745, 44.434246600000051 ], [ 26.0066745, 44.434246600000051 ], [ 26.0066745, 44.429246600000049 ], [ 26.0116745, 44.429246600000049 ] ] ] } },
{ "type": "Feature", "properties": { "cell_id": 93, "education": 0.89536065551325805, "health": 0.94624733448775311, "green": 0.91944277135935393, "groceries": 0.98197076441055586, "transit": 0.9359450402914975, "culture": 0.96328142998686417, "services": 0.95304568705626425, "livability": 0.94218481187222092 }, "geometry": { "type": "Polygon", "coordinates": [ [ [ 26.0116745, 44.434246600000051 ], [ 26.0116745, 44.439246600000054 ], [ 26.0066745, 44.439246600000054 ], [ 26.0066745, 44.434246600000051 ], [ 26.0116745, 44.434246600000051 ] ] ] } },
{ "type": "Feature", "properties": { "cell_id": 94, "education": 0.92427823368950257, "health": 0.90809542933175624, "green": 0.89391861598493461, "groceries": 0.89974577811209289, "transit": 0.90652676789304776, "culture": 0.93645918362644698, "services": 0.88089007018516907, "livability": 0.90713058268899283 }, "geometry": { "type": "Polygon", "coordinates": [ [ [ 26.0116745, 44.439246600000054 ], [ 26.0116745, 44.444246600000056 ], [ 26.0066745, 44.444246600000056 ], [ 26.0066745, 44.439246600000054 ], [ 26.0116745, 44.439246600000054 ] ] ] } },
{ "type": "Feature", "properties": { "cell_id": 95, "education": 0.68517405016093114, "health": 0.65079965256110472, "green": 0.62037432471664888, "groceries": 0.90278013175606875, "transit": 0.82625678616938236, "culture": 0.62708667236882609, "services": 0.56830179241619794, "livability": 0.69725334430702279 }, "geometry": { "type": "Polygon", "coordinates": [ [ [ 26.0116745, 44.459246600000064 ], [ 26.0116745, 44.464246600000067 ], [ 26.0066745, 44.464246600000067 ], [ 26.0066745, 44.459246600000064 ], [ 26.0116745, 44.459246600000064 ] ] ] } },
{ "type": "Feature", "properties": { "cell_id": 96, "education": 0.76516474076340435, "health": 0.58866785521809817, "green": 0.70922016275295352, "groceries": 0.93722063439215464, "transit": 0.88780597073443079, "culture": 0.61824578234267258, "services": 0.50611324040123473, "livability": 0.71606262665784981 }, "geometry": { "type": "Polygon", "coordinates": [ [ [ 26.0116745, 44.464246600000067 ], [ 26.0116745, 44.469246600000069 ], [ 26.0066745, 44.469246600000069 ], [ 26.0066745, 44.464246600000067 ], [ 26.0116745, 44.464246600000067 ] ] ] } },
{ "type": "Feature", "properties": { "cell_id": 97, "education": 0.84928065655314855, "health": 0.58756779563265926, "green": 0.81337493228262403, "groceries": 0.96158871348772323, "transit": 0.9178031122070176, "culture": 0.61867792616899508, "services": 0.59508948442331533, "livability": 0.76334037439364044 }, "geometry": { "type": "Polygon", "coordinates": [ [ [ 26.0116745, 44.469246600000069 ], [ 26.0116745, 44.474246600000072 ], [ 26.0066745, 44.474246600000072 ], [ 26.0066745, 44.469246600000069 ], [ 26.0116745, 44.469246600000069 ] ] ] } },
{ "type": "Feature", "properties": { "cell_id": 98, "education": 0.69027844666280291, "health": 0.57164691759061137, "green": 0.70739392066744045, "groceries": 0.85838708603795721, "transit": 0.89491407711517224, "culture": 0.62776088476334513, "services": 0.60917990329524074, "livability": 0.70850874801893848 }, "geometry": { "type": "Polygon", "coordinates": [ [ [ 26.0116745, 44.474246600000072 ], [ 26.0116745, 44.479246600000074 ], [ 26.0066745, 44.479246600000074 ], [ 26.0066745, 44.474246600000072 ], [ 26.0116745, 44.474246600000072 ] ] ] } },
{ "type": "Feature", "properties": { "cell_id": 99, "education": 0.66796561436564705, "health": 0.69169263076671827, "green": 0.58683488500236214, "groceries": 0.83658115958492762, "transit": 0.86738195865719592, "culture": 0.78557528671275589, "services": 0.76232318515865349, "livability": 0.74262210289260866 }, "geometry": { "type": "Polygon", "coordinates": [ [ [ 26.0116745, 44.479246600000074 ], [ 26.0116745, 44.484246600000077 ], [ 26.0066745, 44.484246600000077 ], [ 26.0066745, 44.479246600000074 ], [ 26.0116745, 44.479246600000074 ] ] ] } },
{ "type": "Feature", "properties": { "cell_id": 100, "education": 0.6492281669029959, "health": 0.81030739909499683, "green": 0.69258552061975553, "groceries": 0.88195883009844767, "transit": 0.70214607089539549, "culture": 0.80905036772007066, "services": 0.77760954530626925, "livability": 0.76041227151970436 }, "geometry": { "type": "Polygon", "coordinates": [ [ [ 26.0116745, 44.484246600000077 ], [ 26.0116745, 44.489246600000079 ], [ 26.0066745, 44.489246600000079 ], [ 26.0066745, 44.484246600000077 ], [ 26.0116745, 44.484246600000077 ] ] ] } },
{ "type": "Feature", "properties": { "cell_id": 101, "education": 0.63665375317245498, "health": 0.88402595644523763, "green": 0.82073411720234768, "groceries": 0.93194181179022639, "transit": 0.89573807953180051, "culture": 0.89029429188110998, "services": 0.85644874517518976, "livability": 0.84511953645690951 }, "geometry": { "type": "Polygon", "coordinates": [ [ [ 26.0116745, 44.489246600000079 ], [ 26.0116745, 44.494246600000082 ], [ 26.0066745, 44.494246600000082 ], [ 26.0066745, 44.489246600000079 ], [ 26.0116745, 44.489246600000079 ] ] ] } },
{ "type": "Feature", "properties": { "cell_id": 102, "education": 0.48370221446965589, "health": 0.87231444277662784, "green": 0.79079242366388447, "groceries": 0.88289750911583664, "transit": 0.83231679278785009, "culture": 0.77637764597003511, "services": 0.74590389756814623, "livability": 0.76918641805029087 }, "geometry": { "type": "Polygon", "coordinates": [ [ [ 26.0116745, 44.494246600000082 ], [ 26.0116745, 44.499246600000085 ], [ 26.0066745, 44.499246600000085 ], [ 26.0066745, 44.494246600000082 ], [ 26.0116745, 44.494246600000082 ] ] ] } },
{ "type": "Feature", "properties": { "cell_id": 103, "education": 0.67116182538468827, "health": 0.93302703894721994, "green": 0.64042285693191858, "groceries": 0.75817220263869256, "transit": 0.60941816121414938, "culture": 0.68593103413113321, "services": 0.7200245052550982, "livability": 0.71687966064327147 }, "geometry": { "type": "Polygon", "coordinates": [ [ [ 26.0116745, 44.499246600000085 ], [ 26.0116745, 44.504246600000087 ], [ 26.0066745, 44.504246600000087 ], [ 26.0066745, 44.499246600000085 ], [ 26.0116745, 44.499246600000085 ] ] ] } },
{ "type": "Feature", "properties": { "cell_id": 104, "education": 0.79164030019087905, "health": 0.85160748186703572, "green": 0.66504336343612058, "groceries": 0.82884221884984244, "transit": 0.58947026471181685, "culture": 0.61559248128932875, "services": 0.79427517091774691, "livability": 0.73378161160896715 }, "geometry": { "type": "Polygon", "coordinates": [ [ [ 26.0116745, 44.504246600000087 ], [ 26.0116745, 44.50924660000009 ], [ 26.0066745, 44.50924660000009 ], [ 26.0066745, 44.504246600000087 ], [ 26.0116745, 44.504246600000087 ] ] ] } },
{ "type": "Feature", "properties": { "cell_id": 105, "education": 0.82681833019820883, "health": 0.8282632931055931, "green": 0.73470521767566188, "groceries": 0.9141345343379943, "transit": 0.74189755427350068, "culture": 0.59965033576300963, "services": 0.81974629309661051, "livability": 0.78074507977865404 }, "geometry": { "type": "Polygon", "coordinates": [ [ [ 26.0116745, 44.50924660000009 ], [ 26.0116745, 44.514246600000092 ], [ 26.0066745, 44.514246600000092 ], [ 26.0066745, 44.50924660000009 ], [ 26.0116745, 44.50924660000009 ] ] ] } },
{ "type": "Feature", "properties": { "cell_id": 106, "education": 0.7532987312067525, "health": 0.87793533388437761, "green": 0.70305859275053173, "groceries": 0.81449043412787381, "transit": 0.93260827744219721, "culture": 0.8188196692335632, "services": 0.83126378170662296, "livability": 0.81878211719313121 }, "geometry": { "type": "Polygon", "coordinates": [ [ [ 26.0166745, 44.404246600000036 ], [ 26.0166745, 44.409246600000039 ], [ 26.0116745, 44.409246600000039 ], [ 26.0116745, 44.404246600000036 ], [ 26.0166745, 44.404246600000036 ] ] ] } },
{ "type": "Feature", "properties": { "cell_id": 107, "education": 0.92796076158935592, "health": 0.97399592318490447, "green": 0.92231966491040773, "groceries": 0.99197039503734108, "transit": 0.93276250070038413, "culture": 0.94143353399692897, "services": 0.91384300888786429, "livability": 0.94346939832959809 }, "geometry": { "type": "Polygon", "coordinates": [ [ [ 26.0166745, 44.409246600000039 ], [ 26.0166745, 44.414246600000041 ], [ 26.0116745, 44.414246600000041 ], [ 26.0116745, 44.409246600000039 ], [ 26.0166745, 44.409246600000039 ] ] ] } },
{ "type": "Feature", "properties": { "cell_id": 108, "education": 0.94458459342095891, "health": 0.99445019753444519, "green": 0.9485284297527965, "groceries": 0.98709369129406255, "transit": 0.91085153493975712, "culture": 0.98518969417104796, "services": 0.91390407763486858, "livability": 0.95494317410684804 }, "geometry": { "type": "Polygon", "coordinates": [ [ [ 26.0166745, 44.414246600000041 ], [ 26.0166745, 44.419246600000044 ], [ 26.0116745, 44.419246600000044 ], [ 26.0116745, 44.414246600000041 ], [ 26.0166745, 44.414246600000041 ] ] ] } },
{ "type": "Feature", "properties": { "cell_id": 109, "education": 0.93298152534382006, "health": 0.95508597931476302, "green": 0.91701577856570682, "groceries": 0.86652112335330123, "transit": 0.97165055302587888, "culture": 0.94970777730890565, "services": 0.94796786048760506, "livability": 0.93441865677142566 }, "geometry": { "type": "Polygon", "coordinates": [ [ [ 26.0166745, 44.419246600000044 ], [ 26.0166745, 44.424246600000046 ], [ 26.0116745, 44.424246600000046 ], [ 26.0116745, 44.419246600000044 ], [ 26.0166745, 44.419246600000044 ] ] ] } },
{ "type": "Feature", "properties": { "cell_id": 110, "education": 1.0, "health": 0.96969055468536525, "green": 0.96402441313815768, "groceries": 0.97147330535883292, "transit": 0.95892599542647738, "culture": 0.96700483698744422, "services": 0.88726972424835127, "livability": 0.95976983283494688 }, "geometry": { "type": "Polygon", "coordinates": [ [ [ 26.0166745, 44.424246600000046 ], [ 26.0166745, 44.429246600000049 ], [ 26.0116745, 44.429246600000049 ], [ 26.0116745, 44.424246600000046 ], [ 26.0166745, 44.424246600000046 ] ] ] } },
{ "type": "Feature", "properties": { "cell_id": 111, "education": 0.97727949807027781, "health": 0.99614510157434988, "green": 0.9756492706335016, "groceries": 1.0, "transit": 0.88774682908400482, "culture": 0.95581707236208957, "services": 0.94134564780049046, "livability": 0.9619976313606734 }, "geometry": { "type": "Polygon", "coordinates": [ [ [ 26.0166745, 44.429246600000049 ], [ 26.0166745, 44.434246600000051 ], [ 26.0116745, 44.434246600000051 ], [ 26.0116745, 44.429246600000049 ], [ 26.0166745, 44.429246600000049 ] ] ] } },
{ "type": "Feature", "properties": { "cell_id": 112, "education": 1.0, "health": 0.95150908138334567, "green": 0.97284632506538704, "groceries": 0.92483852387467735, "transit": 0.88173150081474438, "culture": 0.96434932327401202, "services": 0.9287742023171599, "livability": 0.94629270810418953 }, "geometry": { "type": "Polygon", "coordinates": [ [ [ 26.0166745, 44.434246600000051 ], [ 26.0166745, 44.439246600000054 ], [ 26.0116745, 44.439246600000054 ], [ 26.0116745, 44.434246600000051 ], [ 26.0166745, 44.434246600000051 ] ] ] } },
{ "type": "Feature", "properties": { "cell_id": 113, "education": 0.89342216457445256, "health": 0.95706965720133963, "green": 0.95474854547847132, "groceries": 0.93475598214656663, "transit": 0.89644969263621921, "culture": 0.96585904879340378, "services": 0.95339658884234846, "livability": 0.93652881138182886 }, "geometry": { "type": "Polygon", "coordinates": [ [ [ 26.0166745, 44.439246600000054 ], [ 26.0166745, 44.444246600000056 ], [ 26.0116745, 44.444246600000056 ], [ 26.0116745, 44.439246600000054 ], [ 26.0166745, 44.439246600000054 ] ] ] } },
{ "type": "Feature", "properties": { "cell_id": 114, "education": 0.56514769589259906, "health": 0.65416255228720821, "green": 0.62602497136909485, "groceries": 0.61723188977804611, "transit": 0.34956170666019615, "culture": 0.63079286494949027, "services": 0.57479010024887534, "livability": 0.57395882588364433 }, "geometry": { "type": "Polygon", "coordinates": [ [ [ 26.0166745, 44.449246600000059 ], [ 26.0166745, 44.454246600000062 ], [ 26.0116745, 44.454246600000062 ], [ 26.0116745, 44.449246600000059 ], [ 26.0166745, 44.449246600000059 ] ] ] } },
{ "type": "Feature", "properties": { "cell_id": 115, "education": 0.62626657955273579, "health": 0.69060942084833377, "green": 0.68456004024908457, "groceries": 0.84227865276592029, "transit": 0.7181336052689582, "culture": 0.67096031710430082, "services": 0.61087682903582086, "livability": 0.69195506354645042 }, "geometry": { "type": "Polygon", "coordinates": [ [ [ 26.0166745, 44.459246600000064 ], [ 26.0166745, 44.464246600000067 ], [ 26.0116745, 44.464246600000067 ], [ 26.0116745, 44.459246600000064 ], [ 26.0166745, 44.459246600000064 ] ] ] } },
{ "type": "Feature", "properties": { "cell_id": 116, "education": 0.72791729160539709, "health": 0.66356867907991313, "green": 0.7578424948501965, "groceries": 0.98159319254773225, "transit": 0.92523805695269701, "culture": 0.70243716173874138, "services": 0.56668849844288216, "livability": 0.76075505360250839 }, "geometry": { "type": "Polygon", "coordinates": [ [ [ 26.0166745, 44.464246600000067 ], [ 26.0166745, 44.469246600000069 ], [ 26.0116745, 44.469246600000069 ], [ 26.0116745, 44.464246600000067 ], [ 26.0166745, 44.464246600000067 ] ] ] } },
{ "type": "Feature", "properties": { "cell_id": 117, "education": 0.7730324793664114, "health": 0.63753046744912001, "green": 0.802020997666411, "groceries": 0.91171308357939329, "transit": 0.77785150046454643, "culture": 0.67374090713122592, "services": 0.54231262561601379, "livability": 0.73117172303901734 }, "geometry": { "type": "Polygon", "coordinates": [ [ [ 26.0166745, 44.469246600000069 ], [ 26.0166745, 44.474246600000072 ], [ 26.0116745, 44.474246600000072 ], [ 26.0116745, 44.469246600000069 ], [ 26.0166745, 44.469246600000069 ] ] ] } },
{ "type": "Feature", "properties": { "cell_id": 118, "education": 0.69217965509939205, "health": 0.65679731834404709, "green": 0.79079427823656023, "groceries": 0.98494916474038086, "transit": 0.97795910309729828, "culture": 0.74711777726131778, "services": 0.72500397260938054, "livability": 0.79640018134119672 }, "geometry": { "type": "Polygon", "coordinates": [ [ [ 26.0166745, 44.474246600000072 ], [ 26.0166745, 44.479246600000074 ], [ 26.0116745, 44.479246600000074 ], [ 26.0116745, 44.474246600000072 ], [ 26.0166745, 44.474246600000072 ] ] ] } },
{ "type": "Feature", "properties": { "cell_id": 119, "education": 0.77341287072345732, "health": 0.7629540649920824, "green": 0.70875110457377233, "groceries": 0.84794422643783052, "transit": 0.69916287852030923, "culture": 0.86411125873816963, "services": 0.83853458507993883, "livability": 0.78498156986650858 }, "geometry": { "type": "Polygon", "coordinates": [ [ [ 26.0166745, 44.479246600000074 ], [ 26.0166745, 44.484246600000077 ], [ 26.0116745, 44.484246600000077 ], [ 26.0116745, 44.479246600000074 ], [ 26.0166745, 44.479246600000074 ] ] ] } },
{ "type": "Feature", "properties": { "cell_id": 120, "education": 0.71838930612338125, "health": 0.85224309210300575, "green": 0.92177586360247288, "groceries": 0.97245214365224553, "transit": 0.85713131892939409, "culture": 0.87003065863262408, "services": 0.82708110458382778, "livability": 0.85987192680385005 }, "geometry": { "type": "Polygon", "coordinates": [ [ [ 26.0166745, 44.484246600000077 ], [ 26.0166745, 44.489246600000079 ], [ 26.0116745, 44.489246600000079 ], [ 26.0116745, 44.484246600000077 ], [ 26.0166745, 44.484246600000077 ] ] ] } },
{ "type": "Feature", "properties": { "cell_id": 121, "education": 0.74057391607101486, "health": 0.96086395021234894, "green": 0.90197127747199557, "groceries": 0.95288237243415386, "transit": 0.75367521038499852, "culture": 0.96004405572305773, "services": 0.93862406392635589, "livability": 0.88694783517484632 }, "geometry": { "type": "Polygon", "coordinates": [ [ [ 26.0166745, 44.489246600000079 ], [ 26.0166745, 44.494246600000082 ], [ 26.0116745, 44.494246600000082 ], [ 26.0116745, 44.489246600000079 ], [ 26.0166745, 44.489246600000079 ] ] ] } },
{ "type": "Feature", "properties": { "cell_id": 122, "education": 0.77904598334730168, "health": 0.88950217256169561, "green": 0.75191457882496016, "groceries": 0.83547560678728439, "transit": 0.60517339945402693, "culture": 0.85077774526074168, "services": 0.82986834554102873, "livability": 0.79167969025386276 }, "geometry": { "type": "Polygon", "coordinates": [ [ [ 26.0166745, 44.494246600000082 ], [ 26.0166745, 44.499246600000085 ], [ 26.0116745, 44.499246600000085 ], [ 26.0116745, 44.494246600000082 ], [ 26.0166745, 44.494246600000082 ] ] ] } },
{ "type": "Feature", "properties": { "cell_id": 123, "education": 0.77366550353375718, "health": 0.85974826567362095, "green": 0.64278644825439857, "groceries": 0.79545769656495702, "transit": 0.65196269183774103, "culture": 0.66946434379432118, "services": 0.81959172962803684, "livability": 0.74466809704097603 }, "geometry": { "type": "Polygon", "coordinates": [ [ [ 26.0166745, 44.499246600000085 ], [ 26.0166745, 44.504246600000087 ], [ 26.0116745, 44.504246600000087 ], [ 26.0116745, 44.499246600000085 ], [ 26.0166745, 44.499246600000085 ] ] ] } },
{ "type": "Feature", "properties": { "cell_id": 124, "education": 0.82719962727720087, "health": 0.89399575351674865, "green": 0.70907395482341196, "groceries": 0.85044042845752899, "transit": 0.70893601607626366, "culture": 0.69003833496081668, "services": 0.85621811837089723, "livability": 0.79084317621183831 }, "geometry": { "type": "Polygon", "coordinates": [ [ [ 26.0166745, 44.504246600000087 ], [ 26.0166745, 44.50924660000009 ], [ 26.0116745, 44.50924660000009 ], [ 26.0116745, 44.504246600000087 ], [ 26.0166745, 44.504246600000087 ] ] ] } },
{ "type": "Feature", "properties": { "cell_id": 125, "education": 0.89580306795794928, "health": 0.87488329558094091, "green": 0.81999653757003144, "groceries": 0.98498596657774817, "transit": 0.8685173056081823, "culture": 0.6510294196956965, "services": 0.86960461676918444, "livability": 0.85211717282281885 }, "geometry": { "type": "Polygon", "coordinates": [ [ [ 26.0166745, 44.50924660000009 ], [ 26.0166745, 44.514246600000092 ], [ 26.0116745, 44.514246600000092 ], [ 26.0116745, 44.50924660000009 ], [ 26.0166745, 44.50924660000009 ] ] ] } },
{ "type": "Feature", "properties": { "cell_id": 126, "education": 0.69152970720453011, "health": 0.90974534327614665, "green": 0.79475841877131348, "groceries": 0.86283416225527243, "transit": 0.88379298644158222, "culture": 0.74472318558052775, "services": 0.75936046654022837, "livability": 0.80667775286708587 }, "geometry": { "type": "Polygon", "coordinates": [ [ [ 26.021674499999989, 44.399246600000033 ], [ 26.021674499999989, 44.404246600000036 ], [ 26.0166745, 44.404246600000036 ], [ 26.0166745, 44.399246600000033 ], [ 26.021674499999989, 44.399246600000033 ] ] ] } },
{ "type": "Feature", "properties": { "cell_id": 127, "education": 0.7744995641432737, "health": 0.8922628926470475, "green": 0.7293100797326143, "groceries": 0.83626495160824488, "transit": 0.90610368130396823, "culture": 0.83460981949378632, "services": 0.84658656215059136, "livability": 0.83137679301136092 }, "geometry": { "type": "Polygon", "coordinates": [ [ [ 26.021674499999989, 44.404246600000036 ], [ 26.021674499999989, 44.409246600000039 ], [ 26.0166745, 44.409246600000039 ], [ 26.0166745, 44.404246600000036 ], [ 26.021674499999989, 44.404246600000036 ] ] ] } },
{ "type": "Feature", "properties": { "cell_id": 128, "education": 0.97042035027691587, "health": 0.9910014487149027, "green": 0.94451599622500204, "groceries": 1.0, "transit": 0.97824833871928896, "culture": 1.0, "services": 0.97067597660222671, "livability": 0.97926601579119088 }, "geometry": { "type": "Polygon", "coordinates": [ [ [ 26.021674499999989, 44.409246600000039 ], [ 26.021674499999989, 44.414246600000041 ], [ 26.0166745, 44.414246600000041 ], [ 26.0166745, 44.409246600000039 ], [ 26.021674499999989, 44.409246600000039 ] ] ] } },
{ "type": "Feature", "properties": { "cell_id": 129, "education": 0.92519277925358534, "health": 0.97975149952699203, "green": 0.95118633953951992, "groceries": 0.98225156079545672, "transit": 0.93731784424149545, "culture": 0.93238470257258987, "services": 0.97531801178442057, "livability": 0.95477181967343694 }, "geometry": { "type": "Polygon", "coordinates": [ [ [ 26.021674499999989, 44.414246600000041 ], [ 26.021674499999989, 44.419246600000044 ], [ 26.0166745, 44.419246600000044 ], [ 26.0166745, 44.414246600000041 ], [ 26.021674499999989, 44.414246600000041 ] ] ] } },
{ "type": "Feature", "properties": { "cell_id": 130, "education": 0.95627539921871896, "health": 0.95466276692122043, "green": 0.90104709120802007, "groceries": 0.93109807535686695, "transit": 0.87163019389207852, "culture": 0.94858658251448402, "services": 0.9451917622835887, "livability": 0.92978455305642538 }, "geometry": { "type": "Polygon", "coordinates": [ [ [ 26.021674499999989, 44.419246600000044 ], [ 26.021674499999989, 44.424246600000046 ], [ 26.0166745, 44.424246600000046 ], [ 26.0166745, 44.419246600000044 ], [ 26.021674499999989, 44.419246600000044 ] ] ] } },
{ "type": "Feature", "properties": { "cell_id": 131, "education": 0.87919492941684307, "health": 0.92379714651318368, "green": 0.91289166650657716, "groceries": 0.92281909554305674, "transit": 0.85076253626189846, "culture": 0.89941281720971422, "services": 0.87050136659632238, "livability": 0.89419707972108498 }, "geometry": { "type": "Polygon", "coordinates": [ [ [ 26.021674499999989, 44.424246600000046 ], [ 26.021674499999989, 44.429246600000049 ], [ 26.0166745, 44.429246600000049 ], [ 26.0166745, 44.424246600000046 ], [ 26.021674499999989, 44.424246600000046 ] ] ] } },
{ "type": "Feature", "properties": { "cell_id": 132, "education": 1.0, "health": 0.99539642480482848, "green": 0.96698004902643242, "groceries": 0.96916937173141737, "transit": 0.98749670708895043, "culture": 0.94585537403040476, "services": 0.96207405445115957, "livability": 0.97528171159045618 }, "geometry": { "type": "Polygon", "coordinates": [ [ [ 26.021674499999989, 44.429246600000049 ], [ 26.021674499999989, 44.434246600000051 ], [ 26.0166745, 44.434246600000051 ], [ 26.0166745, 44.429246600000049 ], [ 26.021674499999989, 44.429246600000049 ] ] ] } },
{ "type": "Feature", "properties": { "cell_id": 133, "education": 0.91308898143471429, "health": 0.94697136892955103, "green": 0.883186117419959, "groceries": 0.96737759962487735, "transit": 0.81574099332819205, "culture": 0.95435597597092725, "services": 0.9371855596605605, "livability": 0.91684379948125427 }, "geometry": { "type": "Polygon", "coordinates": [ [ [ 26.021674499999989, 44.434246600000051 ], [ 26.021674499999989, 44.439246600000054 ], [ 26.0166745, 44.439246600000054 ], [ 26.0166745, 44.434246600000051 ], [ 26.021674499999989, 44.434246600000051 ] ] ] } },
{ "type": "Feature", "properties": { "cell_id": 134, "education": 0.91979131375963696, "health": 0.96933514254926711, "green": 0.86780166729717556, "groceries": 0.9656751712775925, "transit": 0.96101060593464749, "culture": 0.93355441456650279, "services": 0.96893593841728698, "livability": 0.9408720362574442 }, "geometry": { "type": "Polygon", "coordinates": [ [ [ 26.021674499999989, 44.439246600000054 ], [ 26.021674499999989, 44.444246600000056 ], [ 26.0166745, 44.444246600000056 ], [ 26.0166745, 44.439246600000054 ], [ 26.021674499999989, 44.439246600000054 ] ] ] } },
{ "type": "Feature", "properties": { "cell_id": 135, "education": 0.90396995386123324, "health": 0.96933175049992948, "green": 0.7608391294125243, "groceries": 0.78652959218742557, "transit": 0.68385444857452604, "culture": 0.85225014520380193, "services": 0.83079071134969973, "livability": 0.82679510444130577 }, "geometry": { "type": "Polygon", "coordinates": [ [ [ 26.021674499999989, 44.449246600000059 ], [ 26.021674499999989, 44.454246600000062 ], [ 26.0166745, 44.454246600000062 ], [ 26.0166745, 44.449246600000059 ], [ 26.021674499999989, 44.449246600000059 ] ] ] } },
{ "type": "Feature", "properties": { "cell_id": 136, "education": 0.56632319524886476, "health": 0.65495695674069387, "green": 0.62748050880674422, "groceries": 0.61843919759268773, "transit": 0.35171930616724689, "culture": 0.63166836411133009, "services": 0.57563968566856216, "livability": 0.57517531633373287 }, "geometry": { "type": "Polygon", "coordinates": [ [ [ 26.021674499999989, 44.454246600000062 ], [ 26.021674499999989, 44.459246600000064 ], [ 26.0166745, 44.459246600000064 ], [ 26.0166745, 44.454246600000062 ], [ 26.021674499999989, 44.454246600000062 ] ] ] } },
{ "type": "Feature", "properties": { "cell_id": 137, "education": 0.69713063654020968, "health": 0.74335684684443404, "green": 0.78120583942617727, "groceries": 0.80493322728670047, "transit": 0.68500583148901983, "culture": 0.72909232661931345, "services": 0.66728819966153841, "livability": 0.72971612969534194 }, "geometry": { "type": "Polygon", "coordinates": [ [ [ 26.021674499999989, 44.459246600000064 ], [ 26.021674499999989, 44.464246600000067 ], [ 26.0166745, 44.464246600000067 ], [ 26.0166745, 44.459246600000064 ], [ 26.021674499999989, 44.459246600000064 ] ] ] } },
{ "type": "Feature", "properties": { "cell_id": 138, "education": 0.75025480160996527, "health": 0.71453554578313438, "green": 0.76026316816990902, "groceries": 0.91415390074611924, "transit": 0.88019588025529583, "culture": 0.75860684820573765, "services": 0.62119562846737864, "livability": 0.77131511046250567 }, "geometry": { "type": "Polygon", "coordinates": [ [ [ 26.021674499999989, 44.464246600000067 ], [ 26.021674499999989, 44.469246600000069 ], [ 26.0166745, 44.469246600000069 ], [ 26.0166745, 44.464246600000067 ], [ 26.021674499999989, 44.464246600000067 ] ] ] } },
{ "type": "Feature", "properties": { "cell_id": 139, "education": 0.77512920694781817, "health": 0.73134571098898493, "green": 1.0, "groceries": 0.97057049272072182, "transit": 0.93311710077273857, "culture": 0.7771330353180278, "services": 0.63917346230095529, "livability": 0.83235271557846369 }, "geometry": { "type": "Polygon", "coordinates": [ [ [ 26.021674499999989, 44.469246600000069 ], [ 26.021674499999989, 44.474246600000072 ], [ 26.0166745, 44.474246600000072 ], [ 26.0166745, 44.469246600000069 ], [ 26.021674499999989, 44.469246600000069 ] ] ] } },
{ "type": "Feature", "properties": { "cell_id": 140, "education": 0.62766574545318909, "health": 0.65781448346648419, "green": 0.78496378417488444, "groceries": 1.0, "transit": 0.82004560721191722, "culture": 0.74823877703446739, "services": 0.72609179211195873, "livability": 0.76640288420755731 }, "geometry": { "type": "Polygon", "coordinates": [ [ [ 26.021674499999989, 44.474246600000072 ], [ 26.021674499999989, 44.479246600000074 ], [ 26.0166745, 44.479246600000074 ], [ 26.0166745, 44.474246600000072 ], [ 26.021674499999989, 44.474246600000072 ] ] ] } },
{ "type": "Feature", "properties": { "cell_id": 141, "education": 0.8582358201355933, "health": 0.8188026746341549, "green": 0.80653612973043887, "groceries": 0.93282096971625861, "transit": 0.85485326904473258, "culture": 0.92566102814972751, "services": 0.89826255394201948, "livability": 0.87073892076470361 }, "geometry": { "type": "Polygon", "coordinates": [ [ [ 26.021674499999989, 44.479246600000074 ], [ 26.021674499999989, 44.484246600000077 ], [ 26.0166745, 44.484246600000077 ], [ 26.0166745, 44.479246600000074 ], [ 26.021674499999989, 44.479246600000074 ] ] ] } },
{ "type": "Feature", "properties": { "cell_id": 142, "education": 0.8252475754070876, "health": 0.86110577001836119, "green": 0.92934699948541766, "groceries": 0.95510574840464479, "transit": 0.94865793247859953, "culture": 0.94548897936773146, "services": 0.90419805958618726, "livability": 0.90987872353543275 }, "geometry": { "type": "Polygon", "coordinates": [ [ [ 26.021674499999989, 44.484246600000077 ], [ 26.021674499999989, 44.489246600000079 ], [ 26.0166745, 44.489246600000079 ], [ 26.0166745, 44.484246600000077 ], [ 26.021674499999989, 44.484246600000077 ] ] ] } },
{ "type": "Feature", "properties": { "cell_id": 143, "education": 0.84368416621464204, "health": 0.93064781814311726, "green": 0.88722739899578318, "groceries": 0.95364305406020922, "transit": 0.79100057960134951, "culture": 0.88291856895695653, "services": 0.86105783878011566, "livability": 0.87859706067888199 }, "geometry": { "type": "Polygon", "coordinates": [ [ [ 26.021674499999989, 44.489246600000079 ], [ 26.021674499999989, 44.494246600000082 ], [ 26.0166745, 44.494246600000082 ], [ 26.0166745, 44.489246600000079 ], [ 26.021674499999989, 44.489246600000079 ] ] ] } },
{ "type": "Feature", "properties": { "cell_id": 144, "education": 0.91407079873901875, "health": 0.91677177044698954, "green": 0.77568415847194583, "groceries": 0.93039378936393735, "transit": 0.72545237535033946, "culture": 0.84402660044157563, "services": 0.82734270462106485, "livability": 0.84767745677641015 }, "geometry": { "type": "Polygon", "coordinates": [ [ [ 26.021674499999989, 44.494246600000082 ], [ 26.021674499999989, 44.499246600000085 ], [ 26.0166745, 44.499246600000085 ], [ 26.0166745, 44.494246600000082 ], [ 26.021674499999989, 44.494246600000082 ] ] ] } },
{ "type": "Feature", "properties": { "cell_id": 145, "education": 0.6719806067232541, "health": 0.93012053618898749, "green": 0.88564285312616575, "groceries": 0.82356293090411115, "transit": 0.85040910698634764, "culture": 0.9312146952399033, "services": 0.77139495811441972, "livability": 0.83776081246902701 }, "geometry": { "type": "Polygon", "coordinates": [ [ [ 26.021674499999989, 44.499246600000085 ], [ 26.021674499999989, 44.504246600000087 ], [ 26.0166745, 44.504246600000087 ], [ 26.0166745, 44.499246600000085 ], [ 26.021674499999989, 44.499246600000085 ] ] ] } },
{ "type": "Feature", "properties": { "cell_id": 146, "education": 0.80318041456464251, "health": 0.92171089601381051, "green": 0.7556662750138734, "groceries": 0.8478289014653404, "transit": 0.85209937714955641, "culture": 0.78751710144994402, "services": 0.88585841163301626, "livability": 0.83626591104145476 }, "geometry": { "type": "Polygon", "coordinates": [ [ [ 26.021674499999989, 44.504246600000087 ], [ 26.021674499999989, 44.50924660000009 ], [ 26.0166745, 44.50924660000009 ], [ 26.0166745, 44.504246600000087 ], [ 26.021674499999989, 44.504246600000087 ] ] ] } },
{ "type": "Feature", "properties": { "cell_id": 147, "education": 0.95143813460978288, "health": 0.97807456048082486, "green": 0.93928309542440003, "groceries": 0.98179835953993766, "transit": 0.97151128775291773, "culture": 0.76475469594841339, "services": 0.9799637590339525, "livability": 0.93811769897003272 }, "geometry": { "type": "Polygon", "coordinates": [ [ [ 26.021674499999989, 44.50924660000009 ], [ 26.021674499999989, 44.514246600000092 ], [ 26.0166745, 44.514246600000092 ], [ 26.0166745, 44.50924660000009 ], [ 26.021674499999989, 44.50924660000009 ] ] ] } },
{ "type": "Feature", "properties": { "cell_id": 148, "education": 0.83696911955123654, "health": 0.87676297089822575, "green": 0.8750900354685498, "groceries": 0.99041781231067316, "transit": 0.86387545957714251, "culture": 0.65310097676916601, "services": 0.87161485819759488, "livability": 0.85254731896751257 }, "geometry": { "type": "Polygon", "coordinates": [ [ [ 26.021674499999989, 44.514246600000092 ], [ 26.021674499999989, 44.519246600000095 ], [ 26.0166745, 44.519246600000095 ], [ 26.0166745, 44.514246600000092 ], [ 26.021674499999989, 44.514246600000092 ] ] ] } },
{ "type": "Feature", "properties": { "cell_id": 149, "education": 0.45519113998721827, "health": 0.71288466099900671, "green": 0.47393657852035487, "groceries": 0.80982887720593366, "transit": 0.73056080314117522, "culture": 0.80555001742580934, "services": 0.8236628933404353, "livability": 0.68737356723141896 }, "geometry": { "type": "Polygon", "coordinates": [ [ [ 26.026674499999988, 44.394246600000031 ], [ 26.026674499999988, 44.399246600000033 ], [ 26.021674499999989, 44.399246600000033 ], [ 26.021674499999989, 44.394246600000031 ], [ 26.026674499999988, 44.394246600000031 ] ] ] } },
{ "type": "Feature", "properties": { "cell_id": 150, "education": 0.71657740928710423, "health": 0.92667262271523532, "green": 0.82577321083729305, "groceries": 0.88855964334713122, "transit": 0.92976741371630078, "culture": 0.76337844222734752, "services": 0.77746354960240693, "livability": 0.83259889881897409 }, "geometry": { "type": "Polygon", "coordinates": [ [ [ 26.026674499999988, 44.399246600000033 ], [ 26.026674499999988, 44.404246600000036 ], [ 26.021674499999989, 44.404246600000036 ], [ 26.021674499999989, 44.399246600000033 ], [ 26.026674499999988, 44.399246600000033 ] ] ] } },
{ "type": "Feature", "properties": { "cell_id": 151, "education": 0.8200455486898901, "health": 0.97300714126286425, "green": 0.91066904205477262, "groceries": 0.95897720720236501, "transit": 0.88031941841936157, "culture": 0.84044038942571975, "services": 0.85224455409226874, "livability": 0.89081475730674886 }, "geometry": { "type": "Polygon", "coordinates": [ [ [ 26.026674499999988, 44.404246600000036 ], [ 26.026674499999988, 44.409246600000039 ], [ 26.021674499999989, 44.409246600000039 ], [ 26.021674499999989, 44.404246600000036 ], [ 26.026674499999988, 44.404246600000036 ] ] ] } },
{ "type": "Feature", "properties": { "cell_id": 152, "education": 0.92806815307044543, "health": 0.9114413976844602, "green": 0.83579110608391671, "groceries": 0.91048291761406885, "transit": 0.89367405503510466, "culture": 0.89849955865165365, "services": 0.90858524041551714, "livability": 0.89807748979359514 }, "geometry": { "type": "Polygon", "coordinates": [ [ [ 26.026674499999988, 44.409246600000039 ], [ 26.026674499999988, 44.414246600000041 ], [ 26.021674499999989, 44.414246600000041 ], [ 26.021674499999989, 44.409246600000039 ], [ 26.026674499999988, 44.409246600000039 ] ] ] } },
{ "type": "Feature", "properties": { "cell_id": 153, "education": 0.99282778552771644, "health": 0.98932355851483744, "green": 0.98436952097760189, "groceries": 0.97021382569151604, "transit": 0.94202799303942686, "culture": 0.95879696284768012, "services": 0.95791938127302712, "livability": 0.9707827182674007 }, "geometry": { "type": "Polygon", "coordinates": [ [ [ 26.026674499999988, 44.414246600000041 ], [ 26.026674499999988, 44.419246600000044 ], [ 26.021674499999989, 44.419246600000044 ], [ 26.021674499999989, 44.414246600000041 ], [ 26.026674499999988, 44.414246600000041 ] ] ] } },
{ "type": "Feature", "properties": { "cell_id": 154, "education": 0.98486951296817682, "health": 0.93667947887632796, "green": 0.96362958980962421, "groceries": 0.95201476345131097, "transit": 0.92931330625008168, "culture": 0.9470088089177916, "services": 0.92393586620412704, "livability": 0.94820733235391996 }, "geometry": { "type": "Polygon", "coordinates": [ [ [ 26.026674499999988, 44.419246600000044 ], [ 26.026674499999988, 44.424246600000046 ], [ 26.021674499999989, 44.424246600000046 ], [ 26.021674499999989, 44.419246600000044 ], [ 26.026674499999988, 44.419246600000044 ] ] ] } },
{ "type": "Feature", "properties": { "cell_id": 155, "education": 0.95732210413839003, "health": 0.9415949731878861, "green": 0.93942752615702141, "groceries": 0.99121553845800014, "transit": 0.99374125942036107, "culture": 0.93738380107776964, "services": 0.93753803997664809, "livability": 0.95688903463086794 }, "geometry": { "type": "Polygon", "coordinates": [ [ [ 26.026674499999988, 44.424246600000046 ], [ 26.026674499999988, 44.429246600000049 ], [ 26.021674499999989, 44.429246600000049 ], [ 26.021674499999989, 44.424246600000046 ], [ 26.026674499999988, 44.424246600000046 ] ] ] } },
{ "type": "Feature", "properties": { "cell_id": 156, "education": 0.93733803905812141, "health": 0.95836351411561482, "green": 0.88862241199616054, "groceries": 0.99445962139503974, "transit": 0.87460893782926408, "culture": 0.95411316196203189, "services": 0.94868164367959218, "livability": 0.93659819000511768 }, "geometry": { "type": "Polygon", "coordinates": [ [ [ 26.026674499999988, 44.429246600000049 ], [ 26.026674499999988, 44.434246600000051 ], [ 26.021674499999989, 44.434246600000051 ], [ 26.021674499999989, 44.429246600000049 ], [ 26.026674499999988, 44.429246600000049 ] ] ] } },
{ "type": "Feature", "properties": { "cell_id": 157, "education": 0.90922421762878469, "health": 0.96488455697734865, "green": 0.93031215430326053, "groceries": 0.97765797247822228, "transit": 0.87462373066852417, "culture": 0.96129988848996029, "services": 0.94073038981086998, "livability": 0.93696184433671004 }, "geometry": { "type": "Polygon", "coordinates": [ [ [ 26.026674499999988, 44.434246600000051 ], [ 26.026674499999988, 44.439246600000054 ], [ 26.021674499999989, 44.439246600000054 ], [ 26.021674499999989, 44.434246600000051 ], [ 26.026674499999988, 44.434246600000051 ] ] ] } },
{ "type": "Feature", "properties": { "cell_id": 158, "education": 0.90488259150015427, "health": 0.94764394296273657, "green": 0.83981393460068465, "groceries": 0.96488500122382892, "transit": 0.92812042707039177, "culture": 1.0, "services": 0.93580089567722691, "livability": 0.93159239900500324 }, "geometry": { "type": "Polygon", "coordinates": [ [ [ 26.026674499999988, 44.439246600000054 ], [ 26.026674499999988, 44.444246600000056 ], [ 26.021674499999989, 44.444246600000056 ], [ 26.021674499999989, 44.439246600000054 ], [ 26.026674499999988, 44.439246600000054 ] ] ] } },
{ "type": "Feature", "properties": { "cell_id": 159, "education": 0.85942480156462508, "health": 0.91957714955326453, "green": 0.72326665505071452, "groceries": 0.81256450464769436, "transit": 0.70947904054221067, "culture": 0.89996504302149272, "services": 0.84071204588196136, "livability": 0.82356989146599469 }, "geometry": { "type": "Polygon", "coordinates": [ [ [ 26.026674499999988, 44.444246600000056 ], [ 26.026674499999988, 44.449246600000059 ], [ 26.021674499999989, 44.449246600000059 ], [ 26.021674499999989, 44.444246600000056 ], [ 26.026674499999988, 44.444246600000056 ] ] ] } },
{ "type": "Feature", "properties": { "cell_id": 160, "education": 0.89605056339912992, "health": 0.96397981302888547, "green": 0.75103311017524199, "groceries": 0.77927689042593662, "transit": 0.66931860653760844, "culture": 0.84635186914359217, "services": 0.82506701730125376, "livability": 0.81872541000166399 }, "geometry": { "type": "Polygon", "coordinates": [ [ [ 26.026674499999988, 44.449246600000059 ], [ 26.026674499999988, 44.454246600000062 ], [ 26.021674499999989, 44.454246600000062 ], [ 26.021674499999989, 44.449246600000059 ], [ 26.026674499999988, 44.449246600000059 ] ] ] } },
{ "type": "Feature", "properties": { "cell_id": 161, "education": 0.71617769673920106, "health": 0.75622888234767405, "green": 0.81303470409986223, "groceries": 0.77234869124246974, "transit": 0.62677347512231951, "culture": 0.74327837032137478, "services": 0.68394616738802694, "livability": 0.73025542675156108 }, "geometry": { "type": "Polygon", "coordinates": [ [ [ 26.026674499999988, 44.454246600000062 ], [ 26.026674499999988, 44.459246600000064 ], [ 26.021674499999989, 44.459246600000064 ], [ 26.021674499999989, 44.454246600000062 ], [ 26.026674499999988, 44.454246600000062 ] ] ] } },
{ "type": "Feature", "properties": { "cell_id": 162, "education": 0.72555470737124506, "health": 0.76256588199533193, "green": 0.81640134932113673, "groceries": 0.78697668376008456, "transit": 0.65291539937924004, "culture": 0.75026226606334934, "services": 0.68783153387731311, "livability": 0.74035826025252871 }, "geometry": { "type": "Polygon", "coordinates": [ [ [ 26.026674499999988, 44.459246600000064 ], [ 26.026674499999988, 44.464246600000067 ], [ 26.021674499999989, 44.464246600000067 ], [ 26.021674499999989, 44.459246600000064 ], [ 26.026674499999988, 44.459246600000064 ] ] ] } },
{ "type": "Feature", "properties": { "cell_id": 163, "education": 0.82355596817261256, "health": 0.76407259814532857, "green": 0.78152187612385127, "groceries": 0.89955974778817294, "transit": 0.89799691543013693, "culture": 0.81320076146091047, "services": 0.67417362630780242, "livability": 0.8077259276326878 }, "geometry": { "type": "Polygon", "coordinates": [ [ [ 26.026674499999988, 44.464246600000067 ], [ 26.026674499999988, 44.469246600000069 ], [ 26.021674499999989, 44.469246600000069 ], [ 26.021674499999989, 44.464246600000067 ], [ 26.026674499999988, 44.464246600000067 ] ] ] } },
{ "type": "Feature", "properties": { "cell_id": 164, "education": 0.7750397566913334, "health": 0.73128526035433483, "green": 0.85866248781486709, "groceries": 0.89697152447501038, "transit": 0.81587612926128172, "culture": 0.77706641373787866, "services": 0.63910881264096897, "livability": 0.78485862642509641 }, "geometry": { "type": "Polygon", "coordinates": [ [ [ 26.026674499999988, 44.469246600000069 ], [ 26.026674499999988, 44.474246600000072 ], [ 26.021674499999989, 44.474246600000072 ], [ 26.021674499999989, 44.469246600000069 ], [ 26.026674499999988, 44.469246600000069 ] ] ] } },
{ "type": "Feature", "properties": { "cell_id": 165, "education": 0.84627727915758322, "health": 0.80113107659643679, "green": 0.77795513388910209, "groceries": 0.91801387074582974, "transit": 0.81044256210421461, "culture": 0.8028013258997122, "services": 0.83675747607541839, "livability": 0.82762553206689959 }, "geometry": { "type": "Polygon", "coordinates": [ [ [ 26.026674499999988, 44.474246600000072 ], [ 26.026674499999988, 44.479246600000074 ], [ 26.021674499999989, 44.479246600000074 ], [ 26.021674499999989, 44.474246600000072 ], [ 26.026674499999988, 44.474246600000072 ] ] ] } },
{ "type": "Feature", "properties": { "cell_id": 166, "education": 0.95360650151141235, "health": 0.87370002087167253, "green": 0.7731692907489367, "groceries": 0.9693893573015524, "transit": 0.88942569695862972, "culture": 0.91133629673342931, "services": 0.95493860758392035, "livability": 0.90365225310136477 }, "geometry": { "type": "Polygon", "coordinates": [ [ [ 26.026674499999988, 44.479246600000074 ], [ 26.026674499999988, 44.484246600000077 ], [ 26.021674499999989, 44.484246600000077 ], [ 26.021674499999989, 44.479246600000074 ], [ 26.026674499999988, 44.479246600000074 ] ] ] } },
{ "type": "Feature", "properties": { "cell_id": 167, "education": 0.84324237006622094, "health": 0.89163596187532213, "green": 0.95820283732681977, "groceries": 0.96261376315709113, "transit": 0.93318644573944787, "culture": 0.97020527500185416, "services": 0.91720369424789028, "livability": 0.92518433534494937 }, "geometry": { "type": "Polygon", "coordinates": [ [ [ 26.026674499999988, 44.484246600000077 ], [ 26.026674499999988, 44.489246600000079 ], [ 26.021674499999989, 44.489246600000079 ], [ 26.021674499999989, 44.484246600000077 ], [ 26.026674499999988, 44.484246600000077 ] ] ] } },
{ "type": "Feature", "properties": { "cell_id": 168, "education": 0.9265046197064013, "health": 0.96607291203933798, "green": 0.88848895893653546, "groceries": 0.97071261767991102, "transit": 0.88072796065623826, "culture": 0.89151696215640719, "services": 0.86872813977314667, "livability": 0.91325031013542524 }, "geometry": { "type": "Polygon", "coordinates": [ [ [ 26.026674499999988, 44.489246600000079 ], [ 26.026674499999988, 44.494246600000082 ], [ 26.021674499999989, 44.494246600000082 ], [ 26.021674499999989, 44.489246600000079 ], [ 26.026674499999988, 44.489246600000079 ] ] ] } },
{ "type": "Feature", "properties": { "cell_id": 169, "education": 0.89866420741690944, "health": 0.90635996996910784, "green": 0.78887953380258491, "groceries": 0.97293853088609061, "transit": 0.7765921739253081, "culture": 0.87973609598426661, "services": 0.87340705858766476, "livability": 0.87093965293884745 }, "geometry": { "type": "Polygon", "coordinates": [ [ [ 26.026674499999988, 44.494246600000082 ], [ 26.026674499999988, 44.499246600000085 ], [ 26.021674499999989, 44.499246600000085 ], [ 26.021674499999989, 44.494246600000082 ], [ 26.026674499999988, 44.494246600000082 ] ] ] } },
{ "type": "Feature", "properties": { "cell_id": 170, "education": 0.79760893524537102, "health": 0.95599644640318071, "green": 0.94068995207637085, "groceries": 0.95259070276690305, "transit": 0.93036245091527858, "culture": 0.9432768363081977, "services": 0.85188938686507965, "livability": 0.91034495865434018 }, "geometry": { "type": "Polygon", "coordinates": [ [ [ 26.026674499999988, 44.499246600000085 ], [ 26.026674499999988, 44.504246600000087 ], [ 26.021674499999989, 44.504246600000087 ], [ 26.021674499999989, 44.499246600000085 ], [ 26.026674499999988, 44.499246600000085 ] ] ] } },
{ "type": "Feature", "properties": { "cell_id": 171, "education": 0.79997428591310227, "health": 0.91954418884748534, "green": 0.76253958021217816, "groceries": 0.90265543533999903, "transit": 0.97483993276741143, "culture": 0.85716863536665311, "services": 0.88354120053335039, "livability": 0.87146617985431152 }, "geometry": { "type": "Polygon", "coordinates": [ [ [ 26.026674499999988, 44.504246600000087 ], [ 26.026674499999988, 44.50924660000009 ], [ 26.021674499999989, 44.50924660000009 ], [ 26.021674499999989, 44.504246600000087 ], [ 26.026674499999988, 44.504246600000087 ] ] ] } },
{ "type": "Feature", "properties": { "cell_id": 172, "education": 0.84100926838094336, "health": 0.94727569941565426, "green": 0.80250706030184404, "groceries": 0.87665098222356985, "transit": 0.90300844892513332, "culture": 0.76938442921805739, "services": 0.9131989988264394, "livability": 0.86471926961309165 }, "geometry": { "type": "Polygon", "coordinates": [ [ [ 26.026674499999988, 44.50924660000009 ], [ 26.026674499999988, 44.514246600000092 ], [ 26.021674499999989, 44.514246600000092 ], [ 26.021674499999989, 44.50924660000009 ], [ 26.026674499999988, 44.50924660000009 ] ] ] } },
{ "type": "Feature", "properties": { "cell_id": 173, "education": 0.80539983670006188, "health": 0.85950927117346698, "green": 0.86618905594812134, "groceries": 0.83180833414046274, "transit": 0.70346166450044567, "culture": 0.63408597807249034, "services": 0.86161928390151399, "livability": 0.79458191777665177 }, "geometry": { "type": "Polygon", "coordinates": [ [ [ 26.026674499999988, 44.514246600000092 ], [ 26.026674499999988, 44.519246600000095 ], [ 26.021674499999989, 44.519246600000095 ], [ 26.021674499999989, 44.514246600000092 ], [ 26.026674499999988, 44.514246600000092 ] ] ] } },
{ "type": "Feature", "properties": { "cell_id": 174, "education": 0.0, "health": 0.0, "green": 0.82333350274595496, "groceries": 0.0, "transit": 0.0, "culture": 0.0, "services": 0.0, "livability": 0.1176190718208507 }, "geometry": { "type": "Polygon", "coordinates": [ [ [ 26.026674499999988, 44.519246600000095 ], [ 26.026674499999988, 44.524246600000097 ], [ 26.021674499999989, 44.524246600000097 ], [ 26.021674499999989, 44.519246600000095 ], [ 26.026674499999988, 44.519246600000095 ] ] ] } },
{ "type": "Feature", "properties": { "cell_id": 175, "education": 0.53747462932244217, "health": 0.76849198228576121, "green": 0.57582238440314937, "groceries": 0.94974697506888406, "transit": 0.95080998449491527, "culture": 0.86683386718911271, "services": 0.88313281346208006, "livability": 0.7903303766037636 }, "geometry": { "type": "Polygon", "coordinates": [ [ [ 26.031674499999987, 44.389246600000028 ], [ 26.031674499999987, 44.394246600000031 ], [ 26.026674499999988, 44.394246600000031 ], [ 26.026674499999988, 44.389246600000028 ], [ 26.031674499999987, 44.389246600000028 ] ] ] } },
{ "type": "Feature", "properties": { "cell_id": 176, "education": 0.50908149717987139, "health": 0.74930385555286472, "green": 0.54066518369065919, "groceries": 0.8651774820568997, "transit": 0.82947519853738616, "culture": 0.84568697054444086, "services": 0.86261184000599733, "livability": 0.74314314679544557 }, "geometry": { "type": "Polygon", "coordinates": [ [ [ 26.031674499999987, 44.394246600000031 ], [ 26.031674499999987, 44.399246600000033 ], [ 26.026674499999988, 44.399246600000033 ], [ 26.026674499999988, 44.394246600000031 ], [ 26.031674499999987, 44.394246600000031 ] ] ] } },
{ "type": "Feature", "properties": { "cell_id": 177, "education": 0.78809329176426335, "health": 0.90855888163711129, "green": 0.81372860233045685, "groceries": 0.86103101978509278, "transit": 0.80753667819804842, "culture": 0.81456682971098238, "services": 0.82713682121581023, "livability": 0.83152173209168079 }, "geometry": { "type": "Polygon", "coordinates": [ [ [ 26.031674499999987, 44.399246600000033 ], [ 26.031674499999987, 44.404246600000036 ], [ 26.026674499999988, 44.404246600000036 ], [ 26.026674499999988, 44.399246600000033 ], [ 26.031674499999987, 44.399246600000033 ] ] ] } },
{ "type": "Feature", "properties": { "cell_id": 178, "education": 0.80070085945396907, "health": 0.91707909720927538, "green": 0.82933965874852345, "groceries": 0.87397974231247777, "transit": 0.83067755163827994, "culture": 0.82395680928548565, "services": 0.83624886847453128, "livability": 0.84456894101750601 }, "geometry": { "type": "Polygon", "coordinates": [ [ [ 26.031674499999987, 44.404246600000036 ], [ 26.031674499999987, 44.409246600000039 ], [ 26.026674499999988, 44.409246600000039 ], [ 26.026674499999988, 44.404246600000036 ], [ 26.031674499999987, 44.404246600000036 ] ] ] } },
{ "type": "Feature", "properties": { "cell_id": 179, "education": 0.96569532528791602, "health": 0.87111498802425202, "green": 0.8684353032520391, "groceries": 0.80412511351649241, "transit": 0.8816222244857056, "culture": 0.87245502708204048, "services": 0.85277478584095756, "livability": 0.87374610964134325 }, "geometry": { "type": "Polygon", "coordinates": [ [ [ 26.031674499999987, 44.409246600000039 ], [ 26.031674499999987, 44.414246600000041 ], [ 26.026674499999988, 44.414246600000041 ], [ 26.026674499999988, 44.409246600000039 ], [ 26.031674499999987, 44.409246600000039 ] ] ] } },
{ "type": "Feature", "properties": { "cell_id": 180, "education": 0.964816437637119, "health": 0.97599162687935626, "green": 0.93168468512717162, "groceries": 0.97695042465655246, "transit": 0.9232196415004833, "culture": 0.96367371451631434, "services": 0.95453460047466365, "livability": 0.95583873297023714 }, "geometry": { "type": "Polygon", "coordinates": [ [ [ 26.031674499999987, 44.414246600000041 ], [ 26.031674499999987, 44.419246600000044 ], [ 26.026674499999988, 44.419246600000044 ], [ 26.026674499999988, 44.414246600000041 ], [ 26.031674499999987, 44.414246600000041 ] ] ] } },
{ "type": "Feature", "properties": { "cell_id": 181, "education": 0.92962926665960244, "health": 0.92768240939169211, "green": 0.94748831808148093, "groceries": 0.93879953237715374, "transit": 0.95219963969765897, "culture": 0.94660015023183286, "services": 0.90970001961634595, "livability": 0.93601419086510951 }, "geometry": { "type": "Polygon", "coordinates": [ [ [ 26.031674499999987, 44.419246600000044 ], [ 26.031674499999987, 44.424246600000046 ], [ 26.026674499999988, 44.424246600000046 ], [ 26.026674499999988, 44.419246600000044 ], [ 26.031674499999987, 44.419246600000044 ] ] ] } },
{ "type": "Feature", "properties": { "cell_id": 182, "education": 0.94646100155497859, "health": 0.99861140024101502, "green": 0.95847850091408437, "groceries": 0.9755159549879977, "transit": 0.99237473314091729, "culture": 0.99679184534884091, "services": 0.99851494524755247, "livability": 0.9809640544907694 }, "geometry": { "type": "Polygon", "coordinates": [ [ [ 26.031674499999987, 44.424246600000046 ], [ 26.031674499999987, 44.429246600000049 ], [ 26.026674499999988, 44.429246600000049 ], [ 26.026674499999988, 44.424246600000046 ], [ 26.031674499999987, 44.424246600000046 ] ] ] } },
{ "type": "Feature", "properties": { "cell_id": 183, "education": 0.93628293677988672, "health": 0.94908992313806562, "green": 0.97539475756298066, "groceries": 0.9863822687235666, "transit": 0.78183759963970101, "culture": 0.95872811632941513, "services": 0.92834112069279262, "livability": 0.93086524612377253 }, "geometry": { "type": "Polygon", "coordinates": [ [ [ 26.031674499999987, 44.429246600000049 ], [ 26.031674499999987, 44.434246600000051 ], [ 26.026674499999988, 44.434246600000051 ], [ 26.026674499999988, 44.429246600000049 ], [ 26.031674499999987, 44.429246600000049 ] ] ] } },
{ "type": "Feature", "properties": { "cell_id": 184, "education": 0.94565775398951102, "health": 0.98262928977472774, "green": 0.94725605086225173, "groceries": 0.99082787633702807, "transit": 0.87365659712201504, "culture": 0.98085604609080435, "services": 0.95271085202586558, "livability": 0.95337063802888622 }, "geometry": { "type": "Polygon", "coordinates": [ [ [ 26.031674499999987, 44.434246600000051 ], [ 26.031674499999987, 44.439246600000054 ], [ 26.026674499999988, 44.439246600000054 ], [ 26.026674499999988, 44.434246600000051 ], [ 26.031674499999987, 44.434246600000051 ] ] ] } },
{ "type": "Feature", "properties": { "cell_id": 185, "education": 0.89439895958428761, "health": 0.96301267747834063, "green": 0.86797310258948746, "groceries": 0.94378797434086314, "transit": 0.80617194596447994, "culture": 0.95355841294936627, "services": 0.95223717408201769, "livability": 0.9115914638555489 }, "geometry": { "type": "Polygon", "coordinates": [ [ [ 26.031674499999987, 44.439246600000054 ], [ 26.031674499999987, 44.444246600000056 ], [ 26.026674499999988, 44.444246600000056 ], [ 26.026674499999988, 44.439246600000054 ], [ 26.031674499999987, 44.439246600000054 ] ] ] } },
{ "type": "Feature", "properties": { "cell_id": 186, "education": 0.77911589701326778, "health": 0.86679665602296829, "green": 0.90647647744939319, "groceries": 0.94489986737770892, "transit": 0.72629342414668818, "culture": 0.90888334886837996, "services": 0.8493377900087119, "livability": 0.85454335155530259 }, "geometry": { "type": "Polygon", "coordinates": [ [ [ 26.031674499999987, 44.444246600000056 ], [ 26.031674499999987, 44.449246600000059 ], [ 26.026674499999988, 44.449246600000059 ], [ 26.026674499999988, 44.444246600000056 ], [ 26.031674499999987, 44.444246600000056 ] ] ] } },
{ "type": "Feature", "properties": { "cell_id": 187, "education": 0.81554636995443586, "health": 0.89125034039107387, "green": 0.82824009717269242, "groceries": 0.88000604132135241, "transit": 0.61032060809115662, "culture": 0.86182452125879561, "services": 0.80367184816972481, "livability": 0.81297997519417586 }, "geometry": { "type": "Polygon", "coordinates": [ [ [ 26.031674499999987, 44.449246600000059 ], [ 26.031674499999987, 44.454246600000062 ], [ 26.026674499999988, 44.454246600000062 ], [ 26.026674499999988, 44.449246600000059 ], [ 26.031674499999987, 44.449246600000059 ] ] ] } },
{ "type": "Feature", "properties": { "cell_id": 188, "education": 0.83701481312474468, "health": 0.85752676641802505, "green": 1.0, "groceries": 0.92527563792109824, "transit": 0.71367048276802403, "culture": 0.85491698489687362, "services": 0.79307629710885896, "livability": 0.85449728317680362 }, "geometry": { "type": "Polygon", "coordinates": [ [ [ 26.031674499999987, 44.454246600000062 ], [ 26.031674499999987, 44.459246600000064 ], [ 26.026674499999988, 44.459246600000064 ], [ 26.026674499999988, 44.454246600000062 ], [ 26.031674499999987, 44.454246600000062 ] ] ] } },
{ "type": "Feature", "properties": { "cell_id": 189, "education": 0.83701481312474468, "health": 0.85752676641802505, "green": 1.0, "groceries": 0.92527563792109824, "transit": 0.71367048276802403, "culture": 0.85491698489687362, "services": 0.79307629710885896, "livability": 0.85449728317680362 }, "geometry": { "type": "Polygon", "coordinates": [ [ [ 26.031674499999987, 44.459246600000064 ], [ 26.031674499999987, 44.464246600000067 ], [ 26.026674499999988, 44.464246600000067 ], [ 26.026674499999988, 44.459246600000064 ], [ 26.031674499999987, 44.459246600000064 ] ] ] } },
{ "type": "Feature", "properties": { "cell_id": 190, "education": 0.92072487811371728, "health": 0.82982070952571341, "green": 0.90183924205091937, "groceries": 0.87964093754744377, "transit": 0.87552170543143559, "culture": 0.88566059744686387, "services": 0.74448873664691262, "livability": 0.86252811525185802 }, "geometry": { "type": "Polygon", "coordinates": [ [ [ 26.031674499999987, 44.464246600000067 ], [ 26.031674499999987, 44.469246600000069 ], [ 26.026674499999988, 44.469246600000069 ], [ 26.026674499999988, 44.464246600000067 ], [ 26.031674499999987, 44.464246600000067 ] ] ] } },
{ "type": "Feature", "properties": { "cell_id": 191, "education": 0.87386525021726835, "health": 0.79610314859437359, "green": 0.83005884466418267, "groceries": 0.87045210335604017, "transit": 0.7531986859534, "culture": 0.90605620741088677, "services": 0.71211542478571699, "livability": 0.8202642378545526 }, "geometry": { "type": "Polygon", "coordinates": [ [ [ 26.031674499999987, 44.469246600000069 ], [ 26.031674499999987, 44.474246600000072 ], [ 26.026674499999988, 44.474246600000072 ], [ 26.026674499999988, 44.469246600000069 ], [ 26.031674499999987, 44.469246600000069 ] ] ] } },
{ "type": "Feature", "properties": { "cell_id": 192, "education": 0.87768832677174502, "health": 0.82685000290180011, "green": 0.98497535021609295, "groceries": 0.95431452762385327, "transit": 0.7520627389044976, "culture": 0.77911227419540585, "services": 0.88781265792883179, "livability": 0.86611655407746091 }, "geometry": { "type": "Polygon", "coordinates": [ [ [ 26.031674499999987, 44.474246600000072 ], [ 26.031674499999987, 44.479246600000074 ], [ 26.026674499999988, 44.479246600000074 ], [ 26.026674499999988, 44.474246600000072 ], [ 26.031674499999987, 44.474246600000072 ] ] ] } },
{ "type": "Feature", "properties": { "cell_id": 193, "education": 0.96263891157208015, "health": 0.95111876483179392, "green": 0.84110571474003237, "groceries": 0.993779150712368, "transit": 1.0, "culture": 0.90531200042289739, "services": 0.94909262333586519, "livability": 0.94329245223071945 }, "geometry": { "type": "Polygon", "coordinates": [ [ [ 26.031674499999987, 44.479246600000074 ], [ 26.031674499999987, 44.484246600000077 ], [ 26.026674499999988, 44.484246600000077 ], [ 26.026674499999988, 44.479246600000074 ], [ 26.031674499999987, 44.479246600000074 ] ] ] } },
{ "type": "Feature", "properties": { "cell_id": 194, "education": 0.90368720767966615, "health": 0.96072807227948687, "green": 0.86651630439063854, "groceries": 0.92435046797974607, "transit": 0.82322029176333889, "culture": 0.90559383918920633, "services": 0.93905493721155742, "livability": 0.90330730292766281 }, "geometry": { "type": "Polygon", "coordinates": [ [ [ 26.031674499999987, 44.484246600000077 ], [ 26.031674499999987, 44.489246600000079 ], [ 26.026674499999988, 44.489246600000079 ], [ 26.026674499999988, 44.484246600000077 ], [ 26.031674499999987, 44.484246600000077 ] ] ] } },
{ "type": "Feature", "properties": { "cell_id": 195, "education": 0.95247344042317317, "health": 0.92204105116067103, "green": 0.89050781377240928, "groceries": 0.97133756063423493, "transit": 0.91609591920165268, "culture": 0.91642263383061362, "services": 0.89421405341528337, "livability": 0.92329892463400542 }, "geometry": { "type": "Polygon", "coordinates": [ [ [ 26.031674499999987, 44.489246600000079 ], [ 26.031674499999987, 44.494246600000082 ], [ 26.026674499999988, 44.494246600000082 ], [ 26.026674499999988, 44.489246600000079 ], [ 26.031674499999987, 44.489246600000079 ] ] ] } },
{ "type": "Feature", "properties": { "cell_id": 196, "education": 0.90940442865451454, "health": 0.9027432748806189, "green": 0.80312471416074138, "groceries": 0.9847950147854958, "transit": 0.96831756850004191, "culture": 0.96374043868873227, "services": 0.95492497186825775, "livability": 0.92672148736262883 }, "geometry": { "type": "Polygon", "coordinates": [ [ [ 26.031674499999987, 44.494246600000082 ], [ 26.031674499999987, 44.499246600000085 ], [ 26.026674499999988, 44.499246600000085 ], [ 26.026674499999988, 44.494246600000082 ], [ 26.031674499999987, 44.494246600000082 ] ] ] } },
{ "type": "Feature", "properties": { "cell_id": 197, "education": 0.78409397903212152, "health": 0.84561981773162309, "green": 0.97608245975001739, "groceries": 0.90832260599026537, "transit": 0.80183482699828268, "culture": 0.89259537930112431, "services": 0.88588572229154083, "livability": 0.8706335415849964 }, "geometry": { "type": "Polygon", "coordinates": [ [ [ 26.031674499999987, 44.499246600000085 ], [ 26.031674499999987, 44.504246600000087 ], [ 26.026674499999988, 44.504246600000087 ], [ 26.026674499999988, 44.499246600000085 ], [ 26.031674499999987, 44.499246600000085 ] ] ] } },
{ "type": "Feature", "properties": { "cell_id": 198, "education": 0.72234644161662331, "health": 0.9267333433285232, "green": 0.72365482571198569, "groceries": 0.81816846272643184, "transit": 0.91035543000555796, "culture": 0.83377963203861305, "services": 0.82408751422777415, "livability": 0.8227322356650727 }, "geometry": { "type": "Polygon", "coordinates": [ [ [ 26.031674499999987, 44.504246600000087 ], [ 26.031674499999987, 44.50924660000009 ], [ 26.026674499999988, 44.50924660000009 ], [ 26.026674499999988, 44.504246600000087 ], [ 26.031674499999987, 44.504246600000087 ] ] ] } },
{ "type": "Feature", "properties": { "cell_id": 199, "education": 0.74550055190588993, "health": 0.88273074725548495, "green": 0.6842453941339447, "groceries": 0.77855784490954649, "transit": 0.73690800543995683, "culture": 0.72799872305860236, "services": 0.84417062162001977, "livability": 0.77144455547477775 }, "geometry": { "type": "Polygon", "coordinates": [ [ [ 26.031674499999987, 44.50924660000009 ], [ 26.031674499999987, 44.514246600000092 ], [ 26.026674499999988, 44.514246600000092 ], [ 26.026674499999988, 44.50924660000009 ], [ 26.031674499999987, 44.50924660000009 ] ] ] } },
{ "type": "Feature", "properties": { "cell_id": 200, "education": 0.58813439441070325, "health": 0.70866025612555705, "green": 0.58979787023490027, "groceries": 0.71215844796780936, "transit": 0.40356980913236673, "culture": 0.46783793444769439, "services": 0.70029198620510669, "livability": 0.59577867121773398 }, "geometry": { "type": "Polygon", "coordinates": [ [ [ 26.031674499999987, 44.514246600000092 ], [ 26.031674499999987, 44.519246600000095 ], [ 26.026674499999988, 44.519246600000095 ], [ 26.026674499999988, 44.514246600000092 ], [ 26.031674499999987, 44.514246600000092 ] ] ] } },
{ "type": "Feature", "properties": { "cell_id": 201, "education": 0.0, "health": 0.0, "green": 0.92005299549526087, "groceries": 0.0, "transit": 0.0, "culture": 0.0, "services": 0.0, "livability": 0.13143614221360869 }, "geometry": { "type": "Polygon", "coordinates": [ [ [ 26.031674499999987, 44.519246600000095 ], [ 26.031674499999987, 44.524246600000097 ], [ 26.026674499999988, 44.524246600000097 ], [ 26.026674499999988, 44.519246600000095 ], [ 26.031674499999987, 44.519246600000095 ] ] ] } },
{ "type": "Feature", "properties": { "cell_id": 202, "education": 0.0, "health": 0.0, "green": 0.0, "groceries": 0.0, "transit": 0.0, "culture": 0.0, "services": 0.0, "livability": 0.0 }, "geometry": { "type": "Polygon", "coordinates": [ [ [ 26.031674499999987, 44.524246600000097 ], [ 26.031674499999987, 44.5292466000001 ], [ 26.026674499999988, 44.5292466000001 ], [ 26.026674499999988, 44.524246600000097 ], [ 26.031674499999987, 44.524246600000097 ] ] ] } },
{ "type": "Feature", "properties": { "cell_id": 203, "education": 0.69751393798890016, "health": 0.81081932189954342, "green": 0.6533761130783009, "groceries": 0.84077354262935167, "transit": 0.89983830566791068, "culture": 0.91348208295902489, "services": 0.9284002970873515, "livability": 0.82060051447291182 }, "geometry": { "type": "Polygon", "coordinates": [ [ [ 26.036674499999986, 44.389246600000028 ], [ 26.036674499999986, 44.394246600000031 ], [ 26.031674499999987, 44.394246600000031 ], [ 26.031674499999987, 44.389246600000028 ], [ 26.036674499999986, 44.389246600000028 ] ] ] } },
{ "type": "Feature", "properties": { "cell_id": 204, "education": 0.63072039891128862, "health": 0.85658236886391514, "green": 0.73722487276901116, "groceries": 0.84226059809279163, "transit": 0.66573384289896786, "culture": 0.85521685311832785, "services": 0.84662028541680379, "livability": 0.77633703143872934 }, "geometry": { "type": "Polygon", "coordinates": [ [ [ 26.036674499999986, 44.394246600000031 ], [ 26.036674499999986, 44.399246600000033 ], [ 26.031674499999987, 44.399246600000033 ], [ 26.031674499999987, 44.394246600000031 ], [ 26.036674499999986, 44.394246600000031 ] ] ] } },
{ "type": "Feature", "properties": { "cell_id": 205, "education": 0.63154578499790948, "health": 0.85714016617750932, "green": 0.7382468897894271, "groceries": 0.84310831873777725, "transit": 0.66724881830420935, "culture": 0.85583159171701706, "services": 0.84721682847832713, "livability": 0.77719119974316808 }, "geometry": { "type": "Polygon", "coordinates": [ [ [ 26.036674499999986, 44.399246600000033 ], [ 26.036674499999986, 44.404246600000036 ], [ 26.031674499999987, 44.404246600000036 ], [ 26.031674499999987, 44.399246600000033 ], [ 26.036674499999986, 44.399246600000033 ] ] ] } },
{ "type": "Feature", "properties": { "cell_id": 206, "education": 0.76752632994443482, "health": 0.81926333205736845, "green": 0.79400213577288536, "groceries": 0.7830051561235073, "transit": 0.88516399471627005, "culture": 0.86090887079708689, "services": 0.82849419474406749, "livability": 0.81976628773651716 }, "geometry": { "type": "Polygon", "coordinates": [ [ [ 26.036674499999986, 44.404246600000036 ], [ 26.036674499999986, 44.409246600000039 ], [ 26.031674499999987, 44.409246600000039 ], [ 26.031674499999987, 44.404246600000036 ], [ 26.036674499999986, 44.404246600000036 ] ] ] } },
{ "type": "Feature", "properties": { "cell_id": 207, "education": 0.87626921774649147, "health": 0.89233255528686439, "green": 0.92788228899185221, "groceries": 0.9122688690000097, "transit": 0.92750291253571882, "culture": 0.95464658284302806, "services": 0.90708749339525785, "livability": 0.91399855997131751 }, "geometry": { "type": "Polygon", "coordinates": [ [ [ 26.036674499999986, 44.409246600000039 ], [ 26.036674499999986, 44.414246600000041 ], [ 26.031674499999987, 44.414246600000041 ], [ 26.031674499999987, 44.409246600000039 ], [ 26.036674499999986, 44.409246600000039 ] ] ] } },
{ "type": "Feature", "properties": { "cell_id": 208, "education": 0.96306007474275035, "health": 0.96600477802461959, "green": 0.92780481970344209, "groceries": 0.98845856860063486, "transit": 0.97937411951125053, "culture": 0.96253446438345858, "services": 0.99187826690070091, "livability": 0.96844501312383668 }, "geometry": { "type": "Polygon", "coordinates": [ [ [ 26.036674499999986, 44.414246600000041 ], [ 26.036674499999986, 44.419246600000044 ], [ 26.031674499999987, 44.419246600000044 ], [ 26.031674499999987, 44.414246600000041 ], [ 26.036674499999986, 44.414246600000041 ] ] ] } },
{ "type": "Feature", "properties": { "cell_id": 209, "education": 0.91035643177808168, "health": 0.97578408736149502, "green": 0.97240442183607745, "groceries": 0.94031936044037212, "transit": 0.98127410423119654, "culture": 1.0, "services": 0.95529682892340462, "livability": 0.96220503351008946 }, "geometry": { "type": "Polygon", "coordinates": [ [ [ 26.036674499999986, 44.419246600000044 ], [ 26.036674499999986, 44.424246600000046 ], [ 26.031674499999987, 44.424246600000046 ], [ 26.031674499999987, 44.419246600000044 ], [ 26.036674499999986, 44.419246600000044 ] ] ] } },
{ "type": "Feature", "properties": { "cell_id": 210, "education": 0.93383334787452132, "health": 0.99246516696048326, "green": 0.97810424235436999, "groceries": 1.0, "transit": 0.9809602357207724, "culture": 0.99227414651624679, "services": 0.96599679126900317, "livability": 0.9776619900993424 }, "geometry": { "type": "Polygon", "coordinates": [ [ [ 26.036674499999986, 44.424246600000046 ], [ 26.036674499999986, 44.429246600000049 ], [ 26.031674499999987, 44.429246600000049 ], [ 26.031674499999987, 44.424246600000046 ], [ 26.036674499999986, 44.424246600000046 ] ] ] } },
{ "type": "Feature", "properties": { "cell_id": 211, "education": 0.90206218456801379, "health": 0.9775707213282796, "green": 0.99054677205743624, "groceries": 0.94984527823680043, "transit": 0.87204512193867212, "culture": 0.95112669825310869, "services": 0.96288415918547765, "livability": 0.94372584793825554 }, "geometry": { "type": "Polygon", "coordinates": [ [ [ 26.036674499999986, 44.429246600000049 ], [ 26.036674499999986, 44.434246600000051 ], [ 26.031674499999987, 44.434246600000051 ], [ 26.031674499999987, 44.429246600000049 ], [ 26.036674499999986, 44.429246600000049 ] ] ] } },
{ "type": "Feature", "properties": { "cell_id": 212, "education": 0.93811168742670958, "health": 1.0, "green": 0.98955069613703273, "groceries": 0.99597008866824588, "transit": 0.9845105922523214, "culture": 1.0, "services": 0.98822566123274613, "livability": 0.98519553224529366 }, "geometry": { "type": "Polygon", "coordinates": [ [ [ 26.036674499999986, 44.434246600000051 ], [ 26.036674499999986, 44.439246600000054 ], [ 26.031674499999987, 44.439246600000054 ], [ 26.031674499999987, 44.434246600000051 ], [ 26.036674499999986, 44.434246600000051 ] ] ] } },
{ "type": "Feature", "properties": { "cell_id": 213, "education": 0.8659307228633325, "health": 0.92446030581303362, "green": 0.9597618311763374, "groceries": 0.95148543340413405, "transit": 0.90533813350382331, "culture": 0.97579692409974639, "services": 0.88901135292625799, "livability": 0.9245406719695235 }, "geometry": { "type": "Polygon", "coordinates": [ [ [ 26.036674499999986, 44.439246600000054 ], [ 26.036674499999986, 44.444246600000056 ], [ 26.031674499999987, 44.444246600000056 ], [ 26.031674499999987, 44.439246600000054 ], [ 26.036674499999986, 44.439246600000054 ] ] ] } },
{ "type": "Feature", "properties": { "cell_id": 214, "education": 0.76854175342889208, "health": 0.87248665287886817, "green": 0.94701517878358665, "groceries": 0.96337396841421852, "transit": 0.73805624979890583, "culture": 0.91515419422473954, "services": 0.85542302574175166, "livability": 0.8657215747529946 }, "geometry": { "type": "Polygon", "coordinates": [ [ [ 26.036674499999986, 44.444246600000056 ], [ 26.036674499999986, 44.449246600000059 ], [ 26.031674499999987, 44.449246600000059 ], [ 26.031674499999987, 44.444246600000056 ], [ 26.036674499999986, 44.444246600000056 ] ] ] } },
{ "type": "Feature", "properties": { "cell_id": 215, "education": 0.9137366456023287, "health": 0.93419427925698062, "green": 0.91583421666542608, "groceries": 0.89999079114854907, "transit": 0.76396152438973997, "culture": 0.98815412862457741, "services": 0.85470379818976872, "livability": 0.89579648341105289 }, "geometry": { "type": "Polygon", "coordinates": [ [ [ 26.036674499999986, 44.449246600000059 ], [ 26.036674499999986, 44.454246600000062 ], [ 26.031674499999987, 44.454246600000062 ], [ 26.031674499999987, 44.449246600000059 ], [ 26.036674499999986, 44.449246600000059 ] ] ] } },
{ "type": "Feature", "properties": { "cell_id": 216, "education": 0.76676634051980408, "health": 0.86844962522915281, "green": 0.86887274620682087, "groceries": 0.78504801143439806, "transit": 0.6971777102841894, "culture": 0.85527979824694711, "services": 0.86711526107458059, "livability": 0.81552992757084186 }, "geometry": { "type": "Polygon", "coordinates": [ [ [ 26.036674499999986, 44.454246600000062 ], [ 26.036674499999986, 44.459246600000064 ], [ 26.031674499999987, 44.459246600000064 ], [ 26.031674499999987, 44.454246600000062 ], [ 26.036674499999986, 44.454246600000062 ] ] ] } },
{ "type": "Feature", "properties": { "cell_id": 217, "education": 0.81413083283628729, "health": 0.85259060912639895, "green": 0.81530771919684875, "groceries": 0.92152979067871166, "transit": 0.69783807068829717, "culture": 0.86557112466771824, "services": 0.76884028027635187, "livability": 0.81940120392437332 }, "geometry": { "type": "Polygon", "coordinates": [ [ [ 26.036674499999986, 44.459246600000064 ], [ 26.036674499999986, 44.464246600000067 ], [ 26.031674499999987, 44.464246600000067 ], [ 26.031674499999987, 44.459246600000064 ], [ 26.036674499999986, 44.459246600000064 ] ] ] } },
{ "type": "Feature", "properties": { "cell_id": 218, "education": 0.95731756615734409, "health": 0.91015774269436822, "green": 0.94687038428000414, "groceries": 0.97069788808246016, "transit": 0.96554209178654893, "culture": 0.97419862728197659, "services": 0.83040614526856937, "livability": 0.93645577793589596 }, "geometry": { "type": "Polygon", "coordinates": [ [ [ 26.036674499999986, 44.464246600000067 ], [ 26.036674499999986, 44.469246600000069 ], [ 26.031674499999987, 44.469246600000069 ], [ 26.031674499999987, 44.464246600000067 ], [ 26.036674499999986, 44.464246600000067 ] ] ] } },
{ "type": "Feature", "properties": { "cell_id": 219, "education": 0.89791864816134159, "health": 0.81235847561465913, "green": 0.85984246047278412, "groceries": 0.89515637490818822, "transit": 0.79734809298659071, "culture": 0.9239709171273901, "services": 0.72949988023291468, "livability": 0.84515640707198114 }, "geometry": { "type": "Polygon", "coordinates": [ [ [ 26.036674499999986, 44.469246600000069 ], [ 26.036674499999986, 44.474246600000072 ], [ 26.031674499999987, 44.474246600000072 ], [ 26.031674499999987, 44.469246600000069 ], [ 26.036674499999986, 44.469246600000069 ] ] ] } },
{ "type": "Feature", "properties": { "cell_id": 220, "education": 0.96669546042656085, "health": 0.85729634640657792, "green": 0.87558864436308292, "groceries": 0.95426984764821954, "transit": 0.78907712428910737, "culture": 0.82375714438868808, "services": 0.92764422190914519, "livability": 0.88490411277591174 }, "geometry": { "type": "Polygon", "coordinates": [ [ [ 26.036674499999986, 44.474246600000072 ], [ 26.036674499999986, 44.479246600000074 ], [ 26.031674499999987, 44.479246600000074 ], [ 26.031674499999987, 44.474246600000072 ], [ 26.036674499999986, 44.474246600000072 ] ] ] } },
{ "type": "Feature", "properties": { "cell_id": 221, "education": 0.90892554896816613, "health": 0.94870553625828813, "green": 0.8468466179942169, "groceries": 0.94843129063077747, "transit": 0.88396617302242153, "culture": 0.88333851949291997, "services": 0.95479969858593827, "livability": 0.91071619785038971 }, "geometry": { "type": "Polygon", "coordinates": [ [ [ 26.036674499999986, 44.479246600000074 ], [ 26.036674499999986, 44.484246600000077 ], [ 26.031674499999987, 44.484246600000077 ], [ 26.031674499999987, 44.479246600000074 ], [ 26.036674499999986, 44.479246600000074 ] ] ] } },
{ "type": "Feature", "properties": { "cell_id": 222, "education": 0.96738700933437916, "health": 0.98024370756906309, "green": 1.0, "groceries": 0.98080446847515979, "transit": 0.88884948750297965, "culture": 0.97388643730744717, "services": 0.9381466972789152, "livability": 0.96133111535256333 }, "geometry": { "type": "Polygon", "coordinates": [ [ [ 26.036674499999986, 44.484246600000077 ], [ 26.036674499999986, 44.489246600000079 ], [ 26.031674499999987, 44.489246600000079 ], [ 26.031674499999987, 44.484246600000077 ], [ 26.036674499999986, 44.484246600000077 ] ] ] } },
{ "type": "Feature", "properties": { "cell_id": 223, "education": 0.94745693680471399, "health": 0.90950973691635983, "green": 0.89838775026915796, "groceries": 0.99615661212391593, "transit": 0.99313141877632449, "culture": 0.96575472742419843, "services": 0.90784975054827077, "livability": 0.94546384755184865 }, "geometry": { "type": "Polygon", "coordinates": [ [ [ 26.036674499999986, 44.489246600000079 ], [ 26.036674499999986, 44.494246600000082 ], [ 26.031674499999987, 44.494246600000082 ], [ 26.031674499999987, 44.489246600000079 ], [ 26.036674499999986, 44.489246600000079 ] ] ] } },
{ "type": "Feature", "properties": { "cell_id": 224, "education": 0.84180333309654198, "health": 0.84097903526831685, "green": 0.87021915769152303, "groceries": 0.94624440137208643, "transit": 0.85759026416684492, "culture": 0.9316596328253276, "services": 0.91647564805315784, "livability": 0.88642449606768547 }, "geometry": { "type": "Polygon", "coordinates": [ [ [ 26.036674499999986, 44.494246600000082 ], [ 26.036674499999986, 44.499246600000085 ], [ 26.031674499999987, 44.499246600000085 ], [ 26.031674499999987, 44.494246600000082 ], [ 26.036674499999986, 44.494246600000082 ] ] ] } },
{ "type": "Feature", "properties": { "cell_id": 225, "education": 0.69829086167520771, "health": 0.75591093220705952, "green": 0.76817936098621897, "groceries": 0.79087573382016729, "transit": 0.65399519926946459, "culture": 0.84646924250985833, "services": 0.84525962122149423, "livability": 0.76556870738421001 }, "geometry": { "type": "Polygon", "coordinates": [ [ [ 26.036674499999986, 44.499246600000085 ], [ 26.036674499999986, 44.504246600000087 ], [ 26.031674499999987, 44.504246600000087 ], [ 26.031674499999987, 44.499246600000085 ], [ 26.036674499999986, 44.499246600000085 ] ] ] } },
{ "type": "Feature", "properties": { "cell_id": 226, "education": 0.78977115968695055, "health": 0.97229908185877434, "green": 0.73968854519722993, "groceries": 0.7308159435907684, "transit": 0.92476441054161063, "culture": 0.7945137717753914, "services": 0.79615655339263558, "livability": 0.82114420943476574 }, "geometry": { "type": "Polygon", "coordinates": [ [ [ 26.036674499999986, 44.504246600000087 ], [ 26.036674499999986, 44.50924660000009 ], [ 26.031674499999987, 44.50924660000009 ], [ 26.031674499999987, 44.504246600000087 ], [ 26.036674499999986, 44.504246600000087 ] ] ] } },
{ "type": "Feature", "properties": { "cell_id": 227, "education": 0.84048954533484321, "health": 0.80897612545453379, "green": 0.80248952309156196, "groceries": 0.64374036630559461, "transit": 0.56060277502845401, "culture": 0.72125366030545146, "services": 0.74929923691448042, "livability": 0.73240731891927413 }, "geometry": { "type": "Polygon", "coordinates": [ [ [ 26.036674499999986, 44.50924660000009 ], [ 26.036674499999986, 44.514246600000092 ], [ 26.031674499999987, 44.514246600000092 ], [ 26.031674499999987, 44.50924660000009 ], [ 26.036674499999986, 44.50924660000009 ] ] ] } },
{ "type": "Feature", "properties": { "cell_id": 228, "education": 0.76312440607634613, "health": 0.79659354408882743, "green": 0.70669376109520843, "groceries": 0.70773625930013129, "transit": 0.43981775656103295, "culture": 0.66363294429620523, "services": 0.79433330109316813, "livability": 0.69599028178727418 }, "geometry": { "type": "Polygon", "coordinates": [ [ [ 26.036674499999986, 44.514246600000092 ], [ 26.036674499999986, 44.519246600000095 ], [ 26.031674499999987, 44.519246600000095 ], [ 26.031674499999987, 44.514246600000092 ], [ 26.036674499999986, 44.514246600000092 ] ] ] } },
{ "type": "Feature", "properties": { "cell_id": 229, "education": 0.51676829149028181, "health": 0.66043092304620954, "green": 0.50143028923528254, "groceries": 0.63886121194885259, "transit": 0.27257912193165867, "culture": 0.41468523559033932, "services": 0.64871254451687355, "livability": 0.52192394539421405 }, "geometry": { "type": "Polygon", "coordinates": [ [ [ 26.036674499999986, 44.519246600000095 ], [ 26.036674499999986, 44.524246600000097 ], [ 26.031674499999987, 44.524246600000097 ], [ 26.031674499999987, 44.519246600000095 ], [ 26.036674499999986, 44.519246600000095 ] ] ] } },
{ "type": "Feature", "properties": { "cell_id": 230, "education": 0.66746500713613655, "health": 0.63436160577216216, "green": 0.64898240515659089, "groceries": 0.60953472386437735, "transit": 0.63110012341249955, "culture": 0.6067202045026524, "services": 0.57405984610888361, "livability": 0.6246034165647576 }, "geometry": { "type": "Polygon", "coordinates": [ [ [ 26.041674499999985, 44.379246600000023 ], [ 26.041674499999985, 44.384246600000026 ], [ 26.036674499999986, 44.384246600000026 ], [ 26.036674499999986, 44.379246600000023 ], [ 26.041674499999985, 44.379246600000023 ] ] ] } },
{ "type": "Feature", "properties": { "cell_id": 231, "education": 0.84406359386135743, "health": 0.78255191005087854, "green": 0.83401903142393019, "groceries": 0.79900078789919116, "transit": 0.77888763719725507, "culture": 0.81794226339510701, "services": 0.81097357171123674, "livability": 0.8096341136484223 }, "geometry": { "type": "Polygon", "coordinates": [ [ [ 26.041674499999985, 44.384246600000026 ], [ 26.041674499999985, 44.389246600000028 ], [ 26.036674499999986, 44.389246600000028 ], [ 26.036674499999986, 44.384246600000026 ], [ 26.041674499999985, 44.384246600000026 ] ] ] } },
{ "type": "Feature", "properties": { "cell_id": 232, "education": 0.78854758777208489, "health": 0.83699262285069853, "green": 0.75096601633462001, "groceries": 0.84090084074755134, "transit": 0.83852310365689409, "culture": 0.92662632411723123, "services": 0.91644071247677994, "livability": 0.84271388685083704 }, "geometry": { "type": "Polygon", "coordinates": [ [ [ 26.041674499999985, 44.389246600000028 ], [ 26.041674499999985, 44.394246600000031 ], [ 26.036674499999986, 44.394246600000031 ], [ 26.036674499999986, 44.389246600000028 ], [ 26.041674499999985, 44.389246600000028 ] ] ] } },
{ "type": "Feature", "properties": { "cell_id": 233, "education": 0.72602521340202153, "health": 0.92098952371815201, "green": 0.85523406157892001, "groceries": 0.94014431593093106, "transit": 0.8965420697010833, "culture": 0.9452018334046941, "services": 0.93446640860734131, "livability": 0.88837191804902038 }, "geometry": { "type": "Polygon", "coordinates": [ [ [ 26.041674499999985, 44.394246600000031 ], [ 26.041674499999985, 44.399246600000033 ], [ 26.036674499999986, 44.399246600000033 ], [ 26.036674499999986, 44.394246600000031 ], [ 26.041674499999985, 44.394246600000031 ] ] ] } },
{ "type": "Feature", "properties": { "cell_id": 234, "education": 0.69344553564432543, "health": 0.89897212237642754, "green": 0.81489295851483723, "groceries": 0.90668304745323081, "transit": 0.78086425396514014, "culture": 0.90193385414716643, "services": 0.89195451833850004, "livability": 0.84124947006280393 }, "geometry": { "type": "Polygon", "coordinates": [ [ [ 26.041674499999985, 44.399246600000033 ], [ 26.041674499999985, 44.404246600000036 ], [ 26.036674499999986, 44.404246600000036 ], [ 26.036674499999986, 44.399246600000033 ], [ 26.041674499999985, 44.399246600000033 ] ] ] } },
{ "type": "Feature", "properties": { "cell_id": 235, "education": 0.82461084894238834, "health": 0.85784114656261912, "green": 0.88522495287783076, "groceries": 0.83810886313060751, "transit": 0.79497035524898629, "culture": 0.90086823220758849, "services": 0.86975170353979081, "livability": 0.85305372892997289 }, "geometry": { "type": "Polygon", "coordinates": [ [ [ 26.041674499999985, 44.404246600000036 ], [ 26.041674499999985, 44.409246600000039 ], [ 26.036674499999986, 44.409246600000039 ], [ 26.036674499999986, 44.404246600000036 ], [ 26.041674499999985, 44.404246600000036 ] ] ] } },
{ "type": "Feature", "properties": { "cell_id": 236, "education": 0.7977022380206098, "health": 0.8406476565075236, "green": 0.92871935035429787, "groceries": 0.80970384689844133, "transit": 0.74420728697672001, "culture": 0.88026986648700212, "services": 0.85030365928411844, "livability": 0.83593627207553045 }, "geometry": { "type": "Polygon", "coordinates": [ [ [ 26.041674499999985, 44.409246600000039 ], [ 26.041674499999985, 44.414246600000041 ], [ 26.036674499999986, 44.414246600000041 ], [ 26.036674499999986, 44.409246600000039 ], [ 26.041674499999985, 44.409246600000039 ] ] ] } },
{ "type": "Feature", "properties": { "cell_id": 237, "education": 0.8329175303856482, "health": 0.89854523345314163, "green": 0.82393310648321694, "groceries": 0.88639938130069085, "transit": 0.82099691188690604, "culture": 0.92859979995588127, "services": 0.94652281271010397, "livability": 0.87684496802508405 }, "geometry": { "type": "Polygon", "coordinates": [ [ [ 26.041674499999985, 44.414246600000041 ], [ 26.041674499999985, 44.419246600000044 ], [ 26.036674499999986, 44.419246600000044 ], [ 26.036674499999986, 44.414246600000041 ], [ 26.041674499999985, 44.414246600000041 ] ] ] } },
{ "type": "Feature", "properties": { "cell_id": 238, "education": 0.93460839804017648, "health": 0.97497773543036037, "green": 0.94623571090585068, "groceries": 0.93205203437085704, "transit": 0.90559141703530488, "culture": 0.93046266180271942, "services": 0.95436308079269994, "livability": 0.93975586262542399 }, "geometry": { "type": "Polygon", "coordinates": [ [ [ 26.041674499999985, 44.419246600000044 ], [ 26.041674499999985, 44.424246600000046 ], [ 26.036674499999986, 44.424246600000046 ], [ 26.036674499999986, 44.419246600000044 ], [ 26.041674499999985, 44.419246600000044 ] ] ] } },
{ "type": "Feature", "properties": { "cell_id": 239, "education": 0.95500637891378581, "health": 0.94200004421003902, "green": 0.94708260199205019, "groceries": 0.98063111609012454, "transit": 0.9153377751640378, "culture": 0.93677298253366614, "services": 0.9386444276465109, "livability": 0.94506790379288774 }, "geometry": { "type": "Polygon", "coordinates": [ [ [ 26.041674499999985, 44.424246600000046 ], [ 26.041674499999985, 44.429246600000049 ], [ 26.036674499999986, 44.429246600000049 ], [ 26.036674499999986, 44.424246600000046 ], [ 26.041674499999985, 44.424246600000046 ] ] ] } },
{ "type": "Feature", "properties": { "cell_id": 240, "education": 0.91623115853094739, "health": 0.93338795793428508, "green": 0.98932625019341547, "groceries": 0.91457217845719296, "transit": 0.79973266552904032, "culture": 0.91985055495629553, "services": 0.92669529261393269, "livability": 0.91425657974501562 }, "geometry": { "type": "Polygon", "coordinates": [ [ [ 26.041674499999985, 44.429246600000049 ], [ 26.041674499999985, 44.434246600000051 ], [ 26.036674499999986, 44.434246600000051 ], [ 26.036674499999986, 44.429246600000049 ], [ 26.041674499999985, 44.429246600000049 ] ] ] } },
{ "type": "Feature", "properties": { "cell_id": 241, "education": 0.9583713760761835, "health": 0.95535105359853911, "green": 0.9866873461865967, "groceries": 0.96478924671110533, "transit": 0.85809942463259936, "culture": 0.97511071398347748, "services": 0.95224964600762096, "livability": 0.95009411531373189 }, "geometry": { "type": "Polygon", "coordinates": [ [ [ 26.041674499999985, 44.434246600000051 ], [ 26.041674499999985, 44.439246600000054 ], [ 26.036674499999986, 44.439246600000054 ], [ 26.036674499999986, 44.434246600000051 ], [ 26.041674499999985, 44.434246600000051 ] ] ] } },
{ "type": "Feature", "properties": { "cell_id": 242, "education": 0.81814772872823593, "health": 0.91698289013005962, "green": 0.90027940357664604, "groceries": 0.96090099906432869, "transit": 0.82855062097443533, "culture": 0.85343989410154375, "services": 0.85440095501298929, "livability": 0.87610035594117697 }, "geometry": { "type": "Polygon", "coordinates": [ [ [ 26.041674499999985, 44.439246600000054 ], [ 26.041674499999985, 44.444246600000056 ], [ 26.036674499999986, 44.444246600000056 ], [ 26.036674499999986, 44.439246600000054 ], [ 26.041674499999985, 44.439246600000054 ] ] ] } },
{ "type": "Feature", "properties": { "cell_id": 243, "education": 0.83214547882957124, "health": 0.92934661992439271, "green": 0.8981331027811077, "groceries": 0.93564754706002873, "transit": 0.95801685064718711, "culture": 0.87045631859302419, "services": 0.87621319416509658, "livability": 0.89999415885720113 }, "geometry": { "type": "Polygon", "coordinates": [ [ [ 26.041674499999985, 44.444246600000056 ], [ 26.041674499999985, 44.449246600000059 ], [ 26.036674499999986, 44.449246600000059 ], [ 26.036674499999986, 44.444246600000056 ], [ 26.041674499999985, 44.444246600000056 ] ] ] } },
{ "type": "Feature", "properties": { "cell_id": 244, "education": 0.91705046015482883, "health": 0.95471650950376663, "green": 0.95343581154218038, "groceries": 0.93117975143459086, "transit": 0.80843983643932782, "culture": 0.94346106606535851, "services": 0.89704751742098288, "livability": 0.91504727893729088 }, "geometry": { "type": "Polygon", "coordinates": [ [ [ 26.041674499999985, 44.449246600000059 ], [ 26.041674499999985, 44.454246600000062 ], [ 26.036674499999986, 44.454246600000062 ], [ 26.036674499999986, 44.449246600000059 ], [ 26.041674499999985, 44.449246600000059 ] ] ] } },
{ "type": "Feature", "properties": { "cell_id": 245, "education": 0.9028534673452091, "health": 0.92309491460088633, "green": 0.89549754720167796, "groceries": 0.88312236898895291, "transit": 0.74398572438819655, "culture": 0.95820136313719051, "services": 0.84649561840953724, "livability": 0.87903585772452153 }, "geometry": { "type": "Polygon", "coordinates": [ [ [ 26.041674499999985, 44.454246600000062 ], [ 26.041674499999985, 44.459246600000064 ], [ 26.036674499999986, 44.459246600000064 ], [ 26.036674499999986, 44.454246600000062 ], [ 26.041674499999985, 44.454246600000062 ] ] ] } },
{ "type": "Feature", "properties": { "cell_id": 246, "education": 0.8956865411981203, "health": 0.96487702227537619, "green": 0.84505578082800648, "groceries": 0.931812681917082, "transit": 0.85984948851863274, "culture": 0.88849230857842121, "services": 0.88567227997180042, "livability": 0.89592087189820546 }, "geometry": { "type": "Polygon", "coordinates": [ [ [ 26.041674499999985, 44.459246600000064 ], [ 26.041674499999985, 44.464246600000067 ], [ 26.036674499999986, 44.464246600000067 ], [ 26.036674499999986, 44.459246600000064 ], [ 26.041674499999985, 44.459246600000064 ] ] ] } },
{ "type": "Feature", "properties": { "cell_id": 247, "education": 0.96929545163495467, "health": 0.94387758007940636, "green": 0.79400502496140368, "groceries": 1.0, "transit": 0.87541881993395565, "culture": 0.9043830463477075, "services": 0.87307309742726169, "livability": 0.90857900291209837 }, "geometry": { "type": "Polygon", "coordinates": [ [ [ 26.041674499999985, 44.464246600000067 ], [ 26.041674499999985, 44.469246600000069 ], [ 26.036674499999986, 44.469246600000069 ], [ 26.036674499999986, 44.464246600000067 ], [ 26.041674499999985, 44.464246600000067 ] ] ] } },
{ "type": "Feature", "properties": { "cell_id": 248, "education": 0.87908635926210754, "health": 0.86253673460128299, "green": 0.76166032701583009, "groceries": 0.88948491059916068, "transit": 0.7385717835568032, "culture": 0.90994483275829019, "services": 0.83145722978963255, "livability": 0.83896316822615813 }, "geometry": { "type": "Polygon", "coordinates": [ [ [ 26.041674499999985, 44.469246600000069 ], [ 26.041674499999985, 44.474246600000072 ], [ 26.036674499999986, 44.474246600000072 ], [ 26.036674499999986, 44.469246600000069 ], [ 26.041674499999985, 44.469246600000069 ] ] ] } },
{ "type": "Feature", "properties": { "cell_id": 249, "education": 0.91935565258569674, "health": 0.93422249063541607, "green": 0.74379723484006255, "groceries": 0.9369886148915525, "transit": 0.88564790717668296, "culture": 0.89820025400477599, "services": 0.95365689061586001, "livability": 0.89598129210714939 }, "geometry": { "type": "Polygon", "coordinates": [ [ [ 26.041674499999985, 44.474246600000072 ], [ 26.041674499999985, 44.479246600000074 ], [ 26.036674499999986, 44.479246600000074 ], [ 26.036674499999986, 44.474246600000072 ], [ 26.041674499999985, 44.474246600000072 ] ] ] } },
{ "type": "Feature", "properties": { "cell_id": 250, "education": 0.87330902506957253, "health": 0.97184536924660214, "green": 0.87052947701939909, "groceries": 0.94778529304284809, "transit": 0.92831918641783728, "culture": 0.94951841482771637, "services": 0.94785005972179859, "livability": 0.927022403620825 }, "geometry": { "type": "Polygon", "coordinates": [ [ [ 26.041674499999985, 44.479246600000074 ], [ 26.041674499999985, 44.484246600000077 ], [ 26.036674499999986, 44.484246600000077 ], [ 26.036674499999986, 44.479246600000074 ], [ 26.041674499999985, 44.479246600000074 ] ] ] } },
{ "type": "Feature", "properties": { "cell_id": 251, "education": 0.96883573370496923, "health": 0.98002010764830938, "green": 0.96161987692717754, "groceries": 0.93353877121866657, "transit": 0.96019786739722912, "culture": 0.97798051240674233, "services": 0.9896324151094964, "livability": 0.96740361205894143 }, "geometry": { "type": "Polygon", "coordinates": [ [ [ 26.041674499999985, 44.484246600000077 ], [ 26.041674499999985, 44.489246600000079 ], [ 26.036674499999986, 44.489246600000079 ], [ 26.036674499999986, 44.484246600000077 ], [ 26.041674499999985, 44.484246600000077 ] ] ] } },
{ "type": "Feature", "properties": { "cell_id": 252, "education": 0.93815380231492451, "health": 0.90296723082584474, "green": 0.87783984481508504, "groceries": 0.91747393745869643, "transit": 0.80327051813592465, "culture": 0.97560664409518194, "services": 0.89622713523257702, "livability": 0.90164844469689054 }, "geometry": { "type": "Polygon", "coordinates": [ [ [ 26.041674499999985, 44.489246600000079 ], [ 26.041674499999985, 44.494246600000082 ], [ 26.036674499999986, 44.494246600000082 ], [ 26.036674499999986, 44.489246600000079 ], [ 26.041674499999985, 44.489246600000079 ] ] ] } },
{ "type": "Feature", "properties": { "cell_id": 253, "education": 0.78845518165076867, "health": 0.79136817675123239, "green": 0.93546189554065418, "groceries": 0.98491127605830886, "transit": 0.71759670509120688, "culture": 0.89940033904602046, "services": 0.85715804728879741, "livability": 0.85347880306099844 }, "geometry": { "type": "Polygon", "coordinates": [ [ [ 26.041674499999985, 44.494246600000082 ], [ 26.041674499999985, 44.499246600000085 ], [ 26.036674499999986, 44.499246600000085 ], [ 26.036674499999986, 44.494246600000082 ], [ 26.041674499999985, 44.494246600000082 ] ] ] } },
{ "type": "Feature", "properties": { "cell_id": 254, "education": 0.68600925159908566, "health": 0.72965384426333058, "green": 0.98549396296403757, "groceries": 0.86932611599556242, "transit": 0.58268104719566549, "culture": 0.81753176817140949, "services": 0.81717866197894717, "livability": 0.78398209316686251 }, "geometry": { "type": "Polygon", "coordinates": [ [ [ 26.041674499999985, 44.499246600000085 ], [ 26.041674499999985, 44.504246600000087 ], [ 26.036674499999986, 44.504246600000087 ], [ 26.036674499999986, 44.499246600000085 ], [ 26.041674499999985, 44.499246600000085 ] ] ] } },
{ "type": "Feature", "properties": { "cell_id": 255, "education": 0.86361689527568486, "health": 0.94076025390375351, "green": 0.83112647937153028, "groceries": 0.79120851545038839, "transit": 0.91962895557112945, "culture": 0.8383084407100474, "services": 0.83865495180195726, "livability": 0.8604720702977845 }, "geometry": { "type": "Polygon", "coordinates": [ [ [ 26.041674499999985, 44.504246600000087 ], [ 26.041674499999985, 44.50924660000009 ], [ 26.036674499999986, 44.50924660000009 ], [ 26.036674499999986, 44.504246600000087 ], [ 26.041674499999985, 44.504246600000087 ] ] ] } },
{ "type": "Feature", "properties": { "cell_id": 256, "education": 0.83234251536172543, "health": 0.8047947366540964, "green": 0.79240163400143504, "groceries": 0.691057735584095, "transit": 0.54924613877720185, "culture": 0.76568245190488171, "services": 0.76817860657103276, "livability": 0.74338625983635254 }, "geometry": { "type": "Polygon", "coordinates": [ [ [ 26.041674499999985, 44.50924660000009 ], [ 26.041674499999985, 44.514246600000092 ], [ 26.036674499999986, 44.514246600000092 ], [ 26.036674499999986, 44.50924660000009 ], [ 26.041674499999985, 44.50924660000009 ] ] ] } },
{ "type": "Feature", "properties": { "cell_id": 257, "education": 0.73278556119788085, "health": 0.75305428377937011, "green": 0.66912732237258266, "groceries": 0.6135185594564837, "transit": 0.36651185306072998, "culture": 0.69153351302101118, "services": 0.72803207857738284, "livability": 0.65065188163792009 }, "geometry": { "type": "Polygon", "coordinates": [ [ [ 26.041674499999985, 44.514246600000092 ], [ 26.041674499999985, 44.519246600000095 ], [ 26.036674499999986, 44.519246600000095 ], [ 26.036674499999986, 44.514246600000092 ], [ 26.041674499999985, 44.514246600000092 ] ] ] } },
{ "type": "Feature", "properties": { "cell_id": 258, "education": 0.56693624048873259, "health": 0.64933308600247286, "green": 0.46376787745740411, "groceries": 0.52448876542497336, "transit": 0.29678704865824301, "culture": 0.6501278989461482, "services": 0.64882029809052522, "livability": 0.54289445929549984 }, "geometry": { "type": "Polygon", "coordinates": [ [ [ 26.041674499999985, 44.519246600000095 ], [ 26.041674499999985, 44.524246600000097 ], [ 26.036674499999986, 44.524246600000097 ], [ 26.036674499999986, 44.519246600000095 ], [ 26.041674499999985, 44.519246600000095 ] ] ] } },
{ "type": "Feature", "properties": { "cell_id": 259, "education": 0.71583633157715099, "health": 0.67458111555357769, "green": 0.84589325975157625, "groceries": 0.65921495353946635, "transit": 0.94214154512485271, "culture": 0.6427466419306791, "services": 0.60901994349811606, "livability": 0.72706197013934559 }, "geometry": { "type": "Polygon", "coordinates": [ [ [ 26.046674499999984, 44.374246600000021 ], [ 26.046674499999984, 44.379246600000023 ], [ 26.041674499999985, 44.379246600000023 ], [ 26.041674499999985, 44.374246600000021 ], [ 26.046674499999984, 44.374246600000021 ] ] ] } },
{ "type": "Feature", "properties": { "cell_id": 260, "education": 0.77405037288498946, "health": 0.70639217624926387, "green": 0.78095950010442916, "groceries": 0.71900423935931679, "transit": 0.93258040542483189, "culture": 0.68610382804963332, "services": 0.65109380806687689, "livability": 0.75002633287704867 }, "geometry": { "type": "Polygon", "coordinates": [ [ [ 26.046674499999984, 44.379246600000023 ], [ 26.046674499999984, 44.384246600000026 ], [ 26.041674499999985, 44.384246600000026 ], [ 26.041674499999985, 44.379246600000023 ], [ 26.046674499999984, 44.379246600000023 ] ] ] } },
{ "type": "Feature", "properties": { "cell_id": 261, "education": 0.87786233080995801, "health": 0.76699186731954383, "green": 0.90950248094917063, "groceries": 0.82562529992221723, "transit": 0.8754709574972569, "culture": 0.76342184755156883, "services": 0.72612330542226666, "livability": 0.82071401278171163 }, "geometry": { "type": "Polygon", "coordinates": [ [ [ 26.046674499999984, 44.384246600000026 ], [ 26.046674499999984, 44.389246600000028 ], [ 26.041674499999985, 44.389246600000028 ], [ 26.041674499999985, 44.384246600000026 ], [ 26.046674499999984, 44.384246600000026 ] ] ] } },
{ "type": "Feature", "properties": { "cell_id": 262, "education": 0.81400511111136864, "health": 0.87131826114052546, "green": 0.78248826098124602, "groceries": 0.89749101527133179, "transit": 0.8201296508197925, "culture": 0.88451264492315795, "services": 0.87557354849518876, "livability": 0.84935978467751583 }, "geometry": { "type": "Polygon", "coordinates": [ [ [ 26.046674499999984, 44.389246600000028 ], [ 26.046674499999984, 44.394246600000031 ], [ 26.041674499999985, 44.394246600000031 ], [ 26.041674499999985, 44.389246600000028 ], [ 26.046674499999984, 44.389246600000028 ] ] ] } },
{ "type": "Feature", "properties": { "cell_id": 263, "education": 0.76349055593643067, "health": 0.90111568329068015, "green": 0.81420443626682348, "groceries": 0.88784657168475578, "transit": 0.79956877714829977, "culture": 0.91867009283244483, "services": 0.89155263347596625, "livability": 0.85377839294791436 }, "geometry": { "type": "Polygon", "coordinates": [ [ [ 26.046674499999984, 44.394246600000031 ], [ 26.046674499999984, 44.399246600000033 ], [ 26.041674499999985, 44.399246600000033 ], [ 26.041674499999985, 44.394246600000031 ], [ 26.046674499999984, 44.394246600000031 ] ] ] } },
{ "type": "Feature", "properties": { "cell_id": 264, "education": 0.78331413355117618, "health": 0.92376050844277202, "green": 0.81815923787949474, "groceries": 0.95780552416836917, "transit": 0.84189839108053055, "culture": 0.90428740348205183, "services": 0.89386101916290939, "livability": 0.87472660253818624 }, "geometry": { "type": "Polygon", "coordinates": [ [ [ 26.046674499999984, 44.399246600000033 ], [ 26.046674499999984, 44.404246600000036 ], [ 26.041674499999985, 44.404246600000036 ], [ 26.041674499999985, 44.399246600000033 ], [ 26.046674499999984, 44.399246600000033 ] ] ] } },
{ "type": "Feature", "properties": { "cell_id": 265, "education": 0.80653096451912565, "health": 0.87769949766440891, "green": 0.7808379024120532, "groceries": 0.819087622411102, "transit": 0.71245892339270767, "culture": 0.86219184315726727, "services": 0.81576150752949295, "livability": 0.81065260872659395 }, "geometry": { "type": "Polygon", "coordinates": [ [ [ 26.046674499999984, 44.404246600000036 ], [ 26.046674499999984, 44.409246600000039 ], [ 26.041674499999985, 44.409246600000039 ], [ 26.041674499999985, 44.404246600000036 ], [ 26.046674499999984, 44.404246600000036 ] ] ] } },
{ "type": "Feature", "properties": { "cell_id": 266, "education": 0.7686435052467826, "health": 0.85914646190281485, "green": 0.99290951280795048, "groceries": 0.81981673847088565, "transit": 0.65587902668278941, "culture": 0.85876593372935828, "services": 0.86235160428310265, "livability": 0.83107325473195481 }, "geometry": { "type": "Polygon", "coordinates": [ [ [ 26.046674499999984, 44.409246600000039 ], [ 26.046674499999984, 44.414246600000041 ], [ 26.041674499999985, 44.414246600000041 ], [ 26.041674499999985, 44.409246600000039 ], [ 26.046674499999984, 44.409246600000039 ] ] ] } },
{ "type": "Feature", "properties": { "cell_id": 267, "education": 0.98076714107915886, "health": 0.96696985400155266, "green": 0.92109182327296146, "groceries": 0.96624247389413587, "transit": 0.89179884843322554, "culture": 0.95648875920116982, "services": 0.98119266959464668, "livability": 0.95207879563955011 }, "geometry": { "type": "Polygon", "coordinates": [ [ [ 26.046674499999984, 44.414246600000041 ], [ 26.046674499999984, 44.419246600000044 ], [ 26.041674499999985, 44.419246600000044 ], [ 26.041674499999985, 44.414246600000041 ], [ 26.046674499999984, 44.414246600000041 ] ] ] } },
{ "type": "Feature", "properties": { "cell_id": 268, "education": 0.95263272325239456, "health": 0.95332006848521311, "green": 0.96684694731864707, "groceries": 0.9205500659346133, "transit": 0.90837356885314957, "culture": 0.94630965449072491, "services": 0.94918397206597327, "livability": 0.94245957148581638 }, "geometry": { "type": "Polygon", "coordinates": [ [ [ 26.046674499999984, 44.419246600000044 ], [ 26.046674499999984, 44.424246600000046 ], [ 26.041674499999985, 44.424246600000046 ], [ 26.041674499999985, 44.419246600000044 ], [ 26.046674499999984, 44.419246600000044 ] ] ] } },
{ "type": "Feature", "properties": { "cell_id": 269, "education": 0.91273152794101597, "health": 0.96510215842870528, "green": 0.94946479422749686, "groceries": 0.95380500498448506, "transit": 0.85014671622887106, "culture": 0.96436558226886027, "services": 0.95967699819686414, "livability": 0.9364703974680425 }, "geometry": { "type": "Polygon", "coordinates": [ [ [ 26.046674499999984, 44.424246600000046 ], [ 26.046674499999984, 44.429246600000049 ], [ 26.041674499999985, 44.429246600000049 ], [ 26.041674499999985, 44.424246600000046 ], [ 26.046674499999984, 44.424246600000046 ] ] ] } },
{ "type": "Feature", "properties": { "cell_id": 270, "education": 0.90768124277362083, "health": 0.89549783063100297, "green": 0.99541925968622891, "groceries": 0.91071204337555711, "transit": 0.80815248473041179, "culture": 0.88313378903934903, "services": 0.88295609014702137, "livability": 0.89765039148331316 }, "geometry": { "type": "Polygon", "coordinates": [ [ [ 26.046674499999984, 44.429246600000049 ], [ 26.046674499999984, 44.434246600000051 ], [ 26.041674499999985, 44.434246600000051 ], [ 26.041674499999985, 44.429246600000049 ], [ 26.046674499999984, 44.429246600000049 ] ] ] } },
{ "type": "Feature", "properties": { "cell_id": 271, "education": 0.88048646027737298, "health": 0.91798369568403804, "green": 0.94218870362264762, "groceries": 0.92670291726973775, "transit": 0.82941854917151436, "culture": 0.96309318955952306, "services": 0.91228667460547885, "livability": 0.91030859859861601 }, "geometry": { "type": "Polygon", "coordinates": [ [ [ 26.046674499999984, 44.434246600000051 ], [ 26.046674499999984, 44.439246600000054 ], [ 26.041674499999985, 44.439246600000054 ], [ 26.041674499999985, 44.434246600000051 ], [ 26.046674499999984, 44.434246600000051 ] ] ] } },
{ "type": "Feature", "properties": { "cell_id": 272, "education": 0.87875034830580456, "health": 0.96290513679943091, "green": 0.95846232416166599, "groceries": 0.94349962768981188, "transit": 0.81621977560620063, "culture": 0.93352595213911693, "services": 0.9275943441109965, "livability": 0.91727964411614671 }, "geometry": { "type": "Polygon", "coordinates": [ [ [ 26.046674499999984, 44.439246600000054 ], [ 26.046674499999984, 44.444246600000056 ], [ 26.041674499999985, 44.444246600000056 ], [ 26.041674499999985, 44.439246600000054 ], [ 26.046674499999984, 44.439246600000054 ] ] ] } },
{ "type": "Feature", "properties": { "cell_id": 273, "education": 0.91786790329525181, "health": 0.93208897627539167, "green": 0.86767960446807946, "groceries": 0.87701052912960575, "transit": 0.89540643884679749, "culture": 0.93430144991576725, "services": 0.938047736149619, "livability": 0.9089146625829303 }, "geometry": { "type": "Polygon", "coordinates": [ [ [ 26.046674499999984, 44.444246600000056 ], [ 26.046674499999984, 44.449246600000059 ], [ 26.041674499999985, 44.449246600000059 ], [ 26.041674499999985, 44.444246600000056 ], [ 26.046674499999984, 44.444246600000056 ] ] ] } },
{ "type": "Feature", "properties": { "cell_id": 274, "education": 0.93582322521457417, "health": 0.96326750736522715, "green": 0.98795190818334533, "groceries": 0.94417525579742134, "transit": 0.91368235859442348, "culture": 0.97337129230048103, "services": 0.95361660399931225, "livability": 0.95312687877925506 }, "geometry": { "type": "Polygon", "coordinates": [ [ [ 26.046674499999984, 44.449246600000059 ], [ 26.046674499999984, 44.454246600000062 ], [ 26.041674499999985, 44.454246600000062 ], [ 26.041674499999985, 44.449246600000059 ], [ 26.046674499999984, 44.449246600000059 ] ] ] } },
{ "type": "Feature", "properties": { "cell_id": 275, "education": 0.89095571105520099, "health": 0.94842164276549468, "green": 0.93017511044057566, "groceries": 0.98325250040537926, "transit": 0.92655502922746258, "culture": 0.92147290550127381, "services": 0.94267064384878774, "livability": 0.93478622046345361 }, "geometry": { "type": "Polygon", "coordinates": [ [ [ 26.046674499999984, 44.454246600000062 ], [ 26.046674499999984, 44.459246600000064 ], [ 26.041674499999985, 44.459246600000064 ], [ 26.041674499999985, 44.454246600000062 ], [ 26.046674499999984, 44.454246600000062 ] ] ] } },
{ "type": "Feature", "properties": { "cell_id": 276, "education": 0.97744051194808623, "health": 0.98012823350438538, "green": 0.97712192567571732, "groceries": 0.99113241855351542, "transit": 0.91672682237681014, "culture": 0.86935789297975663, "services": 0.97937152876507361, "livability": 0.95589704768619199 }, "geometry": { "type": "Polygon", "coordinates": [ [ [ 26.046674499999984, 44.459246600000064 ], [ 26.046674499999984, 44.464246600000067 ], [ 26.041674499999985, 44.464246600000067 ], [ 26.041674499999985, 44.459246600000064 ], [ 26.046674499999984, 44.459246600000064 ] ] ] } },
{ "type": "Feature", "properties": { "cell_id": 277, "education": 0.8842950569795528, "health": 0.93829892999688935, "green": 0.8652571617724969, "groceries": 0.93324725914641726, "transit": 0.84009949982222953, "culture": 0.85857802126790406, "services": 0.89118028810833894, "livability": 0.88727945958483256 }, "geometry": { "type": "Polygon", "coordinates": [ [ [ 26.046674499999984, 44.464246600000067 ], [ 26.046674499999984, 44.469246600000069 ], [ 26.041674499999985, 44.469246600000069 ], [ 26.041674499999985, 44.464246600000067 ], [ 26.046674499999984, 44.464246600000067 ] ] ] } },
{ "type": "Feature", "properties": { "cell_id": 278, "education": 0.75221065533093179, "health": 0.92545124664189859, "green": 0.64765951092700846, "groceries": 0.88670343915355498, "transit": 0.83794195833479179, "culture": 0.87161569526091098, "services": 0.85829318542008037, "livability": 0.82569652729559662 }, "geometry": { "type": "Polygon", "coordinates": [ [ [ 26.046674499999984, 44.469246600000069 ], [ 26.046674499999984, 44.474246600000072 ], [ 26.041674499999985, 44.474246600000072 ], [ 26.041674499999985, 44.469246600000069 ], [ 26.046674499999984, 44.469246600000069 ] ] ] } },
{ "type": "Feature", "properties": { "cell_id": 279, "education": 0.80919215985928483, "health": 0.99639357996112721, "green": 0.81236015341142231, "groceries": 0.96387303629510102, "transit": 1.0, "culture": 0.98306823886734984, "services": 0.97433155505523739, "livability": 0.93417410334993178 }, "geometry": { "type": "Polygon", "coordinates": [ [ [ 26.046674499999984, 44.474246600000072 ], [ 26.046674499999984, 44.479246600000074 ], [ 26.041674499999985, 44.479246600000074 ], [ 26.041674499999985, 44.474246600000072 ], [ 26.046674499999984, 44.474246600000072 ] ] ] } },
{ "type": "Feature", "properties": { "cell_id": 280, "education": 0.84756361382321943, "health": 0.97544823380129497, "green": 0.89331405783299134, "groceries": 0.96851042090198114, "transit": 0.90532550391398414, "culture": 0.9560956006486957, "services": 0.98378717521729353, "livability": 0.93286351516277999 }, "geometry": { "type": "Polygon", "coordinates": [ [ [ 26.046674499999984, 44.479246600000074 ], [ 26.046674499999984, 44.484246600000077 ], [ 26.041674499999985, 44.484246600000077 ], [ 26.041674499999985, 44.479246600000074 ], [ 26.046674499999984, 44.479246600000074 ] ] ] } },
{ "type": "Feature", "properties": { "cell_id": 281, "education": 0.90645211124851699, "health": 0.9248693206077796, "green": 0.91754515516861512, "groceries": 0.94418501730962145, "transit": 0.90377376226952033, "culture": 0.92569237599197951, "services": 0.92789179398399479, "livability": 0.92148707665428975 }, "geometry": { "type": "Polygon", "coordinates": [ [ [ 26.046674499999984, 44.484246600000077 ], [ 26.046674499999984, 44.489246600000079 ], [ 26.041674499999985, 44.489246600000079 ], [ 26.041674499999985, 44.484246600000077 ], [ 26.046674499999984, 44.484246600000077 ] ] ] } },
{ "type": "Feature", "properties": { "cell_id": 282, "education": 0.92734704142632307, "health": 0.888565036215333, "green": 0.92496746344594172, "groceries": 0.94812471342399207, "transit": 0.78974133474391328, "culture": 0.92736712787743669, "services": 0.88368957720395847, "livability": 0.89854318490527119 }, "geometry": { "type": "Polygon", "coordinates": [ [ [ 26.046674499999984, 44.489246600000079 ], [ 26.046674499999984, 44.494246600000082 ], [ 26.041674499999985, 44.494246600000082 ], [ 26.041674499999985, 44.489246600000079 ], [ 26.046674499999984, 44.489246600000079 ] ] ] } },
{ "type": "Feature", "properties": { "cell_id": 283, "education": 0.80142029418206406, "health": 0.80253906097447825, "green": 0.88090783357482971, "groceries": 0.91187614508697157, "transit": 0.60812077576065515, "culture": 0.87903440453882897, "services": 0.78258675309533832, "livability": 0.80949789531616645 }, "geometry": { "type": "Polygon", "coordinates": [ [ [ 26.046674499999984, 44.494246600000082 ], [ 26.046674499999984, 44.499246600000085 ], [ 26.041674499999985, 44.499246600000085 ], [ 26.041674499999985, 44.494246600000082 ], [ 26.046674499999984, 44.494246600000082 ] ] ] } },
{ "type": "Feature", "properties": { "cell_id": 284, "education": 0.79920203585075023, "health": 0.88182378740619516, "green": 0.76656343017201267, "groceries": 0.87583339727435527, "transit": 0.91835555299008265, "culture": 0.89967556863647102, "services": 0.89820568515135724, "livability": 0.8628084939258891 }, "geometry": { "type": "Polygon", "coordinates": [ [ [ 26.046674499999984, 44.499246600000085 ], [ 26.046674499999984, 44.504246600000087 ], [ 26.041674499999985, 44.504246600000087 ], [ 26.041674499999985, 44.499246600000085 ], [ 26.046674499999984, 44.499246600000085 ] ] ] } },
{ "type": "Feature", "properties": { "cell_id": 285, "education": 0.85145651520568344, "health": 0.84128338499793998, "green": 0.81606914364983296, "groceries": 0.862043142786309, "transit": 0.80234681135658537, "culture": 0.88967533828972445, "services": 0.88850144982319124, "livability": 0.85019654087275232 }, "geometry": { "type": "Polygon", "coordinates": [ [ [ 26.046674499999984, 44.504246600000087 ], [ 26.046674499999984, 44.50924660000009 ], [ 26.041674499999985, 44.50924660000009 ], [ 26.041674499999985, 44.504246600000087 ], [ 26.046674499999984, 44.504246600000087 ] ] ] } },
{ "type": "Feature", "properties": { "cell_id": 286, "education": 0.87856232597561001, "health": 0.83603016285422205, "green": 0.84963234565685175, "groceries": 0.73852823248225152, "transit": 0.63408143882644774, "culture": 0.80010646518669426, "services": 0.80158370967801296, "livability": 0.79121781152286996 }, "geometry": { "type": "Polygon", "coordinates": [ [ [ 26.046674499999984, 44.50924660000009 ], [ 26.046674499999984, 44.514246600000092 ], [ 26.041674499999985, 44.514246600000092 ], [ 26.041674499999985, 44.50924660000009 ], [ 26.046674499999984, 44.50924660000009 ] ] ] } },
{ "type": "Feature", "properties": { "cell_id": 287, "education": 0.70489768641509176, "health": 0.73710901279349739, "green": 0.63459574599488278, "groceries": 0.66618338303435498, "transit": 0.41539067717285727, "culture": 0.75288008645771676, "services": 0.74853114209328409, "livability": 0.66565539056595491 }, "geometry": { "type": "Polygon", "coordinates": [ [ [ 26.046674499999984, 44.514246600000092 ], [ 26.046674499999984, 44.519246600000095 ], [ 26.041674499999985, 44.519246600000095 ], [ 26.041674499999985, 44.514246600000092 ], [ 26.046674499999984, 44.514246600000092 ] ] ] } },
{ "type": "Feature", "properties": { "cell_id": 288, "education": 0.56693624048873259, "health": 0.64933308600247286, "green": 0.46376787745740411, "groceries": 0.52448876542497336, "transit": 0.29678704865824301, "culture": 0.6501278989461482, "services": 0.64882029809052522, "livability": 0.54289445929549984 }, "geometry": { "type": "Polygon", "coordinates": [ [ [ 26.046674499999984, 44.519246600000095 ], [ 26.046674499999984, 44.524246600000097 ], [ 26.041674499999985, 44.524246600000097 ], [ 26.041674499999985, 44.519246600000095 ], [ 26.046674499999984, 44.519246600000095 ] ] ] } },
{ "type": "Feature", "properties": { "cell_id": 289, "education": 0.34042966955594034, "health": 0.52817169862416691, "green": 0.25910001052640674, "groceries": 0.43785831663206365, "transit": 0.89703830696226561, "culture": 0.48142826338628397, "services": 0.50726632251367287, "livability": 0.49304179831439998 }, "geometry": { "type": "Polygon", "coordinates": [ [ [ 26.046674499999984, 44.524246600000097 ], [ 26.046674499999984, 44.5292466000001 ], [ 26.041674499999985, 44.5292466000001 ], [ 26.041674499999985, 44.524246600000097 ], [ 26.046674499999984, 44.524246600000097 ] ] ] } },
{ "type": "Feature", "properties": { "cell_id": 290, "education": 0.78596531052410668, "health": 0.71444431126155972, "green": 0.79571292188092912, "groceries": 0.73124158959349383, "transit": 0.93101446645501074, "culture": 0.69497794428016868, "services": 0.65970526092792303, "livability": 0.75900882927474167 }, "geometry": { "type": "Polygon", "coordinates": [ [ [ 26.051674499999983, 44.379246600000023 ], [ 26.051674499999983, 44.384246600000026 ], [ 26.046674499999984, 44.384246600000026 ], [ 26.046674499999984, 44.379246600000023 ], [ 26.051674499999983, 44.379246600000023 ] ] ] } },
{ "type": "Feature", "properties": { "cell_id": 291, "education": 0.89590617322364863, "health": 0.77918592654639451, "green": 0.93184489059166054, "groceries": 0.84415740020461472, "transit": 0.87404338788320945, "culture": 0.77686070553592479, "services": 0.73916438906734694, "livability": 0.83445183900754283 }, "geometry": { "type": "Polygon", "coordinates": [ [ [ 26.051674499999983, 44.384246600000026 ], [ 26.051674499999983, 44.389246600000028 ], [ 26.046674499999984, 44.389246600000028 ], [ 26.046674499999984, 44.384246600000026 ], [ 26.051674499999983, 44.384246600000026 ] ] ] } },
{ "type": "Feature", "properties": { "cell_id": 292, "education": 0.90001171034952065, "health": 0.87022973823831107, "green": 0.8889841296593195, "groceries": 0.99277228183714972, "transit": 0.91666854432952016, "culture": 0.8846312365705824, "services": 0.81955500973768969, "livability": 0.89612180724601331 }, "geometry": { "type": "Polygon", "coordinates": [ [ [ 26.051674499999983, 44.389246600000028 ], [ 26.051674499999983, 44.394246600000031 ], [ 26.046674499999984, 44.394246600000031 ], [ 26.046674499999984, 44.389246600000028 ], [ 26.051674499999983, 44.389246600000028 ] ] ] } },
{ "type": "Feature", "properties": { "cell_id": 293, "education": 0.83209203181668123, "health": 0.94747667673952762, "green": 0.82476324004328017, "groceries": 0.96682702199700776, "transit": 0.94071602940140753, "culture": 0.96976372747715889, "services": 0.89771572176608927, "livability": 0.91133634989159318 }, "geometry": { "type": "Polygon", "coordinates": [ [ [ 26.051674499999983, 44.394246600000031 ], [ 26.051674499999983, 44.399246600000033 ], [ 26.046674499999984, 44.399246600000033 ], [ 26.046674499999984, 44.394246600000031 ], [ 26.051674499999983, 44.394246600000031 ] ] ] } },
{ "type": "Feature", "properties": { "cell_id": 294, "education": 0.88933066777758529, "health": 0.94543765065131613, "green": 0.82251951782302912, "groceries": 0.92203367349584386, "transit": 0.9256765742123273, "culture": 0.93684486896094143, "services": 0.88820489185555429, "livability": 0.90429254925379943 }, "geometry": { "type": "Polygon", "coordinates": [ [ [ 26.051674499999983, 44.399246600000033 ], [ 26.051674499999983, 44.404246600000036 ], [ 26.046674499999984, 44.404246600000036 ], [ 26.046674499999984, 44.399246600000033 ], [ 26.051674499999983, 44.399246600000033 ] ] ] } },
{ "type": "Feature", "properties": { "cell_id": 295, "education": 0.85842505228777033, "health": 0.87144380784799835, "green": 0.83984584342962343, "groceries": 0.8334944665959827, "transit": 0.77958405594913172, "culture": 0.85547217005047416, "services": 0.85538179311993856, "livability": 0.84194959846870276 }, "geometry": { "type": "Polygon", "coordinates": [ [ [ 26.051674499999983, 44.404246600000036 ], [ 26.051674499999983, 44.409246600000039 ], [ 26.046674499999984, 44.409246600000039 ], [ 26.046674499999984, 44.404246600000036 ], [ 26.051674499999983, 44.404246600000036 ] ] ] } },
{ "type": "Feature", "properties": { "cell_id": 296, "education": 0.71769111764558824, "health": 0.82471275216885043, "green": 0.86606661272373087, "groceries": 0.76748560328337856, "transit": 0.59888195338999062, "culture": 0.82081714847413112, "services": 0.82552605829409731, "livability": 0.77445446371139515 }, "geometry": { "type": "Polygon", "coordinates": [ [ [ 26.051674499999983, 44.409246600000039 ], [ 26.051674499999983, 44.414246600000041 ], [ 26.046674499999984, 44.414246600000041 ], [ 26.046674499999984, 44.409246600000039 ], [ 26.051674499999983, 44.409246600000039 ] ] ] } },
{ "type": "Feature", "properties": { "cell_id": 297, "education": 0.89604941825570605, "health": 0.95574504453516762, "green": 0.88794508894470692, "groceries": 0.94907365257137111, "transit": 0.88851560553306053, "culture": 0.93273645564620145, "services": 0.95422169935528323, "livability": 0.92346956640592792 }, "geometry": { "type": "Polygon", "coordinates": [ [ [ 26.051674499999983, 44.414246600000041 ], [ 26.051674499999983, 44.419246600000044 ], [ 26.046674499999984, 44.419246600000044 ], [ 26.046674499999984, 44.414246600000041 ], [ 26.051674499999983, 44.414246600000041 ] ] ] } },
{ "type": "Feature", "properties": { "cell_id": 298, "education": 0.88526062686499063, "health": 0.95386740069780862, "green": 0.92873000298682074, "groceries": 0.94157347409079584, "transit": 0.89758199809165351, "culture": 0.91291414604303334, "services": 0.90072726208757314, "livability": 0.91723641583752491 }, "geometry": { "type": "Polygon", "coordinates": [ [ [ 26.051674499999983, 44.419246600000044 ], [ 26.051674499999983, 44.424246600000046 ], [ 26.046674499999984, 44.424246600000046 ], [ 26.046674499999984, 44.419246600000044 ], [ 26.051674499999983, 44.419246600000044 ] ] ] } },
{ "type": "Feature", "properties": { "cell_id": 299, "education": 0.91682125815478133, "health": 0.98090899171319035, "green": 0.9638711259370869, "groceries": 0.9523025441594285, "transit": 0.94814889331500085, "culture": 0.96722711003379658, "services": 0.95083431220383996, "livability": 0.95430203364530342 }, "geometry": { "type": "Polygon", "coordinates": [ [ [ 26.051674499999983, 44.424246600000046 ], [ 26.051674499999983, 44.429246600000049 ], [ 26.046674499999984, 44.429246600000049 ], [ 26.046674499999984, 44.424246600000046 ], [ 26.051674499999983, 44.424246600000046 ] ] ] } },
{ "type": "Feature", "properties": { "cell_id": 300, "education": 0.86344716541967115, "health": 0.92448111494887586, "green": 0.93369521927024357, "groceries": 0.89198716622070384, "transit": 0.78810312095373614, "culture": 0.94213655171154009, "services": 0.92790829660953689, "livability": 0.89596551930490098 }, "geometry": { "type": "Polygon", "coordinates": [ [ [ 26.051674499999983, 44.429246600000049 ], [ 26.051674499999983, 44.434246600000051 ], [ 26.046674499999984, 44.434246600000051 ], [ 26.046674499999984, 44.429246600000049 ], [ 26.051674499999983, 44.429246600000049 ] ] ] } },
{ "type": "Feature", "properties": { "cell_id": 301, "education": 0.98240027193567903, "health": 0.95720087982662816, "green": 1.0, "groceries": 0.92909445592953921, "transit": 0.90360593058268923, "culture": 0.96802149888786804, "services": 0.93647826775972842, "livability": 0.95382875784601873 }, "geometry": { "type": "Polygon", "coordinates": [ [ [ 26.051674499999983, 44.434246600000051 ], [ 26.051674499999983, 44.439246600000054 ], [ 26.046674499999984, 44.439246600000054 ], [ 26.046674499999984, 44.434246600000051 ], [ 26.051674499999983, 44.434246600000051 ] ] ] } },
{ "type": "Feature", "properties": { "cell_id": 302, "education": 0.95787712717716722, "health": 1.0, "green": 1.0, "groceries": 0.9009976935665287, "transit": 0.81954803894327155, "culture": 1.0, "services": 0.90009251698489068, "livability": 0.93978791095312253 }, "geometry": { "type": "Polygon", "coordinates": [ [ [ 26.051674499999983, 44.439246600000054 ], [ 26.051674499999983, 44.444246600000056 ], [ 26.046674499999984, 44.444246600000056 ], [ 26.046674499999984, 44.439246600000054 ], [ 26.051674499999983, 44.439246600000054 ] ] ] } },
{ "type": "Feature", "properties": { "cell_id": 303, "education": 0.85009982442603671, "health": 0.91559936737754855, "green": 0.87421414104438133, "groceries": 0.88579526587997504, "transit": 0.79891467867371047, "culture": 0.96685406930158468, "services": 0.89680711499685695, "livability": 0.88404063738572769 }, "geometry": { "type": "Polygon", "coordinates": [ [ [ 26.051674499999983, 44.444246600000056 ], [ 26.051674499999983, 44.449246600000059 ], [ 26.046674499999984, 44.449246600000059 ], [ 26.046674499999984, 44.444246600000056 ], [ 26.051674499999983, 44.444246600000056 ] ] ] } },
{ "type": "Feature", "properties": { "cell_id": 304, "education": 0.90305747451525364, "health": 0.96751463863688303, "green": 0.95744038463371872, "groceries": 0.96469426048608253, "transit": 0.88309001216563832, "culture": 0.95540086951415903, "services": 0.94075857362924464, "livability": 0.93885088765442559 }, "geometry": { "type": "Polygon", "coordinates": [ [ [ 26.051674499999983, 44.449246600000059 ], [ 26.051674499999983, 44.454246600000062 ], [ 26.046674499999984, 44.454246600000062 ], [ 26.046674499999984, 44.449246600000059 ], [ 26.051674499999983, 44.449246600000059 ] ] ] } },
{ "type": "Feature", "properties": { "cell_id": 305, "education": 0.99143870572541015, "health": 0.97364038690736998, "green": 0.89139663402176905, "groceries": 0.97765642422835264, "transit": 0.8271140019782115, "culture": 0.92706830554386188, "services": 0.93660909442972939, "livability": 0.9321319361192435 }, "geometry": { "type": "Polygon", "coordinates": [ [ [ 26.051674499999983, 44.454246600000062 ], [ 26.051674499999983, 44.459246600000064 ], [ 26.046674499999984, 44.459246600000064 ], [ 26.046674499999984, 44.454246600000062 ], [ 26.051674499999983, 44.454246600000062 ] ] ] } },
{ "type": "Feature", "properties": { "cell_id": 306, "education": 0.8931499798739071, "health": 0.91552176277250008, "green": 0.83085653647996105, "groceries": 0.87699283315998255, "transit": 0.78149160809842733, "culture": 0.79647868911058972, "services": 0.92717271123390699, "livability": 0.86023773153275351 }, "geometry": { "type": "Polygon", "coordinates": [ [ [ 26.051674499999983, 44.459246600000064 ], [ 26.051674499999983, 44.464246600000067 ], [ 26.046674499999984, 44.464246600000067 ], [ 26.046674499999984, 44.459246600000064 ], [ 26.051674499999983, 44.459246600000064 ] ] ] } },
{ "type": "Feature", "properties": { "cell_id": 307, "education": 0.88935783219929032, "health": 0.97149484455913071, "green": 0.90919737559840264, "groceries": 0.89761866359722908, "transit": 0.78391437722782786, "culture": 0.92575648635614816, "services": 0.90950673927547154, "livability": 0.89812090268764289 }, "geometry": { "type": "Polygon", "coordinates": [ [ [ 26.051674499999983, 44.464246600000067 ], [ 26.051674499999983, 44.469246600000069 ], [ 26.046674499999984, 44.469246600000069 ], [ 26.046674499999984, 44.464246600000067 ], [ 26.051674499999983, 44.464246600000067 ] ] ] } },
{ "type": "Feature", "properties": { "cell_id": 308, "education": 0.85215913941227128, "health": 0.99299660126088274, "green": 0.77141862626913882, "groceries": 0.98935648209210347, "transit": 1.0, "culture": 0.84288319403333289, "services": 0.86962596289955441, "livability": 0.90263428656675482 }, "geometry": { "type": "Polygon", "coordinates": [ [ [ 26.051674499999983, 44.469246600000069 ], [ 26.051674499999983, 44.474246600000072 ], [ 26.046674499999984, 44.474246600000072 ], [ 26.046674499999984, 44.469246600000069 ], [ 26.051674499999983, 44.469246600000069 ] ] ] } },
{ "type": "Feature", "properties": { "cell_id": 309, "education": 0.84295160405163139, "health": 0.86817813273912359, "green": 0.80553811568914568, "groceries": 0.80778666516240327, "transit": 0.6960663062882978, "culture": 0.85398075285789865, "services": 0.87514158521919216, "livability": 0.82137759457252746 }, "geometry": { "type": "Polygon", "coordinates": [ [ [ 26.051674499999983, 44.474246600000072 ], [ 26.051674499999983, 44.479246600000074 ], [ 26.046674499999984, 44.479246600000074 ], [ 26.046674499999984, 44.474246600000072 ], [ 26.051674499999983, 44.474246600000072 ] ] ] } },
{ "type": "Feature", "properties": { "cell_id": 310, "education": 0.96930891414197839, "health": 0.9910928621585533, "green": 0.97284987665686729, "groceries": 0.97015407009225763, "transit": 0.94666185137256442, "culture": 0.93935290737081256, "services": 0.95156903475840082, "livability": 0.96299850236449058 }, "geometry": { "type": "Polygon", "coordinates": [ [ [ 26.051674499999983, 44.479246600000074 ], [ 26.051674499999983, 44.484246600000077 ], [ 26.046674499999984, 44.484246600000077 ], [ 26.046674499999984, 44.479246600000074 ], [ 26.051674499999983, 44.479246600000074 ] ] ] } },
{ "type": "Feature", "properties": { "cell_id": 311, "education": 0.89698663996823413, "health": 0.93939261309537669, "green": 0.93997703002073418, "groceries": 0.95905997621718564, "transit": 0.9067476554170133, "culture": 0.9196075890915032, "services": 0.87810086561740297, "livability": 0.91998176706106427 }, "geometry": { "type": "Polygon", "coordinates": [ [ [ 26.051674499999983, 44.484246600000077 ], [ 26.051674499999983, 44.489246600000079 ], [ 26.046674499999984, 44.489246600000079 ], [ 26.046674499999984, 44.484246600000077 ], [ 26.051674499999983, 44.484246600000077 ] ] ] } },
{ "type": "Feature", "properties": { "cell_id": 312, "education": 0.90433031907092654, "health": 0.92874515467790997, "green": 0.77687600407007762, "groceries": 0.89267557543818621, "transit": 0.80819876859836015, "culture": 0.81831483999439381, "services": 0.81268228239571505, "livability": 0.8488318491779383 }, "geometry": { "type": "Polygon", "coordinates": [ [ [ 26.051674499999983, 44.489246600000079 ], [ 26.051674499999983, 44.494246600000082 ], [ 26.046674499999984, 44.494246600000082 ], [ 26.046674499999984, 44.489246600000079 ], [ 26.051674499999983, 44.489246600000079 ] ] ] } },
{ "type": "Feature", "properties": { "cell_id": 313, "education": 0.66434805961400878, "health": 0.71415248268563292, "green": 0.73076783493857711, "groceries": 0.80045433009303812, "transit": 0.61206388461389261, "culture": 0.86632110805227325, "services": 0.83967933798987393, "livability": 0.74682671971247094 }, "geometry": { "type": "Polygon", "coordinates": [ [ [ 26.051674499999983, 44.494246600000082 ], [ 26.051674499999983, 44.499246600000085 ], [ 26.046674499999984, 44.499246600000085 ], [ 26.046674499999984, 44.494246600000082 ], [ 26.051674499999983, 44.494246600000082 ] ] ] } },
{ "type": "Feature", "properties": { "cell_id": 314, "education": 0.71012956170880925, "health": 0.82162845870254575, "green": 0.86872338289683892, "groceries": 0.95600241502858818, "transit": 0.90396823114218383, "culture": 0.96112431648086216, "services": 0.95462081621288775, "livability": 0.88231388316753079 }, "geometry": { "type": "Polygon", "coordinates": [ [ [ 26.051674499999983, 44.499246600000085 ], [ 26.051674499999983, 44.504246600000087 ], [ 26.046674499999984, 44.504246600000087 ], [ 26.046674499999984, 44.499246600000085 ], [ 26.051674499999983, 44.499246600000085 ] ] ] } },
{ "type": "Feature", "properties": { "cell_id": 315, "education": 0.77647522337758068, "health": 0.81542730304051092, "green": 0.83985484219788786, "groceries": 0.91336203736161503, "transit": 0.85712768596402333, "culture": 0.93212576188844121, "services": 0.92247135703060468, "livability": 0.86526345869438048 }, "geometry": { "type": "Polygon", "coordinates": [ [ [ 26.051674499999983, 44.504246600000087 ], [ 26.051674499999983, 44.50924660000009 ], [ 26.046674499999984, 44.50924660000009 ], [ 26.046674499999984, 44.504246600000087 ], [ 26.051674499999983, 44.504246600000087 ] ] ] } },
{ "type": "Feature", "properties": { "cell_id": 316, "education": 0.77689747014524868, "health": 0.79089625621906401, "green": 0.72374796897424631, "groceries": 0.75623523976499307, "transit": 0.57632382059719089, "culture": 0.81818267469053052, "services": 0.81190085076761653, "livability": 0.75059775445126986 }, "geometry": { "type": "Polygon", "coordinates": [ [ [ 26.051674499999983, 44.50924660000009 ], [ 26.051674499999983, 44.514246600000092 ], [ 26.046674499999984, 44.514246600000092 ], [ 26.046674499999984, 44.50924660000009 ], [ 26.051674499999983, 44.50924660000009 ] ] ] } },
{ "type": "Feature", "properties": { "cell_id": 317, "education": 0.70489768641509176, "health": 0.73710901279349739, "green": 0.63459574599488278, "groceries": 0.66618338303435498, "transit": 0.41539067717285727, "culture": 0.75288008645771676, "services": 0.74853114209328409, "livability": 0.66565539056595491 }, "geometry": { "type": "Polygon", "coordinates": [ [ [ 26.051674499999983, 44.514246600000092 ], [ 26.051674499999983, 44.519246600000095 ], [ 26.046674499999984, 44.519246600000095 ], [ 26.046674499999984, 44.514246600000092 ], [ 26.051674499999983, 44.514246600000092 ] ] ] } },
{ "type": "Feature", "properties": { "cell_id": 318, "education": 0.53759151624669088, "health": 0.62404321997194723, "green": 0.52305356147955862, "groceries": 0.49941348723002255, "transit": 0.36861704253595651, "culture": 0.63194414764731455, "services": 0.6311747643743808, "livability": 0.54511967706941011 }, "geometry": { "type": "Polygon", "coordinates": [ [ [ 26.051674499999983, 44.519246600000095 ], [ 26.051674499999983, 44.524246600000097 ], [ 26.046674499999984, 44.524246600000097 ], [ 26.046674499999984, 44.519246600000095 ], [ 26.051674499999983, 44.519246600000095 ] ] ] } },
{ "type": "Feature", "properties": { "cell_id": 319, "education": 0.28086878944293225, "health": 0.48792035508825182, "green": 0.18534999921272066, "groceries": 0.37668574718396064, "transit": 0.78771580934765362, "culture": 0.43706796634364053, "services": 0.46421903792095254, "livability": 0.43140395779144458 }, "geometry": { "type": "Polygon", "coordinates": [ [ [ 26.051674499999983, 44.524246600000097 ], [ 26.051674499999983, 44.5292466000001 ], [ 26.046674499999984, 44.5292466000001 ], [ 26.046674499999984, 44.524246600000097 ], [ 26.051674499999983, 44.524246600000097 ] ] ] } },
{ "type": "Feature", "properties": { "cell_id": 320, "education": 0.64793601651665289, "health": 0.71499563677624345, "green": 1.0, "groceries": 0.62222559670445365, "transit": 0.81242297705640643, "culture": 0.58772763320656085, "services": 0.55562943251304031, "livability": 0.70584818468190813 }, "geometry": { "type": "Polygon", "coordinates": [ [ [ 26.056674499999982, 44.374246600000021 ], [ 26.056674499999982, 44.379246600000023 ], [ 26.051674499999983, 44.379246600000023 ], [ 26.051674499999983, 44.374246600000021 ], [ 26.056674499999982, 44.374246600000021 ] ] ] } },
{ "type": "Feature", "properties": { "cell_id": 321, "education": 0.7211239099463902, "health": 0.76445613896359954, "green": 0.79000501931939426, "groceries": 0.69739392002500122, "transit": 0.69108795522355737, "culture": 0.63106174532130055, "services": 0.60158076928856952, "livability": 0.69952992258397317 }, "geometry": { "type": "Polygon", "coordinates": [ [ [ 26.056674499999982, 44.379246600000023 ], [ 26.056674499999982, 44.384246600000026 ], [ 26.051674499999983, 44.384246600000026 ], [ 26.051674499999983, 44.379246600000023 ], [ 26.056674499999982, 44.379246600000023 ] ] ] } },
{ "type": "Feature", "properties": { "cell_id": 322, "education": 0.87892388293483314, "health": 0.87109762764987464, "green": 0.87071631874612654, "groceries": 0.85946388588563127, "transit": 0.78343013873611567, "culture": 0.74009214704273807, "services": 0.71562979497570889, "livability": 0.81705054228157548 }, "geometry": { "type": "Polygon", "coordinates": [ [ [ 26.056674499999982, 44.384246600000026 ], [ 26.056674499999982, 44.389246600000028 ], [ 26.051674499999983, 44.389246600000028 ], [ 26.051674499999983, 44.384246600000026 ], [ 26.056674499999982, 44.384246600000026 ] ] ] } },
{ "type": "Feature", "properties": { "cell_id": 323, "education": 0.83464294713613829, "health": 0.86706597985961031, "green": 0.77250561993710498, "groceries": 0.97804544409744842, "transit": 0.84858869016235217, "culture": 0.81743479478835646, "services": 0.79907592336047351, "livability": 0.84533705704878348 }, "geometry": { "type": "Polygon", "coordinates": [ [ [ 26.056674499999982, 44.389246600000028 ], [ 26.056674499999982, 44.394246600000031 ], [ 26.051674499999983, 44.394246600000031 ], [ 26.051674499999983, 44.389246600000028 ], [ 26.056674499999982, 44.389246600000028 ] ] ] } },
{ "type": "Feature", "properties": { "cell_id": 324, "education": 0.86050182315633827, "health": 0.91658492872728203, "green": 0.82157731856555216, "groceries": 0.97183055762865089, "transit": 0.94643291647760464, "culture": 0.89292807520795747, "services": 0.87978907414700447, "livability": 0.89852067055862705 }, "geometry": { "type": "Polygon", "coordinates": [ [ [ 26.056674499999982, 44.394246600000031 ], [ 26.056674499999982, 44.399246600000033 ], [ 26.051674499999983, 44.399246600000033 ], [ 26.051674499999983, 44.394246600000031 ], [ 26.056674499999982, 44.394246600000031 ] ] ] } },
{ "type": "Feature", "properties": { "cell_id": 325, "education": 0.95383418272358556, "health": 0.96060642087523318, "green": 0.90775824736883259, "groceries": 1.0, "transit": 0.86871196709513976, "culture": 0.91198429230055444, "services": 0.94979203958801206, "livability": 0.93609816427876535 }, "geometry": { "type": "Polygon", "coordinates": [ [ [ 26.056674499999982, 44.399246600000033 ], [ 26.056674499999982, 44.404246600000036 ], [ 26.051674499999983, 44.404246600000036 ], [ 26.051674499999983, 44.399246600000033 ], [ 26.056674499999982, 44.399246600000033 ] ] ] } },
{ "type": "Feature", "properties": { "cell_id": 326, "education": 0.93405722680286862, "health": 0.9225561593276842, "green": 0.81623394403972271, "groceries": 0.91117321209567259, "transit": 0.79855752933537838, "culture": 0.90591756299579751, "services": 0.91004451359251037, "livability": 0.88550573545566202 }, "geometry": { "type": "Polygon", "coordinates": [ [ [ 26.056674499999982, 44.404246600000036 ], [ 26.056674499999982, 44.409246600000039 ], [ 26.051674499999983, 44.409246600000039 ], [ 26.051674499999983, 44.404246600000036 ], [ 26.056674499999982, 44.404246600000036 ] ] ] } },
{ "type": "Feature", "properties": { "cell_id": 327, "education": 0.88533456806153998, "health": 0.92931835216588232, "green": 0.95671970660489936, "groceries": 0.87316214608106157, "transit": 0.96408605354700649, "culture": 0.90049600638568672, "services": 0.91074389642222642, "livability": 0.91712296132404325 }, "geometry": { "type": "Polygon", "coordinates": [ [ [ 26.056674499999982, 44.409246600000039 ], [ 26.056674499999982, 44.414246600000041 ], [ 26.051674499999983, 44.414246600000041 ], [ 26.051674499999983, 44.409246600000039 ], [ 26.056674499999982, 44.409246600000039 ] ] ] } },
{ "type": "Feature", "properties": { "cell_id": 328, "education": 0.83925449490413773, "health": 0.94587838296994298, "green": 0.86306719913677887, "groceries": 0.92980289045905706, "transit": 0.95035966111540604, "culture": 0.94498891642410621, "services": 0.94014071731069082, "livability": 0.91621318033144561 }, "geometry": { "type": "Polygon", "coordinates": [ [ [ 26.056674499999982, 44.414246600000041 ], [ 26.056674499999982, 44.419246600000044 ], [ 26.051674499999983, 44.419246600000044 ], [ 26.051674499999983, 44.414246600000041 ], [ 26.056674499999982, 44.414246600000041 ] ] ] } },
{ "type": "Feature", "properties": { "cell_id": 329, "education": 0.87153435077003483, "health": 0.9236774507308223, "green": 0.84102429067984485, "groceries": 0.89550790887048171, "transit": 0.81326047791823086, "culture": 0.91423549334568732, "services": 0.91098032176218813, "livability": 0.88146004201104133 }, "geometry": { "type": "Polygon", "coordinates": [ [ [ 26.056674499999982, 44.419246600000044 ], [ 26.056674499999982, 44.424246600000046 ], [ 26.051674499999983, 44.424246600000046 ], [ 26.051674499999983, 44.419246600000044 ], [ 26.056674499999982, 44.419246600000044 ] ] ] } },
{ "type": "Feature", "properties": { "cell_id": 330, "education": 0.91355876343573728, "health": 0.99098097726612, "green": 0.98209314507052081, "groceries": 0.94102988172006508, "transit": 0.93835283323423446, "culture": 0.95758101569958287, "services": 0.94803930725321783, "livability": 0.95309084623992535 }, "geometry": { "type": "Polygon", "coordinates": [ [ [ 26.056674499999982, 44.424246600000046 ], [ 26.056674499999982, 44.429246600000049 ], [ 26.051674499999983, 44.429246600000049 ], [ 26.051674499999983, 44.424246600000046 ], [ 26.056674499999982, 44.424246600000046 ] ] ] } },
{ "type": "Feature", "properties": { "cell_id": 331, "education": 0.88897247968701787, "health": 0.9772908751384134, "green": 0.91147795589996627, "groceries": 0.95053004654713347, "transit": 0.91305706707053202, "culture": 0.99224497922688049, "services": 0.98438633128989284, "livability": 0.94542281926569083 }, "geometry": { "type": "Polygon", "coordinates": [ [ [ 26.056674499999982, 44.429246600000049 ], [ 26.056674499999982, 44.434246600000051 ], [ 26.051674499999983, 44.434246600000051 ], [ 26.051674499999983, 44.429246600000049 ], [ 26.056674499999982, 44.429246600000049 ] ] ] } },
{ "type": "Feature", "properties": { "cell_id": 332, "education": 0.91854115286965243, "health": 0.98196860810414432, "green": 0.97137504022175747, "groceries": 0.95259185759028298, "transit": 0.92807617223934646, "culture": 0.97440479456536722, "services": 0.96440590972675622, "livability": 0.955909076473901 }, "geometry": { "type": "Polygon", "coordinates": [ [ [ 26.056674499999982, 44.434246600000051 ], [ 26.056674499999982, 44.439246600000054 ], [ 26.051674499999983, 44.439246600000054 ], [ 26.051674499999983, 44.434246600000051 ], [ 26.056674499999982, 44.434246600000051 ] ] ] } },
{ "type": "Feature", "properties": { "cell_id": 333, "education": 0.94691021259517694, "health": 0.93875312763427676, "green": 0.96076230660395423, "groceries": 0.97091503110006416, "transit": 0.89588907704804344, "culture": 0.97890855539472177, "services": 0.9012426759786184, "livability": 0.94191156947926502 }, "geometry": { "type": "Polygon", "coordinates": [ [ [ 26.056674499999982, 44.439246600000054 ], [ 26.056674499999982, 44.444246600000056 ], [ 26.051674499999983, 44.444246600000056 ], [ 26.051674499999983, 44.439246600000054 ], [ 26.056674499999982, 44.439246600000054 ] ] ] } },
{ "type": "Feature", "properties": { "cell_id": 334, "education": 0.96394361459497369, "health": 0.95068192518828853, "green": 0.92867530875991644, "groceries": 0.95232091680476882, "transit": 0.81880739567851757, "culture": 0.95154360668335602, "services": 0.93669879957546431, "livability": 0.92895308104075502 }, "geometry": { "type": "Polygon", "coordinates": [ [ [ 26.056674499999982, 44.444246600000056 ], [ 26.056674499999982, 44.449246600000059 ], [ 26.051674499999983, 44.449246600000059 ], [ 26.051674499999983, 44.444246600000056 ], [ 26.056674499999982, 44.444246600000056 ] ] ] } },
{ "type": "Feature", "properties": { "cell_id": 335, "education": 0.92026523176637065, "health": 0.9598403277341796, "green": 1.0, "groceries": 0.97391158625693974, "transit": 0.8909264812100901, "culture": 1.0, "services": 0.96372235037184062, "livability": 0.95838085390563155 }, "geometry": { "type": "Polygon", "coordinates": [ [ [ 26.056674499999982, 44.449246600000059 ], [ 26.056674499999982, 44.454246600000062 ], [ 26.051674499999983, 44.454246600000062 ], [ 26.051674499999983, 44.449246600000059 ], [ 26.056674499999982, 44.449246600000059 ] ] ] } },
{ "type": "Feature", "properties": { "cell_id": 336, "education": 0.96001243827276783, "health": 0.96495506431340072, "green": 0.94202409239893325, "groceries": 0.96862903444719084, "transit": 0.88506757033945649, "culture": 0.86811529020597289, "services": 0.87753747899555223, "livability": 0.92376299556761066 }, "geometry": { "type": "Polygon", "coordinates": [ [ [ 26.056674499999982, 44.454246600000062 ], [ 26.056674499999982, 44.459246600000064 ], [ 26.051674499999983, 44.459246600000064 ], [ 26.051674499999983, 44.454246600000062 ], [ 26.056674499999982, 44.454246600000062 ] ] ] } },
{ "type": "Feature", "properties": { "cell_id": 337, "education": 0.92498153347550938, "health": 0.9433004839470599, "green": 0.93928812904559256, "groceries": 0.97176791161945109, "transit": 0.94434464265228135, "culture": 0.91918666799182402, "services": 0.92472218852044863, "livability": 0.93822736532173812 }, "geometry": { "type": "Polygon", "coordinates": [ [ [ 26.056674499999982, 44.459246600000064 ], [ 26.056674499999982, 44.464246600000067 ], [ 26.051674499999983, 44.464246600000067 ], [ 26.051674499999983, 44.459246600000064 ], [ 26.056674499999982, 44.459246600000064 ] ] ] } },
{ "type": "Feature", "properties": { "cell_id": 338, "education": 0.92457839758431515, "health": 0.98715766510566305, "green": 0.99504076425639576, "groceries": 0.96437113394309137, "transit": 0.95350496713171362, "culture": 0.97100185445529774, "services": 0.9588300220116337, "livability": 0.96492640064115853 }, "geometry": { "type": "Polygon", "coordinates": [ [ [ 26.056674499999982, 44.464246600000067 ], [ 26.056674499999982, 44.469246600000069 ], [ 26.051674499999983, 44.469246600000069 ], [ 26.051674499999983, 44.464246600000067 ], [ 26.056674499999982, 44.464246600000067 ] ] ] } },
{ "type": "Feature", "properties": { "cell_id": 339, "education": 0.86020355495614442, "health": 0.98888676072341064, "green": 0.98958998352092276, "groceries": 0.97043321452105769, "transit": 0.93817836154873413, "culture": 0.97054957685517462, "services": 0.95731859979131939, "livability": 0.95359429313096622 }, "geometry": { "type": "Polygon", "coordinates": [ [ [ 26.056674499999982, 44.469246600000069 ], [ 26.056674499999982, 44.474246600000072 ], [ 26.051674499999983, 44.474246600000072 ], [ 26.051674499999983, 44.469246600000069 ], [ 26.056674499999982, 44.469246600000069 ] ] ] } },
{ "type": "Feature", "properties": { "cell_id": 340, "education": 0.83526595970936801, "health": 0.85899187533649657, "green": 0.82377072654285577, "groceries": 0.79952641834118476, "transit": 0.64173038912021385, "culture": 0.80706092849533517, "services": 0.8589262572939611, "livability": 0.8036103649770594 }, "geometry": { "type": "Polygon", "coordinates": [ [ [ 26.056674499999982, 44.474246600000072 ], [ 26.056674499999982, 44.479246600000074 ], [ 26.051674499999983, 44.479246600000074 ], [ 26.051674499999983, 44.474246600000072 ], [ 26.056674499999982, 44.474246600000072 ] ] ] } },
{ "type": "Feature", "properties": { "cell_id": 341, "education": 0.9152741924694866, "health": 0.94609215067416963, "green": 0.955652619617545, "groceries": 0.96398460239282036, "transit": 0.92258178161930804, "culture": 0.92816644818563787, "services": 0.95207669678723184, "livability": 0.94054692739231416 }, "geometry": { "type": "Polygon", "coordinates": [ [ [ 26.056674499999982, 44.479246600000074 ], [ 26.056674499999982, 44.484246600000077 ], [ 26.051674499999983, 44.484246600000077 ], [ 26.051674499999983, 44.479246600000074 ], [ 26.056674499999982, 44.479246600000074 ] ] ] } },
{ "type": "Feature", "properties": { "cell_id": 342, "education": 0.92025964368016067, "health": 0.96206853174499674, "green": 0.87068572449057435, "groceries": 0.94236372978884131, "transit": 0.88405504492413023, "culture": 0.89700665968491233, "services": 0.87435624342664564, "livability": 0.90725651110575156 }, "geometry": { "type": "Polygon", "coordinates": [ [ [ 26.056674499999982, 44.484246600000077 ], [ 26.056674499999982, 44.489246600000079 ], [ 26.051674499999983, 44.489246600000079 ], [ 26.051674499999983, 44.484246600000077 ], [ 26.056674499999982, 44.484246600000077 ] ] ] } },
{ "type": "Feature", "properties": { "cell_id": 343, "education": 0.89811073855993284, "health": 0.92869986047209552, "green": 0.84389663974632212, "groceries": 0.89260673890485887, "transit": 0.83482896339213997, "culture": 0.85823096602832571, "services": 0.78983707580448537, "livability": 0.86374442612973712 }, "geometry": { "type": "Polygon", "coordinates": [ [ [ 26.056674499999982, 44.489246600000079 ], [ 26.056674499999982, 44.494246600000082 ], [ 26.051674499999983, 44.494246600000082 ], [ 26.051674499999983, 44.489246600000079 ], [ 26.056674499999982, 44.489246600000079 ] ] ] } },
{ "type": "Feature", "properties": { "cell_id": 344, "education": 0.96227658885422507, "health": 0.81799575714506112, "green": 0.75050556567395466, "groceries": 0.86186120204375027, "transit": 0.75312989880424597, "culture": 0.822335537007999, "services": 0.79294860970701286, "livability": 0.82300759417660685 }, "geometry": { "type": "Polygon", "coordinates": [ [ [ 26.056674499999982, 44.494246600000082 ], [ 26.056674499999982, 44.499246600000085 ], [ 26.051674499999983, 44.499246600000085 ], [ 26.051674499999983, 44.494246600000082 ], [ 26.056674499999982, 44.494246600000082 ] ] ] } },
{ "type": "Feature", "properties": { "cell_id": 345, "education": 0.83712381777825784, "health": 0.84235897858352771, "green": 0.94606501290551936, "groceries": 0.91206202299712347, "transit": 0.95447095463498621, "culture": 0.93996365684365624, "services": 0.90709507598979189, "livability": 0.90559135996183737 }, "geometry": { "type": "Polygon", "coordinates": [ [ [ 26.056674499999982, 44.499246600000085 ], [ 26.056674499999982, 44.504246600000087 ], [ 26.051674499999983, 44.504246600000087 ], [ 26.051674499999983, 44.499246600000085 ], [ 26.056674499999982, 44.499246600000085 ] ] ] } },
{ "type": "Feature", "properties": { "cell_id": 346, "education": 0.67929454975626147, "health": 0.77591129022055572, "green": 0.81234534128474933, "groceries": 0.85330699754949157, "transit": 0.7797109001969792, "culture": 0.8885758598815674, "services": 0.88021048073681352, "livability": 0.80990791708948817 }, "geometry": { "type": "Polygon", "coordinates": [ [ [ 26.056674499999982, 44.504246600000087 ], [ 26.056674499999982, 44.50924660000009 ], [ 26.051674499999983, 44.50924660000009 ], [ 26.051674499999983, 44.504246600000087 ], [ 26.056674499999982, 44.504246600000087 ] ] ] } },
{ "type": "Feature", "properties": { "cell_id": 347, "education": 0.65400037849122428, "health": 0.73671231682145077, "green": 0.76653051422502094, "groceries": 0.75459119571265976, "transit": 0.78366672447495356, "culture": 0.83111681667678183, "services": 0.80402482713411538, "livability": 0.76152039621945811 }, "geometry": { "type": "Polygon", "coordinates": [ [ [ 26.056674499999982, 44.50924660000009 ], [ 26.056674499999982, 44.514246600000092 ], [ 26.051674499999983, 44.514246600000092 ], [ 26.051674499999983, 44.50924660000009 ], [ 26.056674499999982, 44.50924660000009 ] ] ] } },
{ "type": "Feature", "properties": { "cell_id": 348, "education": 0.65313511680002634, "health": 0.70725744846706329, "green": 0.62533630091982495, "groceries": 0.62912393548764411, "transit": 0.48738916115649211, "culture": 0.72600581721841251, "services": 0.72245231951340749, "livability": 0.65010001422326713 }, "geometry": { "type": "Polygon", "coordinates": [ [ [ 26.056674499999982, 44.514246600000092 ], [ 26.056674499999982, 44.519246600000095 ], [ 26.051674499999983, 44.519246600000095 ], [ 26.051674499999983, 44.514246600000092 ], [ 26.056674499999982, 44.514246600000092 ] ] ] } },
{ "type": "Feature", "properties": { "cell_id": 349, "education": 0.50851819729914727, "health": 0.60952508962865937, "green": 0.68817964460215975, "groceries": 0.61680935415267579, "transit": 0.42665931719842187, "culture": 0.61829670522612767, "services": 0.63246130721887761, "livability": 0.58577851647515278 }, "geometry": { "type": "Polygon", "coordinates": [ [ [ 26.056674499999982, 44.519246600000095 ], [ 26.056674499999982, 44.524246600000097 ], [ 26.051674499999983, 44.524246600000097 ], [ 26.051674499999983, 44.519246600000095 ], [ 26.056674499999982, 44.519246600000095 ] ] ] } },
{ "type": "Feature", "properties": { "cell_id": 350, "education": 0.23028176858670113, "health": 0.42149244042902356, "green": 0.39856100234005254, "groceries": 0.34634306453265828, "transit": 0.60498012364117715, "culture": 0.411069233060673, "services": 0.48260856903555915, "livability": 0.41361945737512068 }, "geometry": { "type": "Polygon", "coordinates": [ [ [ 26.056674499999982, 44.524246600000097 ], [ 26.056674499999982, 44.5292466000001 ], [ 26.051674499999983, 44.5292466000001 ], [ 26.051674499999983, 44.524246600000097 ], [ 26.056674499999982, 44.524246600000097 ] ] ] } },
{ "type": "Feature", "properties": { "cell_id": 351, "education": 0.84441841251229866, "health": 0.86906660222155974, "green": 0.81275373719517852, "groceries": 1.0, "transit": 0.76835512990803079, "culture": 0.68883676189057619, "services": 0.63755116163373016, "livability": 0.80299740076591064 }, "geometry": { "type": "Polygon", "coordinates": [ [ [ 26.061674499999981, 44.379246600000023 ], [ 26.061674499999981, 44.384246600000026 ], [ 26.056674499999982, 44.384246600000026 ], [ 26.056674499999982, 44.379246600000023 ], [ 26.061674499999981, 44.379246600000023 ] ] ] } },
{ "type": "Feature", "properties": { "cell_id": 352, "education": 0.96582282059138169, "health": 0.94758393615425962, "green": 0.95228144732657827, "groceries": 0.9775982893533347, "transit": 0.95480535756190776, "culture": 0.77536933323550949, "services": 0.73469582976655246, "livability": 0.90116528771278914 }, "geometry": { "type": "Polygon", "coordinates": [ [ [ 26.061674499999981, 44.384246600000026 ], [ 26.061674499999981, 44.389246600000028 ], [ 26.056674499999982, 44.389246600000028 ], [ 26.056674499999982, 44.384246600000026 ], [ 26.061674499999981, 44.384246600000026 ] ] ] } },
{ "type": "Feature", "properties": { "cell_id": 353, "education": 0.80993405489662162, "health": 0.87457739838968052, "green": 0.78626832082882103, "groceries": 0.90426276273366923, "transit": 0.72821889868006795, "culture": 0.76413437386982663, "services": 0.75793872491754466, "livability": 0.80361921918803292 }, "geometry": { "type": "Polygon", "coordinates": [ [ [ 26.061674499999981, 44.389246600000028 ], [ 26.061674499999981, 44.394246600000031 ], [ 26.056674499999982, 44.394246600000031 ], [ 26.056674499999982, 44.389246600000028 ], [ 26.061674499999981, 44.389246600000028 ] ] ] } },
{ "type": "Feature", "properties": { "cell_id": 354, "education": 0.91574995826994132, "health": 0.89683243158530102, "green": 0.78646869931965013, "groceries": 0.96401274412646343, "transit": 0.84781042665725348, "culture": 0.86756552439550916, "services": 0.86494285884205213, "livability": 0.87762609188516705 }, "geometry": { "type": "Polygon", "coordinates": [ [ [ 26.061674499999981, 44.394246600000031 ], [ 26.061674499999981, 44.399246600000033 ], [ 26.056674499999982, 44.399246600000033 ], [ 26.056674499999982, 44.394246600000031 ], [ 26.061674499999981, 44.394246600000031 ] ] ] } },
{ "type": "Feature", "properties": { "cell_id": 355, "education": 0.95870678978275703, "health": 0.9648297768598898, "green": 0.89420796620460485, "groceries": 1.0, "transit": 0.86288358756697847, "culture": 0.87121537256710857, "services": 0.94048096800943126, "livability": 0.92747492299868128 }, "geometry": { "type": "Polygon", "coordinates": [ [ [ 26.061674499999981, 44.399246600000033 ], [ 26.061674499999981, 44.404246600000036 ], [ 26.056674499999982, 44.404246600000036 ], [ 26.056674499999982, 44.399246600000033 ], [ 26.061674499999981, 44.399246600000033 ] ] ] } },
{ "type": "Feature", "properties": { "cell_id": 356, "education": 0.96376925914588252, "health": 0.97909033372020171, "green": 0.88724177210711452, "groceries": 0.97962117357287459, "transit": 0.94761828086171884, "culture": 0.98522195811221092, "services": 0.95800241589721469, "livability": 0.95722359905960253 }, "geometry": { "type": "Polygon", "coordinates": [ [ [ 26.061674499999981, 44.404246600000036 ], [ 26.061674499999981, 44.409246600000039 ], [ 26.056674499999982, 44.409246600000039 ], [ 26.056674499999982, 44.404246600000036 ], [ 26.061674499999981, 44.404246600000036 ] ] ] } },
{ "type": "Feature", "properties": { "cell_id": 357, "education": 1.0, "health": 0.99098694365047868, "green": 0.90198725033657312, "groceries": 0.97961784932711682, "transit": 0.98966976030172826, "culture": 0.95535992187573648, "services": 0.96398390474996143, "livability": 0.96880080432022786 }, "geometry": { "type": "Polygon", "coordinates": [ [ [ 26.061674499999981, 44.409246600000039 ], [ 26.061674499999981, 44.414246600000041 ], [ 26.056674499999982, 44.414246600000041 ], [ 26.056674499999982, 44.409246600000039 ], [ 26.061674499999981, 44.409246600000039 ] ] ] } },
{ "type": "Feature", "properties": { "cell_id": 358, "education": 0.87267957053370449, "health": 0.97231945420379906, "green": 0.90445509839488569, "groceries": 0.98114175586240737, "transit": 0.9365749770532632, "culture": 0.96604081364525152, "services": 0.86966773357596328, "livability": 0.92898277189561074 }, "geometry": { "type": "Polygon", "coordinates": [ [ [ 26.061674499999981, 44.414246600000041 ], [ 26.061674499999981, 44.419246600000044 ], [ 26.056674499999982, 44.419246600000044 ], [ 26.056674499999982, 44.414246600000041 ], [ 26.061674499999981, 44.414246600000041 ] ] ] } },
{ "type": "Feature", "properties": { "cell_id": 359, "education": 0.9576447796367229, "health": 0.93644269028388494, "green": 0.90115888768702401, "groceries": 0.98394844534440407, "transit": 0.97131400460404205, "culture": 0.97836960613495472, "services": 0.87996848293428664, "livability": 0.94412098523218835 }, "geometry": { "type": "Polygon", "coordinates": [ [ [ 26.061674499999981, 44.419246600000044 ], [ 26.061674499999981, 44.424246600000046 ], [ 26.056674499999982, 44.424246600000046 ], [ 26.056674499999982, 44.419246600000044 ], [ 26.061674499999981, 44.419246600000044 ] ] ] } },
{ "type": "Feature", "properties": { "cell_id": 360, "education": 0.82894533576707108, "health": 0.96678058336882444, "green": 0.97064978611049091, "groceries": 0.99111124902307091, "transit": 0.95649304141423541, "culture": 0.94517972379707138, "services": 0.94680233928797908, "livability": 0.94370886553839184 }, "geometry": { "type": "Polygon", "coordinates": [ [ [ 26.061674499999981, 44.424246600000046 ], [ 26.061674499999981, 44.429246600000049 ], [ 26.056674499999982, 44.429246600000049 ], [ 26.056674499999982, 44.424246600000046 ], [ 26.061674499999981, 44.424246600000046 ] ] ] } },
{ "type": "Feature", "properties": { "cell_id": 361, "education": 0.92416366059263033, "health": 0.88774406160643493, "green": 0.90508762168114354, "groceries": 0.85649777778990388, "transit": 0.89841732194975854, "culture": 0.95141962792439683, "services": 0.90125000645212594, "livability": 0.90351143971377046 }, "geometry": { "type": "Polygon", "coordinates": [ [ [ 26.061674499999981, 44.429246600000049 ], [ 26.061674499999981, 44.434246600000051 ], [ 26.056674499999982, 44.434246600000051 ], [ 26.056674499999982, 44.429246600000049 ], [ 26.061674499999981, 44.429246600000049 ] ] ] } },
{ "type": "Feature", "properties": { "cell_id": 362, "education": 0.92149845876085412, "health": 0.97696667890469757, "green": 0.95072904284270165, "groceries": 0.8763042630379998, "transit": 0.84957652860507904, "culture": 0.91140943495147353, "services": 0.91345888136992581, "livability": 0.91427761263896168 }, "geometry": { "type": "Polygon", "coordinates": [ [ [ 26.061674499999981, 44.434246600000051 ], [ 26.061674499999981, 44.439246600000054 ], [ 26.056674499999982, 44.439246600000054 ], [ 26.056674499999982, 44.434246600000051 ], [ 26.061674499999981, 44.434246600000051 ] ] ] } },
{ "type": "Feature", "properties": { "cell_id": 363, "education": 0.93417138111671516, "health": 0.96671826677395079, "green": 0.90731587196015206, "groceries": 0.95079043698503618, "transit": 0.95213313669266131, "culture": 0.98775971933622753, "services": 0.94298811632578428, "livability": 0.94883956131293246 }, "geometry": { "type": "Polygon", "coordinates": [ [ [ 26.061674499999981, 44.439246600000054 ], [ 26.061674499999981, 44.444246600000056 ], [ 26.056674499999982, 44.444246600000056 ], [ 26.056674499999982, 44.439246600000054 ], [ 26.061674499999981, 44.439246600000054 ] ] ] } },
{ "type": "Feature", "properties": { "cell_id": 364, "education": 0.90332319814613582, "health": 1.0, "green": 0.927380367433015, "groceries": 0.97047314160674969, "transit": 0.9447238439306701, "culture": 0.99053558175495759, "services": 0.93141185950636229, "livability": 0.95254971319684134 }, "geometry": { "type": "Polygon", "coordinates": [ [ [ 26.061674499999981, 44.444246600000056 ], [ 26.061674499999981, 44.449246600000059 ], [ 26.056674499999982, 44.449246600000059 ], [ 26.056674499999982, 44.444246600000056 ], [ 26.061674499999981, 44.444246600000056 ] ] ] } },
{ "type": "Feature", "properties": { "cell_id": 365, "education": 0.95277995901343115, "health": 0.96145380109741507, "green": 0.91116062122458275, "groceries": 0.92779884413129743, "transit": 1.0, "culture": 0.94023121396400866, "services": 0.93198068024666714, "livability": 0.94648644566820028 }, "geometry": { "type": "Polygon", "coordinates": [ [ [ 26.061674499999981, 44.449246600000059 ], [ 26.061674499999981, 44.454246600000062 ], [ 26.056674499999982, 44.454246600000062 ], [ 26.056674499999982, 44.449246600000059 ], [ 26.061674499999981, 44.449246600000059 ] ] ] } },
{ "type": "Feature", "properties": { "cell_id": 366, "education": 0.94500970639373483, "health": 0.93527558586310888, "green": 0.9043060062070738, "groceries": 0.93923888494877794, "transit": 1.0, "culture": 0.92866836272280762, "services": 0.93077969501907953, "livability": 0.94046832016494042 }, "geometry": { "type": "Polygon", "coordinates": [ [ [ 26.061674499999981, 44.454246600000062 ], [ 26.061674499999981, 44.459246600000064 ], [ 26.056674499999982, 44.459246600000064 ], [ 26.056674499999982, 44.454246600000062 ], [ 26.061674499999981, 44.454246600000062 ] ] ] } },
{ "type": "Feature", "properties": { "cell_id": 367, "education": 0.92113188709577254, "health": 0.97509336057661211, "green": 0.95167082841238637, "groceries": 0.9647090682014432, "transit": 0.9267109458355286, "culture": 0.97255083119971741, "services": 0.97336329420780232, "livability": 0.95503288793275165 }, "geometry": { "type": "Polygon", "coordinates": [ [ [ 26.061674499999981, 44.459246600000064 ], [ 26.061674499999981, 44.464246600000067 ], [ 26.056674499999982, 44.464246600000067 ], [ 26.056674499999982, 44.459246600000064 ], [ 26.061674499999981, 44.459246600000064 ] ] ] } },
{ "type": "Feature", "properties": { "cell_id": 368, "education": 0.99181779045400043, "health": 0.94572830406624642, "green": 0.95861052411241787, "groceries": 0.88893670399731395, "transit": 0.89304719674976796, "culture": 0.9619854554176458, "services": 0.92866569133855426, "livability": 0.93839880944799237 }, "geometry": { "type": "Polygon", "coordinates": [ [ [ 26.061674499999981, 44.464246600000067 ], [ 26.061674499999981, 44.469246600000069 ], [ 26.056674499999982, 44.469246600000069 ], [ 26.056674499999982, 44.464246600000067 ], [ 26.061674499999981, 44.464246600000067 ] ] ] } },
{ "type": "Feature", "properties": { "cell_id": 369, "education": 0.93147544373345947, "health": 0.92160054360490196, "green": 0.93501556856546808, "groceries": 0.96161868284212082, "transit": 0.94529226182915083, "culture": 0.96921133932832748, "services": 0.93481553675537898, "livability": 0.94271848237982958 }, "geometry": { "type": "Polygon", "coordinates": [ [ [ 26.061674499999981, 44.469246600000069 ], [ 26.061674499999981, 44.474246600000072 ], [ 26.056674499999982, 44.474246600000072 ], [ 26.056674499999982, 44.469246600000069 ], [ 26.061674499999981, 44.469246600000069 ] ] ] } },
{ "type": "Feature", "properties": { "cell_id": 370, "education": 0.99082940255876673, "health": 0.86478245722271518, "green": 0.98864469994800319, "groceries": 0.90777525824867855, "transit": 0.81158009395530217, "culture": 0.89134832024342792, "services": 0.88909167086584295, "livability": 0.90629312900610537 }, "geometry": { "type": "Polygon", "coordinates": [ [ [ 26.061674499999981, 44.474246600000072 ], [ 26.061674499999981, 44.479246600000074 ], [ 26.056674499999982, 44.479246600000074 ], [ 26.056674499999982, 44.474246600000072 ], [ 26.061674499999981, 44.474246600000072 ] ] ] } },
{ "type": "Feature", "properties": { "cell_id": 371, "education": 0.95390010340751674, "health": 0.93965500871413865, "green": 0.93852594396566402, "groceries": 0.92759064954034831, "transit": 0.91114135538218954, "culture": 0.93102151438336589, "services": 0.91054811522874057, "livability": 0.93034038437456623 }, "geometry": { "type": "Polygon", "coordinates": [ [ [ 26.061674499999981, 44.479246600000074 ], [ 26.061674499999981, 44.484246600000077 ], [ 26.056674499999982, 44.484246600000077 ], [ 26.056674499999982, 44.479246600000074 ], [ 26.061674499999981, 44.479246600000074 ] ] ] } },
{ "type": "Feature", "properties": { "cell_id": 372, "education": 0.96582292056740915, "health": 0.94199881767890392, "green": 0.94155742125380948, "groceries": 0.92775475998781598, "transit": 0.90203975709904483, "culture": 0.90129228967047958, "services": 0.86402278146123346, "livability": 0.92064124967409955 }, "geometry": { "type": "Polygon", "coordinates": [ [ [ 26.061674499999981, 44.484246600000077 ], [ 26.061674499999981, 44.489246600000079 ], [ 26.056674499999982, 44.489246600000079 ], [ 26.056674499999982, 44.484246600000077 ], [ 26.061674499999981, 44.484246600000077 ] ] ] } },
{ "type": "Feature", "properties": { "cell_id": 373, "education": 0.95910911296378143, "health": 0.94234384483219447, "green": 0.93872576842090594, "groceries": 0.93437856197822877, "transit": 0.96934352028051074, "culture": 0.93895821453113404, "services": 0.76523065917148247, "livability": 0.92115566888260525 }, "geometry": { "type": "Polygon", "coordinates": [ [ [ 26.061674499999981, 44.489246600000079 ], [ 26.061674499999981, 44.494246600000082 ], [ 26.056674499999982, 44.494246600000082 ], [ 26.056674499999982, 44.489246600000079 ], [ 26.061674499999981, 44.489246600000079 ] ] ] } },
{ "type": "Feature", "properties": { "cell_id": 374, "education": 0.88338897348085721, "health": 0.84427128754470948, "green": 0.78267481536786498, "groceries": 0.88854425776050117, "transit": 0.80081562332526357, "culture": 0.84168519467775993, "services": 0.81172554034120592, "livability": 0.83615795607116605 }, "geometry": { "type": "Polygon", "coordinates": [ [ [ 26.061674499999981, 44.494246600000082 ], [ 26.061674499999981, 44.499246600000085 ], [ 26.056674499999982, 44.499246600000085 ], [ 26.056674499999982, 44.494246600000082 ], [ 26.061674499999981, 44.494246600000082 ] ] ] } },
{ "type": "Feature", "properties": { "cell_id": 375, "education": 0.9208314131257076, "health": 0.88094580080173146, "green": 0.75831857903906108, "groceries": 0.85867946626170455, "transit": 0.77675824637859392, "culture": 0.84358340789980857, "services": 0.83535301105270499, "livability": 0.8392099892227588 }, "geometry": { "type": "Polygon", "coordinates": [ [ [ 26.061674499999981, 44.499246600000085 ], [ 26.061674499999981, 44.504246600000087 ], [ 26.056674499999982, 44.504246600000087 ], [ 26.056674499999982, 44.499246600000085 ], [ 26.061674499999981, 44.499246600000085 ] ] ] } },
{ "type": "Feature", "properties": { "cell_id": 376, "education": 0.78129413817877524, "health": 0.82302519268093799, "green": 0.821713729489153, "groceries": 0.88576645419984057, "transit": 1.0, "culture": 0.86430927017313475, "services": 0.83173296684867581, "livability": 0.85826310736721689 }, "geometry": { "type": "Polygon", "coordinates": [ [ [ 26.061674499999981, 44.504246600000087 ], [ 26.061674499999981, 44.50924660000009 ], [ 26.056674499999982, 44.50924660000009 ], [ 26.056674499999982, 44.504246600000087 ], [ 26.061674499999981, 44.504246600000087 ] ] ] } },
{ "type": "Feature", "properties": { "cell_id": 377, "education": 0.62732427292083881, "health": 0.71868455955062738, "green": 0.72369223155694284, "groceries": 0.72719324730234169, "transit": 0.73470340354933339, "culture": 0.80534978410142533, "services": 0.77902046831940774, "livability": 0.73085256675727384 }, "geometry": { "type": "Polygon", "coordinates": [ [ [ 26.061674499999981, 44.50924660000009 ], [ 26.061674499999981, 44.514246600000092 ], [ 26.056674499999982, 44.514246600000092 ], [ 26.056674499999982, 44.50924660000009 ], [ 26.061674499999981, 44.50924660000009 ] ] ] } },
{ "type": "Feature", "properties": { "cell_id": 378, "education": 0.55748599780940811, "health": 0.6482033179482396, "green": 0.5951206541264743, "groceries": 0.62007834707886089, "transit": 0.59837048199882126, "culture": 0.72801456388297925, "services": 0.70397427936842027, "livability": 0.63589252031617194 }, "geometry": { "type": "Polygon", "coordinates": [ [ [ 26.061674499999981, 44.514246600000092 ], [ 26.061674499999981, 44.519246600000095 ], [ 26.056674499999982, 44.519246600000095 ], [ 26.056674499999982, 44.514246600000092 ], [ 26.061674499999981, 44.514246600000092 ] ] ] } },
{ "type": "Feature", "properties": { "cell_id": 379, "education": 0.5237106494007473, "health": 0.61979217445907453, "green": 0.78559343474414511, "groceries": 0.69761004470874211, "transit": 0.38796960908060574, "culture": 0.62961187865463319, "services": 0.68932094795386689, "livability": 0.619086962714545 }, "geometry": { "type": "Polygon", "coordinates": [ [ [ 26.061674499999981, 44.519246600000095 ], [ 26.061674499999981, 44.524246600000097 ], [ 26.056674499999982, 44.524246600000097 ], [ 26.056674499999982, 44.519246600000095 ], [ 26.061674499999981, 44.519246600000095 ] ] ] } },
{ "type": "Feature", "properties": { "cell_id": 380, "education": 0.4551287173593892, "health": 0.52245409313372748, "green": 0.86303107400994605, "groceries": 0.73393851239770314, "transit": 0.65233947176621498, "culture": 0.52233729296780773, "services": 0.75536042009593485, "livability": 0.64351279739010314 }, "geometry": { "type": "Polygon", "coordinates": [ [ [ 26.061674499999981, 44.524246600000097 ], [ 26.061674499999981, 44.5292466000001 ], [ 26.056674499999982, 44.5292466000001 ], [ 26.056674499999982, 44.524246600000097 ], [ 26.061674499999981, 44.524246600000097 ] ] ] } },
{ "type": "Feature", "properties": { "cell_id": 381, "education": 0.38385410347221272, "health": 0.46633670587708642, "green": 0.77759406871551651, "groceries": 0.66073524106209691, "transit": 0.65191026346748471, "culture": 0.41314519990021392, "services": 0.70384710158190134, "livability": 0.57963181201093028 }, "geometry": { "type": "Polygon", "coordinates": [ [ [ 26.061674499999981, 44.5292466000001 ], [ 26.061674499999981, 44.534246600000102 ], [ 26.056674499999982, 44.534246600000102 ], [ 26.056674499999982, 44.5292466000001 ], [ 26.061674499999981, 44.5292466000001 ] ] ] } },
{ "type": "Feature", "properties": { "cell_id": 382, "education": 0.84279179664779291, "health": 0.86796733246867885, "green": 0.81073961419728613, "groceries": 0.98702206673489101, "transit": 0.76536951739475145, "culture": 0.6876252760497551, "services": 0.63637553434431526, "livability": 0.79969873397678148 }, "geometry": { "type": "Polygon", "coordinates": [ [ [ 26.06667449999998, 44.374246600000021 ], [ 26.06667449999998, 44.379246600000023 ], [ 26.061674499999981, 44.379246600000023 ], [ 26.061674499999981, 44.374246600000021 ], [ 26.06667449999998, 44.374246600000021 ] ] ] } },
{ "type": "Feature", "properties": { "cell_id": 383, "education": 0.86466668431581928, "health": 0.88275041855915759, "green": 0.837825735321447, "groceries": 0.96388172253841287, "transit": 0.8055203236012809, "culture": 0.70391745495790681, "services": 0.65218548398059784, "livability": 0.81582111761066023 }, "geometry": { "type": "Polygon", "coordinates": [ [ [ 26.06667449999998, 44.379246600000023 ], [ 26.06667449999998, 44.384246600000026 ], [ 26.061674499999981, 44.384246600000026 ], [ 26.061674499999981, 44.379246600000023 ], [ 26.06667449999998, 44.379246600000023 ] ] ] } },
{ "type": "Feature", "properties": { "cell_id": 384, "education": 0.91895784857758045, "health": 0.95458751213715942, "green": 0.91623508664907249, "groceries": 0.94614687511187379, "transit": 0.88176194674669195, "culture": 0.77906968150260825, "services": 0.69750344791407592, "livability": 0.87060891409129459 }, "geometry": { "type": "Polygon", "coordinates": [ [ [ 26.06667449999998, 44.384246600000026 ], [ 26.06667449999998, 44.389246600000028 ], [ 26.061674499999981, 44.389246600000028 ], [ 26.061674499999981, 44.384246600000026 ], [ 26.06667449999998, 44.384246600000026 ] ] ] } },
{ "type": "Feature", "properties": { "cell_id": 385, "education": 0.90581828610546666, "health": 0.94056607867718978, "green": 0.87578948092870745, "groceries": 0.96288988095719152, "transit": 0.92925104719188789, "culture": 0.89461906313206963, "services": 0.77251830370890406, "livability": 0.89735030581448816 }, "geometry": { "type": "Polygon", "coordinates": [ [ [ 26.06667449999998, 44.389246600000028 ], [ 26.06667449999998, 44.394246600000031 ], [ 26.061674499999981, 44.394246600000031 ], [ 26.061674499999981, 44.389246600000028 ], [ 26.06667449999998, 44.389246600000028 ] ] ] } },
{ "type": "Feature", "properties": { "cell_id": 386, "education": 0.96669146534736994, "health": 0.92576097269091417, "green": 0.91271315390068652, "groceries": 1.0, "transit": 0.96107867629041199, "culture": 0.94142542051263345, "services": 0.87345000187439326, "livability": 0.94015995580234402 }, "geometry": { "type": "Polygon", "coordinates": [ [ [ 26.06667449999998, 44.394246600000031 ], [ 26.06667449999998, 44.399246600000033 ], [ 26.061674499999981, 44.399246600000033 ], [ 26.061674499999981, 44.394246600000031 ], [ 26.06667449999998, 44.394246600000031 ] ] ] } },
{ "type": "Feature", "properties": { "cell_id": 387, "education": 0.90305771744329055, "health": 0.95593668734132409, "green": 0.88666640588236856, "groceries": 0.96598807626912431, "transit": 0.92351182098341567, "culture": 0.87362227719412111, "services": 0.97898365757953565, "livability": 0.92682380609902548 }, "geometry": { "type": "Polygon", "coordinates": [ [ [ 26.06667449999998, 44.399246600000033 ], [ 26.06667449999998, 44.404246600000036 ], [ 26.061674499999981, 44.404246600000036 ], [ 26.061674499999981, 44.399246600000033 ], [ 26.06667449999998, 44.399246600000033 ] ] ] } },
{ "type": "Feature", "properties": { "cell_id": 388, "education": 0.94532160818502187, "health": 1.0, "green": 0.97832393575806942, "groceries": 0.9857752853778895, "transit": 0.99321404918990097, "culture": 0.95393167414013691, "services": 0.99567994695341966, "livability": 0.97889235708634836 }, "geometry": { "type": "Polygon", "coordinates": [ [ [ 26.06667449999998, 44.404246600000036 ], [ 26.06667449999998, 44.409246600000039 ], [ 26.061674499999981, 44.409246600000039 ], [ 26.061674499999981, 44.404246600000036 ], [ 26.06667449999998, 44.404246600000036 ] ] ] } },
{ "type": "Feature", "properties": { "cell_id": 389, "education": 0.8977473978796443, "health": 0.9530354265284009, "green": 0.85391069792431007, "groceries": 0.97255395355623597, "transit": 0.83371452168278881, "culture": 0.91719524468095903, "services": 0.8930758908378752, "livability": 0.90303330472717347 }, "geometry": { "type": "Polygon", "coordinates": [ [ [ 26.06667449999998, 44.409246600000039 ], [ 26.06667449999998, 44.414246600000041 ], [ 26.061674499999981, 44.414246600000041 ], [ 26.061674499999981, 44.409246600000039 ], [ 26.06667449999998, 44.409246600000039 ] ] ] } },
{ "type": "Feature", "properties": { "cell_id": 390, "education": 0.930481139631402, "health": 0.94721899196625214, "green": 0.91621043923802969, "groceries": 0.99245512619788423, "transit": 0.88596041311190754, "culture": 1.0, "services": 0.89412343311869824, "livability": 0.93806422046631044 }, "geometry": { "type": "Polygon", "coordinates": [ [ [ 26.06667449999998, 44.414246600000041 ], [ 26.06667449999998, 44.419246600000044 ], [ 26.061674499999981, 44.419246600000044 ], [ 26.061674499999981, 44.414246600000041 ], [ 26.06667449999998, 44.414246600000041 ] ] ] } },
{ "type": "Feature", "properties": { "cell_id": 391, "education": 0.95575907133288884, "health": 0.98053148194802797, "green": 0.95229033888611014, "groceries": 0.95900245625523639, "transit": 0.93041847565041258, "culture": 0.97026995539104532, "services": 0.95331565508747063, "livability": 0.95736963350731308 }, "geometry": { "type": "Polygon", "coordinates": [ [ [ 26.06667449999998, 44.419246600000044 ], [ 26.06667449999998, 44.424246600000046 ], [ 26.061674499999981, 44.424246600000046 ], [ 26.061674499999981, 44.419246600000044 ], [ 26.06667449999998, 44.419246600000044 ] ] ] } },
{ "type": "Feature", "properties": { "cell_id": 392, "education": 0.91041999103634053, "health": 0.95578823640914301, "green": 0.90187643038651621, "groceries": 0.95978439138542937, "transit": 0.91533108692121345, "culture": 0.97057254437314511, "services": 0.89572310998735705, "livability": 0.92992797007130634 }, "geometry": { "type": "Polygon", "coordinates": [ [ [ 26.06667449999998, 44.424246600000046 ], [ 26.06667449999998, 44.429246600000049 ], [ 26.061674499999981, 44.429246600000049 ], [ 26.061674499999981, 44.424246600000046 ], [ 26.06667449999998, 44.424246600000046 ] ] ] } },
{ "type": "Feature", "properties": { "cell_id": 393, "education": 0.93843920910383072, "health": 0.93496469111808433, "green": 0.94067000050437477, "groceries": 0.85888379783057123, "transit": 0.8104072887207, "culture": 0.93117854809906242, "services": 0.90896460375454846, "livability": 0.9033583055901675 }, "geometry": { "type": "Polygon", "coordinates": [ [ [ 26.06667449999998, 44.429246600000049 ], [ 26.06667449999998, 44.434246600000051 ], [ 26.061674499999981, 44.434246600000051 ], [ 26.061674499999981, 44.429246600000049 ], [ 26.06667449999998, 44.429246600000049 ] ] ] } },
{ "type": "Feature", "properties": { "cell_id": 394, "education": 0.92074174825548571, "health": 0.94067400856529348, "green": 0.9776551070754913, "groceries": 0.90188875702486049, "transit": 0.83847530952336091, "culture": 0.95814279556477311, "services": 0.92158617925898334, "livability": 0.92273770075260686 }, "geometry": { "type": "Polygon", "coordinates": [ [ [ 26.06667449999998, 44.434246600000051 ], [ 26.06667449999998, 44.439246600000054 ], [ 26.061674499999981, 44.439246600000054 ], [ 26.061674499999981, 44.434246600000051 ], [ 26.06667449999998, 44.434246600000051 ] ] ] } },
{ "type": "Feature", "properties": { "cell_id": 395, "education": 0.96106429374249336, "health": 0.94110981117225401, "green": 0.9073117036759436, "groceries": 0.93769175355960221, "transit": 0.83298805730350345, "culture": 0.92747025501431479, "services": 0.89364960486877043, "livability": 0.91446935419098319 }, "geometry": { "type": "Polygon", "coordinates": [ [ [ 26.06667449999998, 44.439246600000054 ], [ 26.06667449999998, 44.444246600000056 ], [ 26.061674499999981, 44.444246600000056 ], [ 26.061674499999981, 44.439246600000054 ], [ 26.06667449999998, 44.439246600000054 ] ] ] } },
{ "type": "Feature", "properties": { "cell_id": 396, "education": 0.91303283447243389, "health": 0.96068065612119713, "green": 0.83675195568779359, "groceries": 0.92942643286841564, "transit": 0.82417261290433763, "culture": 0.97497729358665497, "services": 0.99348762611393338, "livability": 0.91893277310782373 }, "geometry": { "type": "Polygon", "coordinates": [ [ [ 26.06667449999998, 44.444246600000056 ], [ 26.06667449999998, 44.449246600000059 ], [ 26.061674499999981, 44.449246600000059 ], [ 26.061674499999981, 44.444246600000056 ], [ 26.06667449999998, 44.444246600000056 ] ] ] } },
{ "type": "Feature", "properties": { "cell_id": 397, "education": 0.81736808227243096, "health": 0.96381953459487868, "green": 0.76516157518812944, "groceries": 0.96361756317751113, "transit": 0.90000657417835994, "culture": 0.91649614707492211, "services": 0.95740589018181477, "livability": 0.89769648095257804 }, "geometry": { "type": "Polygon", "coordinates": [ [ [ 26.06667449999998, 44.449246600000059 ], [ 26.06667449999998, 44.454246600000062 ], [ 26.061674499999981, 44.454246600000062 ], [ 26.061674499999981, 44.449246600000059 ], [ 26.06667449999998, 44.449246600000059 ] ] ] } },
{ "type": "Feature", "properties": { "cell_id": 398, "education": 0.94413097496329679, "health": 0.95760720270066346, "green": 0.99118160434680547, "groceries": 0.96210330376854614, "transit": 0.8986233917601798, "culture": 0.87324592010411017, "services": 0.86791481827850925, "livability": 0.92782960227458733 }, "geometry": { "type": "Polygon", "coordinates": [ [ [ 26.06667449999998, 44.454246600000062 ], [ 26.06667449999998, 44.459246600000064 ], [ 26.061674499999981, 44.459246600000064 ], [ 26.061674499999981, 44.454246600000062 ], [ 26.06667449999998, 44.454246600000062 ] ] ] } },
{ "type": "Feature", "properties": { "cell_id": 399, "education": 0.9610338650265432, "health": 0.93763188291630295, "green": 0.88351699134652717, "groceries": 0.90432115774053157, "transit": 0.79986996559557122, "culture": 0.91688002391606871, "services": 0.91934027713147415, "livability": 0.90322773766757403 }, "geometry": { "type": "Polygon", "coordinates": [ [ [ 26.06667449999998, 44.459246600000064 ], [ 26.06667449999998, 44.464246600000067 ], [ 26.061674499999981, 44.464246600000067 ], [ 26.061674499999981, 44.459246600000064 ], [ 26.06667449999998, 44.459246600000064 ] ] ] } },
{ "type": "Feature", "properties": { "cell_id": 400, "education": 0.88410185669401731, "health": 0.95438963399454624, "green": 0.91436314988847689, "groceries": 0.94795147171866712, "transit": 0.93416307449682123, "culture": 0.95973275750240494, "services": 0.93882326827557105, "livability": 0.93336074465292929 }, "geometry": { "type": "Polygon", "coordinates": [ [ [ 26.06667449999998, 44.464246600000067 ], [ 26.06667449999998, 44.469246600000069 ], [ 26.061674499999981, 44.469246600000069 ], [ 26.061674499999981, 44.464246600000067 ], [ 26.06667449999998, 44.464246600000067 ] ] ] } },
{ "type": "Feature", "properties": { "cell_id": 401, "education": 0.94976006279961223, "health": 0.91398787333542064, "green": 0.98852713901408362, "groceries": 0.88672123506826783, "transit": 0.87196084360801973, "culture": 0.97920722229957757, "services": 0.95908640409647716, "livability": 0.93560725431735126 }, "geometry": { "type": "Polygon", "coordinates": [ [ [ 26.06667449999998, 44.469246600000069 ], [ 26.06667449999998, 44.474246600000072 ], [ 26.061674499999981, 44.474246600000072 ], [ 26.061674499999981, 44.469246600000069 ], [ 26.06667449999998, 44.469246600000069 ] ] ] } },
{ "type": "Feature", "properties": { "cell_id": 402, "education": 0.88942700465277535, "health": 0.88823713225297196, "green": 0.94285717202808317, "groceries": 0.93209310499456488, "transit": 0.80795569619402685, "culture": 0.92171600308013857, "services": 0.93024801770057863, "livability": 0.90179059012901974 }, "geometry": { "type": "Polygon", "coordinates": [ [ [ 26.06667449999998, 44.474246600000072 ], [ 26.06667449999998, 44.479246600000074 ], [ 26.061674499999981, 44.479246600000074 ], [ 26.061674499999981, 44.474246600000072 ], [ 26.06667449999998, 44.474246600000072 ] ] ] } },
{ "type": "Feature", "properties": { "cell_id": 403, "education": 0.84358243422226331, "health": 0.86020455327439205, "green": 0.83785644612449572, "groceries": 0.8539976219722647, "transit": 0.86964379186149243, "culture": 0.92230863399631935, "services": 0.93786503410887878, "livability": 0.87506550222287227 }, "geometry": { "type": "Polygon", "coordinates": [ [ [ 26.06667449999998, 44.479246600000074 ], [ 26.06667449999998, 44.484246600000077 ], [ 26.061674499999981, 44.484246600000077 ], [ 26.061674499999981, 44.479246600000074 ], [ 26.06667449999998, 44.479246600000074 ] ] ] } },
{ "type": "Feature", "properties": { "cell_id": 404, "education": 0.85893834544032543, "health": 0.86976604099783938, "green": 0.92617924989074518, "groceries": 0.93276921462293738, "transit": 0.94400133955272203, "culture": 0.94059481318394078, "services": 0.86911507260790088, "livability": 0.90590915375663017 }, "geometry": { "type": "Polygon", "coordinates": [ [ [ 26.06667449999998, 44.484246600000077 ], [ 26.06667449999998, 44.489246600000079 ], [ 26.061674499999981, 44.489246600000079 ], [ 26.061674499999981, 44.484246600000077 ], [ 26.06667449999998, 44.484246600000077 ] ] ] } },
{ "type": "Feature", "properties": { "cell_id": 405, "education": 0.94416307505641672, "health": 0.94923428812004351, "green": 0.9615096555174969, "groceries": 0.96807385885105091, "transit": 0.99679448523182468, "culture": 0.98369875486566438, "services": 0.82728048975276303, "livability": 0.94725065819932275 }, "geometry": { "type": "Polygon", "coordinates": [ [ [ 26.06667449999998, 44.489246600000079 ], [ 26.06667449999998, 44.494246600000082 ], [ 26.061674499999981, 44.494246600000082 ], [ 26.061674499999981, 44.489246600000079 ], [ 26.06667449999998, 44.489246600000079 ] ] ] } },
{ "type": "Feature", "properties": { "cell_id": 406, "education": 0.85946470480425519, "health": 0.90197108609226728, "green": 0.97328950452258067, "groceries": 0.8525759762162286, "transit": 0.67992260066787247, "culture": 0.8672747912766452, "services": 0.83158972839370648, "livability": 0.85229834171050789 }, "geometry": { "type": "Polygon", "coordinates": [ [ [ 26.06667449999998, 44.494246600000082 ], [ 26.06667449999998, 44.499246600000085 ], [ 26.061674499999981, 44.499246600000085 ], [ 26.061674499999981, 44.494246600000082 ], [ 26.06667449999998, 44.494246600000082 ] ] ] } },
{ "type": "Feature", "properties": { "cell_id": 407, "education": 0.91850508325188918, "health": 0.94328959641678367, "green": 0.80600950975264163, "groceries": 0.99314638501717156, "transit": 0.94761608390069973, "culture": 0.91297422864000333, "services": 0.90394723605309735, "livability": 0.917926874718898 }, "geometry": { "type": "Polygon", "coordinates": [ [ [ 26.06667449999998, 44.499246600000085 ], [ 26.06667449999998, 44.504246600000087 ], [ 26.061674499999981, 44.504246600000087 ], [ 26.061674499999981, 44.499246600000085 ], [ 26.06667449999998, 44.499246600000085 ] ] ] } },
{ "type": "Feature", "properties": { "cell_id": 408, "education": 0.73483283440996749, "health": 0.79624510365468049, "green": 0.71409412417191298, "groceries": 0.84506702128964728, "transit": 0.82160949495048596, "culture": 0.79957656607660177, "services": 0.76911014009468637, "livability": 0.78293361209256884 }, "geometry": { "type": "Polygon", "coordinates": [ [ [ 26.06667449999998, 44.504246600000087 ], [ 26.06667449999998, 44.50924660000009 ], [ 26.061674499999981, 44.50924660000009 ], [ 26.061674499999981, 44.504246600000087 ], [ 26.06667449999998, 44.504246600000087 ] ] ] } },
{ "type": "Feature", "properties": { "cell_id": 409, "education": 0.65417373878044383, "health": 0.73711701172564248, "green": 0.73289405017222264, "groceries": 0.75520623672638054, "transit": 0.9700707616507851, "culture": 0.83260511724883179, "services": 0.73817091687503567, "livability": 0.7743196904541918 }, "geometry": { "type": "Polygon", "coordinates": [ [ [ 26.06667449999998, 44.50924660000009 ], [ 26.06667449999998, 44.514246600000092 ], [ 26.061674499999981, 44.514246600000092 ], [ 26.061674499999981, 44.50924660000009 ], [ 26.06667449999998, 44.50924660000009 ] ] ] } },
{ "type": "Feature", "properties": { "cell_id": 410, "education": 0.42071779902032225, "health": 0.60046377019589814, "green": 0.64102091556334995, "groceries": 0.59832665222165959, "transit": 0.56354906780698188, "culture": 0.68800198842502125, "services": 0.61945498531275156, "livability": 0.59021931122085503 }, "geometry": { "type": "Polygon", "coordinates": [ [ [ 26.06667449999998, 44.514246600000092 ], [ 26.06667449999998, 44.519246600000095 ], [ 26.061674499999981, 44.519246600000095 ], [ 26.061674499999981, 44.514246600000092 ], [ 26.06667449999998, 44.514246600000092 ] ] ] } },
{ "type": "Feature", "properties": { "cell_id": 411, "education": 0.41241320189758424, "health": 0.54457717116126569, "green": 0.68480044131382811, "groceries": 0.63463994942218704, "transit": 0.35951387722870454, "culture": 0.60520968255297758, "services": 0.6450087400952329, "livability": 0.55516615195311148 }, "geometry": { "type": "Polygon", "coordinates": [ [ [ 26.06667449999998, 44.519246600000095 ], [ 26.06667449999998, 44.524246600000097 ], [ 26.061674499999981, 44.524246600000097 ], [ 26.061674499999981, 44.519246600000095 ], [ 26.06667449999998, 44.519246600000095 ] ] ] } },
{ "type": "Feature", "properties": { "cell_id": 412, "education": 0.54253563384141834, "health": 0.5735739525325585, "green": 0.5957695164341702, "groceries": 0.88704117626670631, "transit": 0.61855327790827364, "culture": 0.4697318125789991, "services": 0.81853326781133129, "livability": 0.64367694819620824 }, "geometry": { "type": "Polygon", "coordinates": [ [ [ 26.06667449999998, 44.524246600000097 ], [ 26.06667449999998, 44.5292466000001 ], [ 26.061674499999981, 44.5292466000001 ], [ 26.061674499999981, 44.524246600000097 ], [ 26.06667449999998, 44.524246600000097 ] ] ] } },
{ "type": "Feature", "properties": { "cell_id": 413, "education": 0.5613199149467063, "health": 0.5862684014797459, "green": 0.8617976008351883, "groceries": 0.84300319372649124, "transit": 0.79756861643300758, "culture": 0.48372214126423774, "services": 0.83210949927525135, "livability": 0.70939848113723258 }, "geometry": { "type": "Polygon", "coordinates": [ [ [ 26.06667449999998, 44.5292466000001 ], [ 26.06667449999998, 44.534246600000102 ], [ 26.061674499999981, 44.534246600000102 ], [ 26.061674499999981, 44.5292466000001 ], [ 26.06667449999998, 44.5292466000001 ] ] ] } },
{ "type": "Feature", "properties": { "cell_id": 414, "education": 0.64279549599582841, "health": 0.81875822137015253, "green": 0.56638862343826091, "groceries": 0.71854525518610202, "transit": 0.55473875543267515, "culture": 0.7147052753111357, "services": 0.7234014402908151, "livability": 0.6770475810035671 }, "geometry": { "type": "Polygon", "coordinates": [ [ [ 26.071674499999979, 44.374246600000021 ], [ 26.071674499999979, 44.379246600000023 ], [ 26.06667449999998, 44.379246600000023 ], [ 26.06667449999998, 44.374246600000021 ], [ 26.071674499999979, 44.374246600000021 ] ] ] } },
{ "type": "Feature", "properties": { "cell_id": 415, "education": 0.70892647197272463, "health": 0.74749097824963773, "green": 0.53876814448473653, "groceries": 0.64578187222920547, "transit": 0.51580593220784654, "culture": 0.72762369261578397, "services": 0.62137434361953692, "livability": 0.64368163362563879 }, "geometry": { "type": "Polygon", "coordinates": [ [ [ 26.071674499999979, 44.379246600000023 ], [ 26.071674499999979, 44.384246600000026 ], [ 26.06667449999998, 44.384246600000026 ], [ 26.06667449999998, 44.379246600000023 ], [ 26.071674499999979, 44.379246600000023 ] ] ] } },
{ "type": "Feature", "properties": { "cell_id": 416, "education": 0.82559653653735909, "health": 0.82633680524612041, "green": 0.68323240635065674, "groceries": 0.76560897373531689, "transit": 0.72995090170567389, "culture": 0.81451829038283785, "services": 0.70569696382319647, "livability": 0.76442012539730864 }, "geometry": { "type": "Polygon", "coordinates": [ [ [ 26.071674499999979, 44.384246600000026 ], [ 26.071674499999979, 44.389246600000028 ], [ 26.06667449999998, 44.389246600000028 ], [ 26.06667449999998, 44.384246600000026 ], [ 26.071674499999979, 44.384246600000026 ] ] ] } },
{ "type": "Feature", "properties": { "cell_id": 417, "education": 0.95469106647809965, "health": 0.91357910696149369, "green": 0.84308100203293057, "groceries": 0.89819674079293388, "transit": 0.96690066495176485, "culture": 0.91066649510859321, "services": 0.78849545557922696, "livability": 0.89651579027214889 }, "geometry": { "type": "Polygon", "coordinates": [ [ [ 26.071674499999979, 44.389246600000028 ], [ 26.071674499999979, 44.394246600000031 ], [ 26.06667449999998, 44.394246600000031 ], [ 26.06667449999998, 44.389246600000028 ], [ 26.071674499999979, 44.389246600000028 ] ] ] } },
{ "type": "Feature", "properties": { "cell_id": 418, "education": 0.92324410879047802, "health": 0.97890997480763353, "green": 0.93850114315061539, "groceries": 0.98116655312137568, "transit": 0.96634243959279731, "culture": 1.0, "services": 0.82847827686680664, "livability": 0.94523464233281529 }, "geometry": { "type": "Polygon", "coordinates": [ [ [ 26.071674499999979, 44.394246600000031 ], [ 26.071674499999979, 44.399246600000033 ], [ 26.06667449999998, 44.399246600000033 ], [ 26.06667449999998, 44.394246600000031 ], [ 26.071674499999979, 44.394246600000031 ] ] ] } },
{ "type": "Feature", "properties": { "cell_id": 419, "education": 0.91124753354316335, "health": 0.92111371621652349, "green": 0.91139601978559182, "groceries": 0.95842766925197098, "transit": 0.92570540897598019, "culture": 0.89274298424496601, "services": 0.90212746321416393, "livability": 0.91753725646176554 }, "geometry": { "type": "Polygon", "coordinates": [ [ [ 26.071674499999979, 44.399246600000033 ], [ 26.071674499999979, 44.404246600000036 ], [ 26.06667449999998, 44.404246600000036 ], [ 26.06667449999998, 44.399246600000033 ], [ 26.071674499999979, 44.399246600000033 ] ] ] } },
{ "type": "Feature", "properties": { "cell_id": 420, "education": 0.83904050618232151, "health": 0.95062524683972416, "green": 0.9323732388986764, "groceries": 0.92659645831722459, "transit": 0.81936026031622855, "culture": 0.91242507900810832, "services": 0.93501243756967978, "livability": 0.90220474673313755 }, "geometry": { "type": "Polygon", "coordinates": [ [ [ 26.071674499999979, 44.404246600000036 ], [ 26.071674499999979, 44.409246600000039 ], [ 26.06667449999998, 44.409246600000039 ], [ 26.06667449999998, 44.404246600000036 ], [ 26.071674499999979, 44.404246600000036 ] ] ] } },
{ "type": "Feature", "properties": { "cell_id": 421, "education": 0.96748671436856437, "health": 0.96153887920233994, "green": 0.92214936716785478, "groceries": 0.9789227725711277, "transit": 0.92430711457838111, "culture": 0.99513552018070628, "services": 0.93935751262544298, "livability": 0.9555568400992025 }, "geometry": { "type": "Polygon", "coordinates": [ [ [ 26.071674499999979, 44.409246600000039 ], [ 26.071674499999979, 44.414246600000041 ], [ 26.06667449999998, 44.414246600000041 ], [ 26.06667449999998, 44.409246600000039 ], [ 26.071674499999979, 44.409246600000039 ] ] ] } },
{ "type": "Feature", "properties": { "cell_id": 422, "education": 0.9110285378841253, "health": 0.99432139144720366, "green": 0.96872707494120602, "groceries": 0.96860000521832867, "transit": 0.95321923822382537, "culture": 0.99374170549198748, "services": 0.97324671153761233, "livability": 0.96612638067775547 }, "geometry": { "type": "Polygon", "coordinates": [ [ [ 26.071674499999979, 44.414246600000041 ], [ 26.071674499999979, 44.419246600000044 ], [ 26.06667449999998, 44.419246600000044 ], [ 26.06667449999998, 44.414246600000041 ], [ 26.071674499999979, 44.414246600000041 ] ] ] } },
{ "type": "Feature", "properties": { "cell_id": 423, "education": 0.99170677306797372, "health": 0.99038621510694913, "green": 0.8970095709805368, "groceries": 0.98622640885210622, "transit": 0.97388899639833959, "culture": 0.97772985968081993, "services": 0.99106709922710123, "livability": 0.97257356047340382 }, "geometry": { "type": "Polygon", "coordinates": [ [ [ 26.071674499999979, 44.419246600000044 ], [ 26.071674499999979, 44.424246600000046 ], [ 26.06667449999998, 44.424246600000046 ], [ 26.06667449999998, 44.419246600000044 ], [ 26.071674499999979, 44.419246600000044 ] ] ] } },
{ "type": "Feature", "properties": { "cell_id": 424, "education": 0.93227757094280483, "health": 0.98678783952850391, "green": 0.88874088906433291, "groceries": 0.97588484733007952, "transit": 1.0, "culture": 0.95227652605581248, "services": 0.92390910926784175, "livability": 0.95141096888419652 }, "geometry": { "type": "Polygon", "coordinates": [ [ [ 26.071674499999979, 44.424246600000046 ], [ 26.071674499999979, 44.429246600000049 ], [ 26.06667449999998, 44.429246600000049 ], [ 26.06667449999998, 44.424246600000046 ], [ 26.071674499999979, 44.424246600000046 ] ] ] } },
{ "type": "Feature", "properties": { "cell_id": 425, "education": 0.86467829956684383, "health": 0.94659818521194516, "green": 0.95613750252720575, "groceries": 0.88319145871688876, "transit": 0.87521103330118988, "culture": 0.94262930273437529, "services": 0.91939010578172642, "livability": 0.91254798397716785 }, "geometry": { "type": "Polygon", "coordinates": [ [ [ 26.071674499999979, 44.429246600000049 ], [ 26.071674499999979, 44.434246600000051 ], [ 26.06667449999998, 44.434246600000051 ], [ 26.06667449999998, 44.429246600000049 ], [ 26.071674499999979, 44.429246600000049 ] ] ] } },
{ "type": "Feature", "properties": { "cell_id": 426, "education": 0.93584345832701321, "health": 0.96360625350621387, "green": 0.93123561772254682, "groceries": 0.9400016102987212, "transit": 0.90115472143920627, "culture": 0.99421833973699558, "services": 1.0, "livability": 0.95229428586152798 }, "geometry": { "type": "Polygon", "coordinates": [ [ [ 26.071674499999979, 44.434246600000051 ], [ 26.071674499999979, 44.439246600000054 ], [ 26.06667449999998, 44.439246600000054 ], [ 26.06667449999998, 44.434246600000051 ], [ 26.071674499999979, 44.434246600000051 ] ] ] } },
{ "type": "Feature", "properties": { "cell_id": 427, "education": 0.9198291913961063, "health": 0.9366771687446952, "green": 0.82848333886690584, "groceries": 0.91765980711287076, "transit": 0.87261985849966994, "culture": 0.92074136975717347, "services": 0.88711988667555197, "livability": 0.89759008872185331 }, "geometry": { "type": "Polygon", "coordinates": [ [ [ 26.071674499999979, 44.439246600000054 ], [ 26.071674499999979, 44.444246600000056 ], [ 26.06667449999998, 44.444246600000056 ], [ 26.06667449999998, 44.439246600000054 ], [ 26.071674499999979, 44.439246600000054 ] ] ] } },
{ "type": "Feature", "properties": { "cell_id": 428, "education": 1.0, "health": 0.9888649926895865, "green": 0.86910634468000936, "groceries": 0.91912388360742736, "transit": 0.91380315884319474, "culture": 0.91953853673378205, "services": 0.93422342661758739, "livability": 0.93495147759594111 }, "geometry": { "type": "Polygon", "coordinates": [ [ [ 26.071674499999979, 44.444246600000056 ], [ 26.071674499999979, 44.449246600000059 ], [ 26.06667449999998, 44.449246600000059 ], [ 26.06667449999998, 44.444246600000056 ], [ 26.071674499999979, 44.444246600000056 ] ] ] } },
{ "type": "Feature", "properties": { "cell_id": 429, "education": 0.83392843603271094, "health": 0.99051549694868202, "green": 0.83891876004882338, "groceries": 0.95959347696436381, "transit": 0.94518812860916968, "culture": 0.97775873265417046, "services": 0.96093116982459659, "livability": 0.92954774301178811 }, "geometry": { "type": "Polygon", "coordinates": [ [ [ 26.071674499999979, 44.449246600000059 ], [ 26.071674499999979, 44.454246600000062 ], [ 26.06667449999998, 44.454246600000062 ], [ 26.06667449999998, 44.449246600000059 ], [ 26.071674499999979, 44.449246600000059 ] ] ] } },
{ "type": "Feature", "properties": { "cell_id": 430, "education": 0.98189396894007086, "health": 0.89260222709831993, "green": 0.81477623398797516, "groceries": 0.91735913750549802, "transit": 0.77545748738492726, "culture": 0.89998929871539268, "services": 0.92207158581136528, "livability": 0.88630713420622131 }, "geometry": { "type": "Polygon", "coordinates": [ [ [ 26.071674499999979, 44.454246600000062 ], [ 26.071674499999979, 44.459246600000064 ], [ 26.06667449999998, 44.459246600000064 ], [ 26.06667449999998, 44.454246600000062 ], [ 26.071674499999979, 44.454246600000062 ] ] ] } },
{ "type": "Feature", "properties": { "cell_id": 431, "education": 0.84605781741671571, "health": 0.97213644984993952, "green": 0.88244407427008775, "groceries": 0.9852478015267585, "transit": 0.89370575615270242, "culture": 0.93562317577026799, "services": 0.95005475369144909, "livability": 0.92360997552541735 }, "geometry": { "type": "Polygon", "coordinates": [ [ [ 26.071674499999979, 44.459246600000064 ], [ 26.071674499999979, 44.464246600000067 ], [ 26.06667449999998, 44.464246600000067 ], [ 26.06667449999998, 44.459246600000064 ], [ 26.071674499999979, 44.459246600000064 ] ] ] } },
{ "type": "Feature", "properties": { "cell_id": 432, "education": 0.88993688706934426, "health": 1.0, "green": 0.98551861517748729, "groceries": 0.94376144013367425, "transit": 0.87722476616468503, "culture": 0.9866237191644659, "services": 0.94164838310525334, "livability": 0.9463876872592728 }, "geometry": { "type": "Polygon", "coordinates": [ [ [ 26.071674499999979, 44.464246600000067 ], [ 26.071674499999979, 44.469246600000069 ], [ 26.06667449999998, 44.469246600000069 ], [ 26.06667449999998, 44.464246600000067 ], [ 26.071674499999979, 44.464246600000067 ] ] ] } },
{ "type": "Feature", "properties": { "cell_id": 433, "education": 0.96580317828403539, "health": 0.91879114504401416, "green": 0.97839169828119732, "groceries": 0.79758707693327402, "transit": 0.71266773432706754, "culture": 0.9145701183298196, "services": 0.90854977035363971, "livability": 0.88519438879329249 }, "geometry": { "type": "Polygon", "coordinates": [ [ [ 26.071674499999979, 44.469246600000069 ], [ 26.071674499999979, 44.474246600000072 ], [ 26.06667449999998, 44.474246600000072 ], [ 26.06667449999998, 44.469246600000069 ], [ 26.071674499999979, 44.469246600000069 ] ] ] } },
{ "type": "Feature", "properties": { "cell_id": 434, "education": 0.89129508994005358, "health": 0.91779134471350532, "green": 0.83833437078563489, "groceries": 0.79161332623853276, "transit": 0.84606246330285884, "culture": 0.89877739046142624, "services": 0.92100675250953601, "livability": 0.87212581970736391 }, "geometry": { "type": "Polygon", "coordinates": [ [ [ 26.071674499999979, 44.474246600000072 ], [ 26.071674499999979, 44.479246600000074 ], [ 26.06667449999998, 44.479246600000074 ], [ 26.06667449999998, 44.474246600000072 ], [ 26.071674499999979, 44.474246600000072 ] ] ] } },
{ "type": "Feature", "properties": { "cell_id": 435, "education": 0.86943560223700977, "health": 0.91536807136679832, "green": 0.95914302677718966, "groceries": 0.92475214148468421, "transit": 0.89350971911055865, "culture": 0.97070847633711976, "services": 0.9715754708752673, "livability": 0.92921321545551816 }, "geometry": { "type": "Polygon", "coordinates": [ [ [ 26.071674499999979, 44.479246600000074 ], [ 26.071674499999979, 44.484246600000077 ], [ 26.06667449999998, 44.484246600000077 ], [ 26.06667449999998, 44.479246600000074 ], [ 26.071674499999979, 44.479246600000074 ] ] ] } },
{ "type": "Feature", "properties": { "cell_id": 436, "education": 0.80378987927735945, "health": 0.82353180868595932, "green": 0.98847799420578519, "groceries": 0.86398049444732117, "transit": 0.82106789462540242, "culture": 0.99306956581491967, "services": 0.87499397073353735, "livability": 0.88127308682718342 }, "geometry": { "type": "Polygon", "coordinates": [ [ [ 26.071674499999979, 44.484246600000077 ], [ 26.071674499999979, 44.489246600000079 ], [ 26.06667449999998, 44.489246600000079 ], [ 26.06667449999998, 44.484246600000077 ], [ 26.071674499999979, 44.484246600000077 ] ] ] } },
{ "type": "Feature", "properties": { "cell_id": 437, "education": 0.85620719330429007, "health": 0.88363638071299433, "green": 0.85260012862640788, "groceries": 0.87773793240667319, "transit": 0.83165784214613636, "culture": 0.9190319921272706, "services": 0.7637108805360493, "livability": 0.8549403356942602 }, "geometry": { "type": "Polygon", "coordinates": [ [ [ 26.071674499999979, 44.489246600000079 ], [ 26.071674499999979, 44.494246600000082 ], [ 26.06667449999998, 44.494246600000082 ], [ 26.06667449999998, 44.489246600000079 ], [ 26.071674499999979, 44.489246600000079 ] ] ] } },
{ "type": "Feature", "properties": { "cell_id": 438, "education": 0.8899814868902689, "health": 0.96495103254890502, "green": 0.89334362511746956, "groceries": 0.93447971016852249, "transit": 0.81426197448136106, "culture": 0.92421509088680587, "services": 0.89761203864649219, "livability": 0.90269213696283201 }, "geometry": { "type": "Polygon", "coordinates": [ [ [ 26.071674499999979, 44.494246600000082 ], [ 26.071674499999979, 44.499246600000085 ], [ 26.06667449999998, 44.499246600000085 ], [ 26.06667449999998, 44.494246600000082 ], [ 26.071674499999979, 44.494246600000082 ] ] ] } },
{ "type": "Feature", "properties": { "cell_id": 439, "education": 0.90432669877136418, "health": 0.97780319079359168, "green": 0.76336534398949019, "groceries": 0.92632172384495082, "transit": 0.86628401453226145, "culture": 0.95446109214940944, "services": 0.9707348988841209, "livability": 0.90904242328074114 }, "geometry": { "type": "Polygon", "coordinates": [ [ [ 26.071674499999979, 44.499246600000085 ], [ 26.071674499999979, 44.504246600000087 ], [ 26.06667449999998, 44.504246600000087 ], [ 26.06667449999998, 44.499246600000085 ], [ 26.071674499999979, 44.499246600000085 ] ] ] } },
{ "type": "Feature", "properties": { "cell_id": 440, "education": 0.79878740266369797, "health": 0.91271452848791035, "green": 0.63268352284764762, "groceries": 0.8179265841425053, "transit": 0.67268311852055995, "culture": 0.87585656991728966, "services": 0.90027596265757526, "livability": 0.80156109846245516 }, "geometry": { "type": "Polygon", "coordinates": [ [ [ 26.071674499999979, 44.504246600000087 ], [ 26.071674499999979, 44.50924660000009 ], [ 26.06667449999998, 44.50924660000009 ], [ 26.06667449999998, 44.504246600000087 ], [ 26.071674499999979, 44.504246600000087 ] ] ] } },
{ "type": "Feature", "properties": { "cell_id": 441, "education": 0.57610405117949504, "health": 0.78443239714210677, "green": 0.82956220438521666, "groceries": 0.68772950230445185, "transit": 0.93765090268885787, "culture": 0.89075057321646611, "services": 0.78199002516345972, "livability": 0.78403137944000767 }, "geometry": { "type": "Polygon", "coordinates": [ [ [ 26.071674499999979, 44.50924660000009 ], [ 26.071674499999979, 44.514246600000092 ], [ 26.06667449999998, 44.514246600000092 ], [ 26.06667449999998, 44.50924660000009 ], [ 26.071674499999979, 44.50924660000009 ] ] ] } },
{ "type": "Feature", "properties": { "cell_id": 442, "education": 0.47026165285621535, "health": 0.72972765651144456, "green": 0.96940103245922227, "groceries": 0.57463049178244952, "transit": 0.7056781814024804, "culture": 0.9643716638431522, "services": 0.70240197880509836, "livability": 0.730924665380009 }, "geometry": { "type": "Polygon", "coordinates": [ [ [ 26.071674499999979, 44.514246600000092 ], [ 26.071674499999979, 44.519246600000095 ], [ 26.06667449999998, 44.519246600000095 ], [ 26.06667449999998, 44.514246600000092 ], [ 26.071674499999979, 44.514246600000092 ] ] ] } },
{ "type": "Feature", "properties": { "cell_id": 443, "education": 0.48561300300299348, "health": 0.53510554231937368, "green": 0.49353863245085838, "groceries": 0.80128796751181508, "transit": 0.51407322049065252, "culture": 0.42733645496087391, "services": 0.77739276275467628, "livability": 0.57633536907017757 }, "geometry": { "type": "Polygon", "coordinates": [ [ [ 26.071674499999979, 44.519246600000095 ], [ 26.071674499999979, 44.524246600000097 ], [ 26.06667449999998, 44.524246600000097 ], [ 26.06667449999998, 44.519246600000095 ], [ 26.071674499999979, 44.519246600000095 ] ] ] } },
{ "type": "Feature", "properties": { "cell_id": 444, "education": 0.62725804752939895, "health": 0.63082950302268681, "green": 0.62094692817015074, "groceries": 0.97405613852558337, "transit": 0.77405913763927514, "culture": 0.53283214672848922, "services": 0.87976590652467646, "livability": 0.71996397259146583 }, "geometry": { "type": "Polygon", "coordinates": [ [ [ 26.071674499999979, 44.524246600000097 ], [ 26.071674499999979, 44.5292466000001 ], [ 26.06667449999998, 44.5292466000001 ], [ 26.06667449999998, 44.524246600000097 ], [ 26.071674499999979, 44.524246600000097 ] ] ] } },
{ "type": "Feature", "properties": { "cell_id": 445, "education": 0.70637961741957911, "health": 0.68490084648338678, "green": 0.61325229336757947, "groceries": 0.63684519034133225, "transit": 0.91827654042034823, "culture": 0.60624066765179752, "services": 0.93662498077765144, "livability": 0.72893144806595345 }, "geometry": { "type": "Polygon", "coordinates": [ [ [ 26.071674499999979, 44.5292466000001 ], [ 26.071674499999979, 44.534246600000102 ], [ 26.06667449999998, 44.534246600000102 ], [ 26.06667449999998, 44.5292466000001 ], [ 26.071674499999979, 44.5292466000001 ] ] ] } },
{ "type": "Feature", "properties": { "cell_id": 446, "education": 0.13273906237587851, "health": 0.32688161420410222, "green": 0.10023885118320175, "groceries": 0.21132186009595155, "transit": 0.010832178537890313, "culture": 0.95966174706444807, "services": 0.6025998289108716, "livability": 0.33489644891033482 }, "geometry": { "type": "Polygon", "coordinates": [ [ [ 26.071674499999979, 44.534246600000102 ], [ 26.071674499999979, 44.539246600000105 ], [ 26.06667449999998, 44.539246600000105 ], [ 26.06667449999998, 44.534246600000102 ], [ 26.071674499999979, 44.534246600000102 ] ] ] } },
{ "type": "Feature", "properties": { "cell_id": 447, "education": 0.76861973837776221, "health": 0.90379045722113605, "green": 0.72519015877746418, "groceries": 0.79485830200088192, "transit": 0.78919169939733358, "culture": 0.7742803480700895, "services": 0.78967347930868104, "livability": 0.79222916902190688 }, "geometry": { "type": "Polygon", "coordinates": [ [ [ 26.076674499999978, 44.379246600000023 ], [ 26.076674499999978, 44.384246600000026 ], [ 26.071674499999979, 44.384246600000026 ], [ 26.071674499999979, 44.379246600000023 ], [ 26.076674499999978, 44.379246600000023 ] ] ] } },
{ "type": "Feature", "properties": { "cell_id": 448, "education": 0.76981644515472913, "health": 0.89958677411739041, "green": 0.79335959892547525, "groceries": 0.77888640117875851, "transit": 0.72727805626581743, "culture": 0.76964754293182347, "services": 0.78517779973607027, "livability": 0.78910751690143766 }, "geometry": { "type": "Polygon", "coordinates": [ [ [ 26.076674499999978, 44.384246600000026 ], [ 26.076674499999978, 44.389246600000028 ], [ 26.071674499999979, 44.389246600000028 ], [ 26.071674499999979, 44.384246600000026 ], [ 26.076674499999978, 44.384246600000026 ] ] ] } },
{ "type": "Feature", "properties": { "cell_id": 449, "education": 0.88512403800323325, "health": 0.89887924875179637, "green": 0.83959522102020889, "groceries": 0.89731416312645651, "transit": 0.78493818489200784, "culture": 0.84832889175800641, "services": 0.86106658190794982, "livability": 0.8593209042085227 }, "geometry": { "type": "Polygon", "coordinates": [ [ [ 26.076674499999978, 44.389246600000028 ], [ 26.076674499999978, 44.394246600000031 ], [ 26.071674499999979, 44.394246600000031 ], [ 26.071674499999979, 44.389246600000028 ], [ 26.076674499999978, 44.389246600000028 ] ] ] } },
{ "type": "Feature", "properties": { "cell_id": 450, "education": 0.87863419958460376, "health": 0.92924480535931475, "green": 0.822995664263386, "groceries": 0.89248428344358344, "transit": 0.80785690755161421, "culture": 0.91835708473493582, "services": 0.86790332622063737, "livability": 0.87392518159401078 }, "geometry": { "type": "Polygon", "coordinates": [ [ [ 26.076674499999978, 44.394246600000031 ], [ 26.076674499999978, 44.399246600000033 ], [ 26.071674499999979, 44.399246600000033 ], [ 26.071674499999979, 44.394246600000031 ], [ 26.076674499999978, 44.394246600000031 ] ] ] } },
{ "type": "Feature", "properties": { "cell_id": 451, "education": 0.89416256555860585, "health": 0.91660571450192985, "green": 0.85457902681642972, "groceries": 0.91968981749392442, "transit": 0.88507045184224231, "culture": 0.88308995022660697, "services": 0.84414571710136177, "livability": 0.88533474907729992 }, "geometry": { "type": "Polygon", "coordinates": [ [ [ 26.076674499999978, 44.399246600000033 ], [ 26.076674499999978, 44.404246600000036 ], [ 26.071674499999979, 44.404246600000036 ], [ 26.071674499999979, 44.399246600000033 ], [ 26.076674499999978, 44.399246600000033 ] ] ] } },
{ "type": "Feature", "properties": { "cell_id": 452, "education": 0.93050990157928781, "health": 0.97926865736571356, "green": 0.93794262999374467, "groceries": 0.98034160300941953, "transit": 0.91264620985891165, "culture": 0.97785825056324782, "services": 0.9365224600186135, "livability": 0.95072710176984832 }, "geometry": { "type": "Polygon", "coordinates": [ [ [ 26.076674499999978, 44.404246600000036 ], [ 26.076674499999978, 44.409246600000039 ], [ 26.071674499999979, 44.409246600000039 ], [ 26.071674499999979, 44.404246600000036 ], [ 26.076674499999978, 44.404246600000036 ] ] ] } },
{ "type": "Feature", "properties": { "cell_id": 453, "education": 1.0, "health": 0.97459896956692382, "green": 0.92924888349780577, "groceries": 0.95359197176258559, "transit": 0.90918823388484338, "culture": 0.96617014308156568, "services": 0.97283456178238292, "livability": 0.95794753765372953 }, "geometry": { "type": "Polygon", "coordinates": [ [ [ 26.076674499999978, 44.409246600000039 ], [ 26.076674499999978, 44.414246600000041 ], [ 26.071674499999979, 44.414246600000041 ], [ 26.071674499999979, 44.409246600000039 ], [ 26.076674499999978, 44.409246600000039 ] ] ] } },
{ "type": "Feature", "properties": { "cell_id": 454, "education": 0.86842337537981229, "health": 0.94597695077439348, "green": 0.89110615666253046, "groceries": 0.92305563206008401, "transit": 0.86640452011718772, "culture": 0.93389937816007951, "services": 0.95055870483917893, "livability": 0.91134638828475234 }, "geometry": { "type": "Polygon", "coordinates": [ [ [ 26.076674499999978, 44.414246600000041 ], [ 26.076674499999978, 44.419246600000044 ], [ 26.071674499999979, 44.419246600000044 ], [ 26.071674499999979, 44.414246600000041 ], [ 26.076674499999978, 44.414246600000041 ] ] ] } },
{ "type": "Feature", "properties": { "cell_id": 455, "education": 0.90620796835270223, "health": 0.98305465397593972, "green": 0.87824213873849311, "groceries": 0.95948442917197485, "transit": 0.89675442262412819, "culture": 0.9568077707943291, "services": 0.97732256135050144, "livability": 0.93683913500115268 }, "geometry": { "type": "Polygon", "coordinates": [ [ [ 26.076674499999978, 44.419246600000044 ], [ 26.076674499999978, 44.424246600000046 ], [ 26.071674499999979, 44.424246600000046 ], [ 26.071674499999979, 44.419246600000044 ], [ 26.076674499999978, 44.419246600000044 ] ] ] } },
{ "type": "Feature", "properties": { "cell_id": 456, "education": 0.84439940151053328, "health": 0.91022096863358004, "green": 0.9160426219599771, "groceries": 0.85952122277020726, "transit": 0.73751473921795985, "culture": 0.96447142287915533, "services": 0.86374344604751541, "livability": 0.87084483185984696 }, "geometry": { "type": "Polygon", "coordinates": [ [ [ 26.076674499999978, 44.424246600000046 ], [ 26.076674499999978, 44.429246600000049 ], [ 26.071674499999979, 44.429246600000049 ], [ 26.071674499999979, 44.424246600000046 ], [ 26.076674499999978, 44.424246600000046 ] ] ] } },
{ "type": "Feature", "properties": { "cell_id": 457, "education": 0.89809866714778341, "health": 0.97181250860474999, "green": 0.90465491495460448, "groceries": 0.99480824519075295, "transit": 0.8057824545400899, "culture": 0.99867413648845826, "services": 0.89961795240121289, "livability": 0.9247784113325217 }, "geometry": { "type": "Polygon", "coordinates": [ [ [ 26.076674499999978, 44.429246600000049 ], [ 26.076674499999978, 44.434246600000051 ], [ 26.071674499999979, 44.434246600000051 ], [ 26.071674499999979, 44.429246600000049 ], [ 26.076674499999978, 44.429246600000049 ] ] ] } },
{ "type": "Feature", "properties": { "cell_id": 458, "education": 0.95012401219866183, "health": 0.95112415762084357, "green": 0.94730196299772429, "groceries": 0.89076826256957642, "transit": 1.0, "culture": 0.94622680274706572, "services": 0.96395241579450164, "livability": 0.94992823056119602 }, "geometry": { "type": "Polygon", "coordinates": [ [ [ 26.076674499999978, 44.434246600000051 ], [ 26.076674499999978, 44.439246600000054 ], [ 26.071674499999979, 44.439246600000054 ], [ 26.071674499999979, 44.434246600000051 ], [ 26.076674499999978, 44.434246600000051 ] ] ] } },
{ "type": "Feature", "properties": { "cell_id": 459, "education": 0.91011370622084675, "health": 1.0, "green": 0.88709808602349327, "groceries": 0.96736865715986242, "transit": 0.87232322596901968, "culture": 0.9648305314399982, "services": 0.90084412309746642, "livability": 0.92893976141581236 }, "geometry": { "type": "Polygon", "coordinates": [ [ [ 26.076674499999978, 44.439246600000054 ], [ 26.076674499999978, 44.444246600000056 ], [ 26.071674499999979, 44.444246600000056 ], [ 26.071674499999979, 44.439246600000054 ], [ 26.076674499999978, 44.439246600000054 ] ] ] } },
{ "type": "Feature", "properties": { "cell_id": 460, "education": 0.94648584257560564, "health": 0.97986493125277174, "green": 0.94108510859171202, "groceries": 1.0, "transit": 1.0, "culture": 1.0, "services": 0.99030572508067827, "livability": 0.97967737250010967 }, "geometry": { "type": "Polygon", "coordinates": [ [ [ 26.076674499999978, 44.444246600000056 ], [ 26.076674499999978, 44.449246600000059 ], [ 26.071674499999979, 44.449246600000059 ], [ 26.071674499999979, 44.444246600000056 ], [ 26.076674499999978, 44.444246600000056 ] ] ] } },
{ "type": "Feature", "properties": { "cell_id": 461, "education": 0.95831879846805201, "health": 0.98836968966034455, "green": 0.94455996854353808, "groceries": 0.98967419846183191, "transit": 0.96640053312486196, "culture": 0.92613775447726887, "services": 0.93185114419211301, "livability": 0.95790172670400131 }, "geometry": { "type": "Polygon", "coordinates": [ [ [ 26.076674499999978, 44.449246600000059 ], [ 26.076674499999978, 44.454246600000062 ], [ 26.071674499999979, 44.454246600000062 ], [ 26.071674499999979, 44.449246600000059 ], [ 26.076674499999978, 44.449246600000059 ] ] ] } },
{ "type": "Feature", "properties": { "cell_id": 462, "education": 0.92276646650664274, "health": 0.94780544741388439, "green": 0.87978314303194682, "groceries": 0.93183855329720189, "transit": 0.89746494550307432, "culture": 0.94247730253619921, "services": 0.99613279638923635, "livability": 0.93118123638259787 }, "geometry": { "type": "Polygon", "coordinates": [ [ [ 26.076674499999978, 44.454246600000062 ], [ 26.076674499999978, 44.459246600000064 ], [ 26.071674499999979, 44.459246600000064 ], [ 26.071674499999979, 44.454246600000062 ], [ 26.076674499999978, 44.454246600000062 ] ] ] } },
{ "type": "Feature", "properties": { "cell_id": 463, "education": 0.91361796426762087, "health": 0.97201774549031039, "green": 0.94843616074648995, "groceries": 0.97483466640620153, "transit": 0.93917095508550941, "culture": 0.97531711623768802, "services": 0.98229109408258508, "livability": 0.95795510033091513 }, "geometry": { "type": "Polygon", "coordinates": [ [ [ 26.076674499999978, 44.459246600000064 ], [ 26.076674499999978, 44.464246600000067 ], [ 26.071674499999979, 44.464246600000067 ], [ 26.071674499999979, 44.459246600000064 ], [ 26.076674499999978, 44.459246600000064 ] ] ] } },
{ "type": "Feature", "properties": { "cell_id": 464, "education": 0.84644230818913146, "health": 0.99236434434013743, "green": 0.88313802424270094, "groceries": 0.90841444863944576, "transit": 0.93127324084531304, "culture": 0.93558632171243294, "services": 0.87222464597922711, "livability": 0.90992047627834105 }, "geometry": { "type": "Polygon", "coordinates": [ [ [ 26.076674499999978, 44.464246600000067 ], [ 26.076674499999978, 44.469246600000069 ], [ 26.071674499999979, 44.469246600000069 ], [ 26.071674499999979, 44.464246600000067 ], [ 26.076674499999978, 44.464246600000067 ] ] ] } },
{ "type": "Feature", "properties": { "cell_id": 465, "education": 0.80689706270820061, "health": 0.91954667521162725, "green": 1.0, "groceries": 0.76729018874812183, "transit": 0.91665363113088549, "culture": 0.97357312818386421, "services": 0.89354723693576177, "livability": 0.89678684613120863 }, "geometry": { "type": "Polygon", "coordinates": [ [ [ 26.076674499999978, 44.469246600000069 ], [ 26.076674499999978, 44.474246600000072 ], [ 26.071674499999979, 44.474246600000072 ], [ 26.071674499999979, 44.469246600000069 ], [ 26.076674499999978, 44.469246600000069 ] ] ] } },
{ "type": "Feature", "properties": { "cell_id": 466, "education": 0.77047845686429217, "health": 0.9041170829019588, "green": 0.88630872657401305, "groceries": 0.80654624582400047, "transit": 0.82792927606631062, "culture": 0.95668813449456203, "services": 0.9458683698863416, "livability": 0.87113375608735399 }, "geometry": { "type": "Polygon", "coordinates": [ [ [ 26.076674499999978, 44.474246600000072 ], [ 26.076674499999978, 44.479246600000074 ], [ 26.071674499999979, 44.479246600000074 ], [ 26.071674499999979, 44.474246600000072 ], [ 26.076674499999978, 44.474246600000072 ] ] ] } },
{ "type": "Feature", "properties": { "cell_id": 467, "education": 0.75704477002711734, "health": 0.9744681584353575, "green": 0.84869992267474692, "groceries": 0.94564316603146092, "transit": 0.87103907682521764, "culture": 0.94767092790823482, "services": 0.9312120184607352, "livability": 0.89653972005183868 }, "geometry": { "type": "Polygon", "coordinates": [ [ [ 26.076674499999978, 44.479246600000074 ], [ 26.076674499999978, 44.484246600000077 ], [ 26.071674499999979, 44.484246600000077 ], [ 26.071674499999979, 44.479246600000074 ], [ 26.076674499999978, 44.479246600000074 ] ] ] } },
{ "type": "Feature", "properties": { "cell_id": 468, "education": 0.813073510116884, "health": 0.81107336723772816, "green": 1.0, "groceries": 0.76774794710852812, "transit": 0.65690112863373074, "culture": 0.87809543026868031, "services": 0.88170366169251113, "livability": 0.82979929215115167 }, "geometry": { "type": "Polygon", "coordinates": [ [ [ 26.076674499999978, 44.484246600000077 ], [ 26.076674499999978, 44.489246600000079 ], [ 26.071674499999979, 44.489246600000079 ], [ 26.071674499999979, 44.484246600000077 ], [ 26.076674499999978, 44.484246600000077 ] ] ] } },
{ "type": "Feature", "properties": { "cell_id": 469, "education": 0.92059332646602399, "health": 0.9431833692247944, "green": 0.93904086977930612, "groceries": 0.90307758957425044, "transit": 0.82457640462397086, "culture": 0.93297138429348803, "services": 0.93025360880459229, "livability": 0.91338522182377524 }, "geometry": { "type": "Polygon", "coordinates": [ [ [ 26.076674499999978, 44.489246600000079 ], [ 26.076674499999978, 44.494246600000082 ], [ 26.071674499999979, 44.494246600000082 ], [ 26.071674499999979, 44.489246600000079 ], [ 26.076674499999978, 44.489246600000079 ] ] ] } },
{ "type": "Feature", "properties": { "cell_id": 470, "education": 0.90541922779414918, "health": 0.99945337254616917, "green": 0.95510519981847042, "groceries": 0.97534961062234127, "transit": 0.96713236284394299, "culture": 0.95197600913386338, "services": 0.93001738978369863, "livability": 0.95492188179180504 }, "geometry": { "type": "Polygon", "coordinates": [ [ [ 26.076674499999978, 44.494246600000082 ], [ 26.076674499999978, 44.499246600000085 ], [ 26.071674499999979, 44.499246600000085 ], [ 26.071674499999979, 44.494246600000082 ], [ 26.076674499999978, 44.494246600000082 ] ] ] } },
{ "type": "Feature", "properties": { "cell_id": 471, "education": 0.8787705407593086, "health": 0.92441923099232692, "green": 0.76362539534621576, "groceries": 0.90296270819572688, "transit": 0.80600735510740473, "culture": 0.93542714304502206, "services": 0.91916923542423079, "livability": 0.87576880126717638 }, "geometry": { "type": "Polygon", "coordinates": [ [ [ 26.076674499999978, 44.499246600000085 ], [ 26.076674499999978, 44.504246600000087 ], [ 26.071674499999979, 44.504246600000087 ], [ 26.071674499999979, 44.499246600000085 ], [ 26.076674499999978, 44.499246600000085 ] ] ] } },
{ "type": "Feature", "properties": { "cell_id": 472, "education": 0.62325617543825307, "health": 0.85738001823303289, "green": 0.97531447283822326, "groceries": 0.84135383304644851, "transit": 0.72252495635533598, "culture": 0.97945669866298868, "services": 0.89009583705725803, "livability": 0.84134028451879139 }, "geometry": { "type": "Polygon", "coordinates": [ [ [ 26.076674499999978, 44.504246600000087 ], [ 26.076674499999978, 44.50924660000009 ], [ 26.071674499999979, 44.50924660000009 ], [ 26.071674499999979, 44.504246600000087 ], [ 26.076674499999978, 44.504246600000087 ] ] ] } },
{ "type": "Feature", "properties": { "cell_id": 473, "education": 0.6001322169466845, "health": 0.81749440341797441, "green": 0.98039002223588612, "groceries": 0.72662894944199841, "transit": 0.84870653895007975, "culture": 0.86680152461770876, "services": 0.80936365989119596, "livability": 0.80707390221450392 }, "geometry": { "type": "Polygon", "coordinates": [ [ [ 26.076674499999978, 44.50924660000009 ], [ 26.076674499999978, 44.514246600000092 ], [ 26.071674499999979, 44.514246600000092 ], [ 26.071674499999979, 44.50924660000009 ], [ 26.076674499999978, 44.50924660000009 ] ] ] } },
{ "type": "Feature", "properties": { "cell_id": 474, "education": 0.57422142953523769, "health": 0.79998384945360423, "green": 0.90187295322233418, "groceries": 0.64126994156621198, "transit": 0.80114794025902447, "culture": 0.94973602473185637, "services": 0.74929632026933257, "livability": 0.77393263700537163 }, "geometry": { "type": "Polygon", "coordinates": [ [ [ 26.076674499999978, 44.514246600000092 ], [ 26.076674499999978, 44.519246600000095 ], [ 26.071674499999979, 44.519246600000095 ], [ 26.071674499999979, 44.514246600000092 ], [ 26.076674499999978, 44.514246600000092 ] ] ] } },
{ "type": "Feature", "properties": { "cell_id": 475, "education": 0.94112963694623253, "health": 0.84375119811913357, "green": 0.71145406243909703, "groceries": 0.63016308843044699, "transit": 0.97703664226673714, "culture": 0.72524726586807264, "services": 0.86716184889745451, "livability": 0.81370624899531052 }, "geometry": { "type": "Polygon", "coordinates": [ [ [ 26.076674499999978, 44.519246600000095 ], [ 26.076674499999978, 44.524246600000097 ], [ 26.071674499999979, 44.524246600000097 ], [ 26.071674499999979, 44.519246600000095 ], [ 26.076674499999978, 44.519246600000095 ] ] ] } },
{ "type": "Feature", "properties": { "cell_id": 476, "education": 0.71376365875452208, "health": 0.68350225152569477, "green": 0.56361795574879281, "groceries": 0.54347844013711888, "transit": 0.5217875251114753, "culture": 0.7180573715065709, "services": 0.72696424186427278, "livability": 0.63873877780692101 }, "geometry": { "type": "Polygon", "coordinates": [ [ [ 26.076674499999978, 44.524246600000097 ], [ 26.076674499999978, 44.5292466000001 ], [ 26.071674499999979, 44.5292466000001 ], [ 26.071674499999979, 44.524246600000097 ], [ 26.076674499999978, 44.524246600000097 ] ] ] } },
{ "type": "Feature", "properties": { "cell_id": 477, "education": 0.63375075871061393, "health": 0.68657700027155499, "green": 0.62683939598522898, "groceries": 0.55936505548277649, "transit": 0.77111815972572351, "culture": 0.66865722010955575, "services": 0.88445847630312502, "livability": 0.69010943808408265 }, "geometry": { "type": "Polygon", "coordinates": [ [ [ 26.076674499999978, 44.5292466000001 ], [ 26.076674499999978, 44.534246600000102 ], [ 26.071674499999979, 44.534246600000102 ], [ 26.071674499999979, 44.5292466000001 ], [ 26.076674499999978, 44.5292466000001 ] ] ] } },
{ "type": "Feature", "properties": { "cell_id": 478, "education": 0.55203167732760772, "health": 0.72330202399216292, "green": 0.69412835274945572, "groceries": 0.60522864069532989, "transit": 0.74401540417829648, "culture": 0.70773636937176632, "services": 0.82507089207324147, "livability": 0.69307333719826569 }, "geometry": { "type": "Polygon", "coordinates": [ [ [ 26.076674499999978, 44.534246600000102 ], [ 26.076674499999978, 44.539246600000105 ], [ 26.071674499999979, 44.539246600000105 ], [ 26.071674499999979, 44.534246600000102 ], [ 26.076674499999978, 44.534246600000102 ] ] ] } },
{ "type": "Feature", "properties": { "cell_id": 479, "education": 0.68331992230869287, "health": 0.72791018638938654, "green": 0.57512464311068989, "groceries": 0.78742233528505201, "transit": 0.56476950891144839, "culture": 0.75067011851585463, "services": 0.7090102686677926, "livability": 0.68546099759841661 }, "geometry": { "type": "Polygon", "coordinates": [ [ [ 26.081674499999977, 44.369246600000018 ], [ 26.081674499999977, 44.374246600000021 ], [ 26.076674499999978, 44.374246600000021 ], [ 26.076674499999978, 44.369246600000018 ], [ 26.081674499999977, 44.369246600000018 ] ] ] } },
{ "type": "Feature", "properties": { "cell_id": 480, "education": 0.75143922176483158, "health": 0.82168656806150242, "green": 0.65947193777857716, "groceries": 0.82051198093836464, "transit": 0.63086052977896334, "culture": 0.80140463339336598, "services": 0.80753459967395036, "livability": 0.75612992448422223 }, "geometry": { "type": "Polygon", "coordinates": [ [ [ 26.081674499999977, 44.374246600000021 ], [ 26.081674499999977, 44.379246600000023 ], [ 26.076674499999978, 44.379246600000023 ], [ 26.076674499999978, 44.374246600000021 ], [ 26.081674499999977, 44.374246600000021 ] ] ] } },
{ "type": "Feature", "properties": { "cell_id": 481, "education": 0.73347442348492076, "health": 0.88003919396334696, "green": 0.67866990463398513, "groceries": 0.81167791170127201, "transit": 0.72117764645162796, "culture": 0.76924094717064884, "services": 0.7642724044853676, "livability": 0.76550749027016696 }, "geometry": { "type": "Polygon", "coordinates": [ [ [ 26.081674499999977, 44.379246600000023 ], [ 26.081674499999977, 44.384246600000026 ], [ 26.076674499999978, 44.384246600000026 ], [ 26.076674499999978, 44.379246600000023 ], [ 26.081674499999977, 44.379246600000023 ] ] ] } },
{ "type": "Feature", "properties": { "cell_id": 482, "education": 0.91098331036800495, "health": 1.0, "green": 0.88508541976592581, "groceries": 0.89327594621958917, "transit": 1.0, "culture": 0.88031119129397351, "services": 0.89256593468329148, "livability": 0.92317454319011205 }, "geometry": { "type": "Polygon", "coordinates": [ [ [ 26.081674499999977, 44.384246600000026 ], [ 26.081674499999977, 44.389246600000028 ], [ 26.076674499999978, 44.389246600000028 ], [ 26.076674499999978, 44.384246600000026 ], [ 26.081674499999977, 44.384246600000026 ] ] ] } },
{ "type": "Feature", "properties": { "cell_id": 483, "education": 0.91781269753419514, "health": 0.94003032273270448, "green": 0.99539943137493869, "groceries": 0.95334179181538581, "transit": 0.83712258215298552, "culture": 0.86053597605833065, "services": 0.93399866788683039, "livability": 0.919748781365053 }, "geometry": { "type": "Polygon", "coordinates": [ [ [ 26.081674499999977, 44.389246600000028 ], [ 26.081674499999977, 44.394246600000031 ], [ 26.076674499999978, 44.394246600000031 ], [ 26.076674499999978, 44.389246600000028 ], [ 26.081674499999977, 44.389246600000028 ] ] ] } },
{ "type": "Feature", "properties": { "cell_id": 484, "education": 0.90109779473665375, "health": 0.90870539499787939, "green": 0.86990134499218152, "groceries": 0.92511476965129402, "transit": 0.85596075712997699, "culture": 0.85268122628625276, "services": 0.90072308885310448, "livability": 0.8877406252353347 }, "geometry": { "type": "Polygon", "coordinates": [ [ [ 26.081674499999977, 44.394246600000031 ], [ 26.081674499999977, 44.399246600000033 ], [ 26.076674499999978, 44.399246600000033 ], [ 26.076674499999978, 44.394246600000031 ], [ 26.081674499999977, 44.394246600000031 ] ] ] } },
{ "type": "Feature", "properties": { "cell_id": 485, "education": 0.9194361474200704, "health": 0.87591239570447499, "green": 0.78001921196140722, "groceries": 0.86032658271892859, "transit": 0.9028952852051102, "culture": 0.84695628928529509, "services": 0.8875367934470304, "livability": 0.86758324367747386 }, "geometry": { "type": "Polygon", "coordinates": [ [ [ 26.081674499999977, 44.399246600000033 ], [ 26.081674499999977, 44.404246600000036 ], [ 26.076674499999978, 44.404246600000036 ], [ 26.076674499999978, 44.399246600000033 ], [ 26.081674499999977, 44.399246600000033 ] ] ] } },
{ "type": "Feature", "properties": { "cell_id": 486, "education": 0.94498064774223201, "health": 0.97035820814091744, "green": 0.93698827742250224, "groceries": 0.99536034550047647, "transit": 0.97712874534397154, "culture": 0.93789712687194604, "services": 0.98909024996252404, "livability": 0.96454337156922421 }, "geometry": { "type": "Polygon", "coordinates": [ [ [ 26.081674499999977, 44.404246600000036 ], [ 26.081674499999977, 44.409246600000039 ], [ 26.076674499999978, 44.409246600000039 ], [ 26.076674499999978, 44.404246600000036 ], [ 26.081674499999977, 44.404246600000036 ] ] ] } },
{ "type": "Feature", "properties": { "cell_id": 487, "education": 0.95878112156350814, "health": 0.96801244426612765, "green": 0.95856355280232863, "groceries": 0.98215160715003569, "transit": 0.9942992113685406, "culture": 0.96834651486598411, "services": 0.96579052289589118, "livability": 0.97084928213034516 }, "geometry": { "type": "Polygon", "coordinates": [ [ [ 26.081674499999977, 44.409246600000039 ], [ 26.081674499999977, 44.414246600000041 ], [ 26.076674499999978, 44.414246600000041 ], [ 26.076674499999978, 44.409246600000039 ], [ 26.081674499999977, 44.409246600000039 ] ] ] } },
{ "type": "Feature", "properties": { "cell_id": 488, "education": 0.83323924027168927, "health": 0.94149120565993116, "green": 0.97472916279195987, "groceries": 0.89850581684017272, "transit": 0.96391642457153515, "culture": 0.89982626540439448, "services": 0.92374681502877909, "livability": 0.91935070436692301 }, "geometry": { "type": "Polygon", "coordinates": [ [ [ 26.081674499999977, 44.414246600000041 ], [ 26.081674499999977, 44.419246600000044 ], [ 26.076674499999978, 44.419246600000044 ], [ 26.076674499999978, 44.414246600000041 ], [ 26.081674499999977, 44.414246600000041 ] ] ] } },
{ "type": "Feature", "properties": { "cell_id": 489, "education": 0.78533071395636811, "health": 0.89684436095863374, "green": 0.85282314153608807, "groceries": 0.90495658561672598, "transit": 0.8687632966453831, "culture": 0.91001547106672698, "services": 0.90662456038924899, "livability": 0.8750511614527392 }, "geometry": { "type": "Polygon", "coordinates": [ [ [ 26.081674499999977, 44.419246600000044 ], [ 26.081674499999977, 44.424246600000046 ], [ 26.076674499999978, 44.424246600000046 ], [ 26.076674499999978, 44.419246600000044 ], [ 26.081674499999977, 44.419246600000044 ] ] ] } },
{ "type": "Feature", "properties": { "cell_id": 490, "education": 0.86457414607292837, "health": 0.94471612869206989, "green": 0.92170988283855837, "groceries": 0.93147851330715592, "transit": 0.93436317581697492, "culture": 0.9456448002761163, "services": 0.96234080080079887, "livability": 0.92926106397208597 }, "geometry": { "type": "Polygon", "coordinates": [ [ [ 26.081674499999977, 44.424246600000046 ], [ 26.081674499999977, 44.429246600000049 ], [ 26.076674499999978, 44.429246600000049 ], [ 26.076674499999978, 44.424246600000046 ], [ 26.081674499999977, 44.424246600000046 ] ] ] } },
{ "type": "Feature", "properties": { "cell_id": 491, "education": 0.91077175622855588, "health": 0.9624582599052236, "green": 0.93936915146018385, "groceries": 0.90372027972000946, "transit": 0.82052326354170657, "culture": 1.0, "services": 0.95677832088471038, "livability": 0.92766014739148428 }, "geometry": { "type": "Polygon", "coordinates": [ [ [ 26.081674499999977, 44.429246600000049 ], [ 26.081674499999977, 44.434246600000051 ], [ 26.076674499999978, 44.434246600000051 ], [ 26.076674499999978, 44.429246600000049 ], [ 26.081674499999977, 44.429246600000049 ] ] ] } },
{ "type": "Feature", "properties": { "cell_id": 492, "education": 0.98495892380671912, "health": 0.94718280381811892, "green": 0.88401467909940368, "groceries": 0.91495596511394917, "transit": 0.9627730806389464, "culture": 1.0, "services": 0.93575392870281537, "livability": 0.94709134016856478 }, "geometry": { "type": "Polygon", "coordinates": [ [ [ 26.081674499999977, 44.434246600000051 ], [ 26.081674499999977, 44.439246600000054 ], [ 26.076674499999978, 44.439246600000054 ], [ 26.076674499999978, 44.434246600000051 ], [ 26.081674499999977, 44.434246600000051 ] ] ] } },
{ "type": "Feature", "properties": { "cell_id": 493, "education": 0.93584450929875818, "health": 0.93291194794926846, "green": 0.93338035786279239, "groceries": 0.96404853150978731, "transit": 0.94561939781278559, "culture": 0.97793373075973133, "services": 0.95472072792278884, "livability": 0.94920845758798755 }, "geometry": { "type": "Polygon", "coordinates": [ [ [ 26.081674499999977, 44.439246600000054 ], [ 26.081674499999977, 44.444246600000056 ], [ 26.076674499999978, 44.444246600000056 ], [ 26.076674499999978, 44.439246600000054 ], [ 26.081674499999977, 44.439246600000054 ] ] ] } },
{ "type": "Feature", "properties": { "cell_id": 494, "education": 0.96253474146264706, "health": 0.97583806639399628, "green": 0.93660592975706147, "groceries": 0.97482132473577876, "transit": 0.96803851985559042, "culture": 0.98703084192124191, "services": 0.99136844486912812, "livability": 0.97089112414220613 }, "geometry": { "type": "Polygon", "coordinates": [ [ [ 26.081674499999977, 44.444246600000056 ], [ 26.081674499999977, 44.449246600000059 ], [ 26.076674499999978, 44.449246600000059 ], [ 26.076674499999978, 44.444246600000056 ], [ 26.081674499999977, 44.444246600000056 ] ] ] } },
{ "type": "Feature", "properties": { "cell_id": 495, "education": 0.91037755040881052, "health": 0.99058167304227229, "green": 0.89450041509338118, "groceries": 0.98568635952754058, "transit": 0.95215044316134712, "culture": 0.98415675781648193, "services": 0.99522515233704467, "livability": 0.9589540501981253 }, "geometry": { "type": "Polygon", "coordinates": [ [ [ 26.081674499999977, 44.449246600000059 ], [ 26.081674499999977, 44.454246600000062 ], [ 26.076674499999978, 44.454246600000062 ], [ 26.076674499999978, 44.449246600000059 ], [ 26.081674499999977, 44.449246600000059 ] ] ] } },
{ "type": "Feature", "properties": { "cell_id": 496, "education": 0.94849852327386319, "health": 1.0, "green": 0.93180033391390682, "groceries": 0.96892747172531257, "transit": 0.93906127121581062, "culture": 0.96164225912425272, "services": 0.9869737646243506, "livability": 0.962414803411071 }, "geometry": { "type": "Polygon", "coordinates": [ [ [ 26.081674499999977, 44.454246600000062 ], [ 26.081674499999977, 44.459246600000064 ], [ 26.076674499999978, 44.459246600000064 ], [ 26.076674499999978, 44.454246600000062 ], [ 26.081674499999977, 44.454246600000062 ] ] ] } },
{ "type": "Feature", "properties": { "cell_id": 497, "education": 0.92491567097393912, "health": 0.98809426164636116, "green": 0.91689732515305966, "groceries": 0.86980367495432909, "transit": 0.95718990735004728, "culture": 0.95235945201888994, "services": 0.91758287034801245, "livability": 0.93240616606351989 }, "geometry": { "type": "Polygon", "coordinates": [ [ [ 26.081674499999977, 44.459246600000064 ], [ 26.081674499999977, 44.464246600000067 ], [ 26.076674499999978, 44.464246600000067 ], [ 26.076674499999978, 44.459246600000064 ], [ 26.081674499999977, 44.459246600000064 ] ] ] } },
{ "type": "Feature", "properties": { "cell_id": 498, "education": 0.85137708759401309, "health": 0.9278479600834959, "green": 0.84918376078606805, "groceries": 0.8172726127286154, "transit": 0.88719982283940491, "culture": 0.94738238165814948, "services": 0.90764050615236214, "livability": 0.88398630454887261 }, "geometry": { "type": "Polygon", "coordinates": [ [ [ 26.081674499999977, 44.464246600000067 ], [ 26.081674499999977, 44.469246600000069 ], [ 26.076674499999978, 44.469246600000069 ], [ 26.076674499999978, 44.464246600000067 ], [ 26.081674499999977, 44.464246600000067 ] ] ] } },
{ "type": "Feature", "properties": { "cell_id": 499, "education": 0.90011551212960073, "health": 0.86252913856604962, "green": 0.89450430376820289, "groceries": 0.74693387119981081, "transit": 0.85513765234879968, "culture": 0.98097602243723658, "services": 0.91379369471287886, "livability": 0.87914145645179698 }, "geometry": { "type": "Polygon", "coordinates": [ [ [ 26.081674499999977, 44.469246600000069 ], [ 26.081674499999977, 44.474246600000072 ], [ 26.076674499999978, 44.474246600000072 ], [ 26.076674499999978, 44.469246600000069 ], [ 26.081674499999977, 44.469246600000069 ] ] ] } },
{ "type": "Feature", "properties": { "cell_id": 500, "education": 0.73961654827173895, "health": 0.85280402837691627, "green": 0.92593087978635735, "groceries": 0.80177358141840827, "transit": 0.59808750494314689, "culture": 0.98885642558037756, "services": 0.86050759136876342, "livability": 0.82393950853510123 }, "geometry": { "type": "Polygon", "coordinates": [ [ [ 26.081674499999977, 44.474246600000072 ], [ 26.081674499999977, 44.479246600000074 ], [ 26.076674499999978, 44.479246600000074 ], [ 26.076674499999978, 44.474246600000072 ], [ 26.081674499999977, 44.474246600000072 ] ] ] } },
{ "type": "Feature", "properties": { "cell_id": 501, "education": 0.7327674259017859, "health": 0.84817537989305536, "green": 0.95142582622264649, "groceries": 0.86257636301481544, "transit": 0.57483016378013518, "culture": 0.9905184091050071, "services": 0.9032946553587774, "livability": 0.83765546046803185 }, "geometry": { "type": "Polygon", "coordinates": [ [ [ 26.081674499999977, 44.479246600000074 ], [ 26.081674499999977, 44.484246600000077 ], [ 26.076674499999978, 44.484246600000077 ], [ 26.076674499999978, 44.479246600000074 ], [ 26.081674499999977, 44.479246600000074 ] ] ] } },
{ "type": "Feature", "properties": { "cell_id": 502, "education": 0.76943189998078021, "health": 0.85952347742758328, "green": 1.0, "groceries": 0.991670592692939, "transit": 0.86008325811901853, "culture": 0.88422896589916178, "services": 0.99413857599785915, "livability": 0.9084395385881916 }, "geometry": { "type": "Polygon", "coordinates": [ [ [ 26.081674499999977, 44.484246600000077 ], [ 26.081674499999977, 44.489246600000079 ], [ 26.076674499999978, 44.489246600000079 ], [ 26.076674499999978, 44.484246600000077 ], [ 26.081674499999977, 44.484246600000077 ] ] ] } },
{ "type": "Feature", "properties": { "cell_id": 503, "education": 0.96758581267493771, "health": 0.99771594861242263, "green": 0.91903702135386156, "groceries": 0.96729370355657562, "transit": 0.94581443530517706, "culture": 0.97844916161577122, "services": 0.98892850516570285, "livability": 0.96640351261206403 }, "geometry": { "type": "Polygon", "coordinates": [ [ [ 26.081674499999977, 44.489246600000079 ], [ 26.081674499999977, 44.494246600000082 ], [ 26.076674499999978, 44.494246600000082 ], [ 26.076674499999978, 44.489246600000079 ], [ 26.081674499999977, 44.489246600000079 ] ] ] } },
{ "type": "Feature", "properties": { "cell_id": 504, "education": 0.64227122795300151, "health": 0.79343092283597283, "green": 0.62926770499575713, "groceries": 0.75830085242883727, "transit": 0.54883945383878596, "culture": 0.91202869578755097, "services": 0.85932754101598685, "livability": 0.73478091412227031 }, "geometry": { "type": "Polygon", "coordinates": [ [ [ 26.081674499999977, 44.494246600000082 ], [ 26.081674499999977, 44.499246600000085 ], [ 26.076674499999978, 44.499246600000085 ], [ 26.076674499999978, 44.494246600000082 ], [ 26.081674499999977, 44.494246600000082 ] ] ] } },
{ "type": "Feature", "properties": { "cell_id": 505, "education": 0.78027142974321373, "health": 0.88549516851406584, "green": 0.80014356216927052, "groceries": 0.85171278078058821, "transit": 0.71577743611651534, "culture": 0.98519025175413333, "services": 0.92571110188203598, "livability": 0.84918596156568893 }, "geometry": { "type": "Polygon", "coordinates": [ [ [ 26.081674499999977, 44.499246600000085 ], [ 26.081674499999977, 44.504246600000087 ], [ 26.076674499999978, 44.504246600000087 ], [ 26.076674499999978, 44.499246600000085 ], [ 26.081674499999977, 44.499246600000085 ] ] ] } },
{ "type": "Feature", "properties": { "cell_id": 506, "education": 0.66773432224360929, "health": 0.93094745582183891, "green": 0.87204485080999428, "groceries": 0.95315902486581539, "transit": 0.92233384007965702, "culture": 0.93946592360442305, "services": 0.96877342007549461, "livability": 0.89349411964297598 }, "geometry": { "type": "Polygon", "coordinates": [ [ [ 26.081674499999977, 44.504246600000087 ], [ 26.081674499999977, 44.50924660000009 ], [ 26.076674499999978, 44.50924660000009 ], [ 26.076674499999978, 44.504246600000087 ], [ 26.081674499999977, 44.504246600000087 ] ] ] } },
{ "type": "Feature", "properties": { "cell_id": 507, "education": 0.65072620102955314, "health": 0.85168590344796469, "green": 1.0, "groceries": 0.73313676717759058, "transit": 0.91500851095334068, "culture": 0.83780810733297872, "services": 0.82758156506801972, "livability": 0.83084957928706393 }, "geometry": { "type": "Polygon", "coordinates": [ [ [ 26.081674499999977, 44.50924660000009 ], [ 26.081674499999977, 44.514246600000092 ], [ 26.076674499999978, 44.514246600000092 ], [ 26.076674499999978, 44.50924660000009 ], [ 26.081674499999977, 44.50924660000009 ] ] ] } },
{ "type": "Feature", "properties": { "cell_id": 508, "education": 0.79504603504230531, "health": 0.8393135786996534, "green": 0.70747604739038294, "groceries": 0.68415702687246815, "transit": 0.97050369490136768, "culture": 0.71523117433222605, "services": 0.75946214080457808, "livability": 0.78159852829185439 }, "geometry": { "type": "Polygon", "coordinates": [ [ [ 26.081674499999977, 44.514246600000092 ], [ 26.081674499999977, 44.519246600000095 ], [ 26.076674499999978, 44.519246600000095 ], [ 26.076674499999978, 44.514246600000092 ], [ 26.081674499999977, 44.514246600000092 ] ] ] } },
{ "type": "Feature", "properties": { "cell_id": 509, "education": 0.96303182881512095, "health": 0.80630921287098412, "green": 0.73339232100991247, "groceries": 0.49850392874640614, "transit": 0.66713385854234719, "culture": 0.72844756578488301, "services": 0.70587915564357995, "livability": 0.72895683877331907 }, "geometry": { "type": "Polygon", "coordinates": [ [ [ 26.081674499999977, 44.519246600000095 ], [ 26.081674499999977, 44.524246600000097 ], [ 26.076674499999978, 44.524246600000097 ], [ 26.076674499999978, 44.519246600000095 ], [ 26.081674499999977, 44.519246600000095 ] ] ] } },
{ "type": "Feature", "properties": { "cell_id": 510, "education": 0.76471439241639794, "health": 0.70995799892740319, "green": 0.61172408495729713, "groceries": 0.55475659661314003, "transit": 0.61530631544239023, "culture": 0.75600492492574545, "services": 0.76343686924917997, "livability": 0.68227159750450761 }, "geometry": { "type": "Polygon", "coordinates": [ [ [ 26.081674499999977, 44.524246600000097 ], [ 26.081674499999977, 44.5292466000001 ], [ 26.076674499999978, 44.5292466000001 ], [ 26.076674499999978, 44.524246600000097 ], [ 26.081674499999977, 44.524246600000097 ] ] ] } },
{ "type": "Feature", "properties": { "cell_id": 511, "education": 0.64487564416154353, "health": 0.74209703542900807, "green": 0.72560278588565486, "groceries": 0.63252872200966759, "transit": 0.69063135852944413, "culture": 0.73352214573690067, "services": 0.82151347593755553, "livability": 0.71296730966996769 }, "geometry": { "type": "Polygon", "coordinates": [ [ [ 26.081674499999977, 44.5292466000001 ], [ 26.081674499999977, 44.534246600000102 ], [ 26.076674499999978, 44.534246600000102 ], [ 26.076674499999978, 44.5292466000001 ], [ 26.081674499999977, 44.5292466000001 ] ] ] } },
{ "type": "Feature", "properties": { "cell_id": 512, "education": 0.30524554211923649, "health": 0.44346178503345812, "green": 0.31384138372835568, "groceries": 0.38849628385070811, "transit": 0.32746348392603242, "culture": 0.90693071554578797, "services": 0.72727789803125831, "livability": 0.48753101317640524 }, "geometry": { "type": "Polygon", "coordinates": [ [ [ 26.081674499999977, 44.534246600000102 ], [ 26.081674499999977, 44.539246600000105 ], [ 26.076674499999978, 44.539246600000105 ], [ 26.076674499999978, 44.534246600000102 ], [ 26.081674499999977, 44.534246600000102 ] ] ] } },
{ "type": "Feature", "properties": { "cell_id": 513, "education": 0.77508344224133385, "health": 0.78992412839067072, "green": 0.68874889816493812, "groceries": 0.88166893280394765, "transit": 0.73319914208528081, "culture": 0.81901459217317796, "services": 0.77533182654731503, "livability": 0.78042442320095184 }, "geometry": { "type": "Polygon", "coordinates": [ [ [ 26.086674499999976, 44.369246600000018 ], [ 26.086674499999976, 44.374246600000021 ], [ 26.081674499999977, 44.374246600000021 ], [ 26.081674499999977, 44.369246600000018 ], [ 26.086674499999976, 44.369246600000018 ] ] ] } },
{ "type": "Feature", "properties": { "cell_id": 514, "education": 0.80334602711637015, "health": 0.85116791022856952, "green": 0.7237444514598721, "groceries": 0.87382335997056748, "transit": 0.71541653722471832, "culture": 0.84006425862993195, "services": 0.84082972735547434, "livability": 0.80691318171221471 }, "geometry": { "type": "Polygon", "coordinates": [ [ [ 26.086674499999976, 44.374246600000021 ], [ 26.086674499999976, 44.379246600000023 ], [ 26.081674499999977, 44.379246600000023 ], [ 26.081674499999977, 44.374246600000021 ], [ 26.086674499999976, 44.374246600000021 ] ] ] } },
{ "type": "Feature", "properties": { "cell_id": 515, "education": 0.83016305735390727, "health": 0.89619271416496638, "green": 0.70826698619630157, "groceries": 0.91287605353559931, "transit": 0.90203049796822377, "culture": 0.80321169566122785, "services": 0.83147141960833326, "livability": 0.84060177492693688 }, "geometry": { "type": "Polygon", "coordinates": [ [ [ 26.086674499999976, 44.379246600000023 ], [ 26.086674499999976, 44.384246600000026 ], [ 26.081674499999977, 44.384246600000026 ], [ 26.081674499999977, 44.379246600000023 ], [ 26.086674499999976, 44.379246600000023 ] ] ] } },
{ "type": "Feature", "properties": { "cell_id": 516, "education": 0.96463902503655685, "health": 0.87586278534185102, "green": 0.87192744271923861, "groceries": 0.89533991031771365, "transit": 0.74427849356634368, "culture": 0.89250247397675531, "services": 0.85442561782528326, "livability": 0.87128224982624891 }, "geometry": { "type": "Polygon", "coordinates": [ [ [ 26.086674499999976, 44.384246600000026 ], [ 26.086674499999976, 44.389246600000028 ], [ 26.081674499999977, 44.389246600000028 ], [ 26.081674499999977, 44.384246600000026 ], [ 26.086674499999976, 44.384246600000026 ] ] ] } },
{ "type": "Feature", "properties": { "cell_id": 517, "education": 0.90420927360947656, "health": 0.9584417642826073, "green": 0.90382583745742795, "groceries": 0.96036773684998089, "transit": 0.92310365873913514, "culture": 0.94486779597805026, "services": 0.95391424857918805, "livability": 0.93553290221369512 }, "geometry": { "type": "Polygon", "coordinates": [ [ [ 26.086674499999976, 44.389246600000028 ], [ 26.086674499999976, 44.394246600000031 ], [ 26.081674499999977, 44.394246600000031 ], [ 26.081674499999977, 44.389246600000028 ], [ 26.086674499999976, 44.389246600000028 ] ] ] } },
{ "type": "Feature", "properties": { "cell_id": 518, "education": 0.85989397338638374, "health": 0.92849340942632386, "green": 0.94977143846148104, "groceries": 0.96258479466209035, "transit": 0.95242082386237525, "culture": 0.86943014716925049, "services": 0.92188561943710978, "livability": 0.92064002948643053 }, "geometry": { "type": "Polygon", "coordinates": [ [ [ 26.086674499999976, 44.394246600000031 ], [ 26.086674499999976, 44.399246600000033 ], [ 26.081674499999977, 44.399246600000033 ], [ 26.081674499999977, 44.394246600000031 ], [ 26.086674499999976, 44.394246600000031 ] ] ] } },
{ "type": "Feature", "properties": { "cell_id": 519, "education": 0.86406458890095061, "health": 0.87406829062003355, "green": 0.92397629364333289, "groceries": 0.95894401540523411, "transit": 0.97656916032292584, "culture": 0.84548786918711416, "services": 0.88611183685110628, "livability": 0.90417457927581391 }, "geometry": { "type": "Polygon", "coordinates": [ [ [ 26.086674499999976, 44.399246600000033 ], [ 26.086674499999976, 44.404246600000036 ], [ 26.081674499999977, 44.404246600000036 ], [ 26.081674499999977, 44.399246600000033 ], [ 26.086674499999976, 44.399246600000033 ] ] ] } },
{ "type": "Feature", "properties": { "cell_id": 520, "education": 0.88931439024017922, "health": 0.91266744093297025, "green": 0.9467833601850717, "groceries": 0.90043945154488314, "transit": 0.84275419015083031, "culture": 0.89009273058057492, "services": 0.91658212317893784, "livability": 0.89980481240192101 }, "geometry": { "type": "Polygon", "coordinates": [ [ [ 26.086674499999976, 44.404246600000036 ], [ 26.086674499999976, 44.409246600000039 ], [ 26.081674499999977, 44.409246600000039 ], [ 26.081674499999977, 44.404246600000036 ], [ 26.086674499999976, 44.404246600000036 ] ] ] } },
{ "type": "Feature", "properties": { "cell_id": 521, "education": 0.95668570454689028, "health": 0.92725335638523643, "green": 0.93400217218132187, "groceries": 0.93664570679351011, "transit": 0.97802869360644951, "culture": 0.92238604611694552, "services": 0.92030987710135237, "livability": 0.93933022239024366 }, "geometry": { "type": "Polygon", "coordinates": [ [ [ 26.086674499999976, 44.409246600000039 ], [ 26.086674499999976, 44.414246600000041 ], [ 26.081674499999977, 44.414246600000041 ], [ 26.081674499999977, 44.409246600000039 ], [ 26.086674499999976, 44.409246600000039 ] ] ] } },
{ "type": "Feature", "properties": { "cell_id": 522, "education": 0.94432838131083663, "health": 0.97170074909701154, "green": 0.977860524503535, "groceries": 0.96071735470303199, "transit": 0.98071142360615293, "culture": 0.97364888490728396, "services": 0.98789812899873675, "livability": 0.97098077816094119 }, "geometry": { "type": "Polygon", "coordinates": [ [ [ 26.086674499999976, 44.414246600000041 ], [ 26.086674499999976, 44.419246600000044 ], [ 26.081674499999977, 44.419246600000044 ], [ 26.081674499999977, 44.414246600000041 ], [ 26.086674499999976, 44.414246600000041 ] ] ] } },
{ "type": "Feature", "properties": { "cell_id": 523, "education": 0.85535586387454376, "health": 0.92208417522303554, "green": 0.91228829408963208, "groceries": 0.87879359848736949, "transit": 0.84725480387450558, "culture": 0.94173569480274777, "services": 0.88765721680740373, "livability": 0.89216709245131964 }, "geometry": { "type": "Polygon", "coordinates": [ [ [ 26.086674499999976, 44.419246600000044 ], [ 26.086674499999976, 44.424246600000046 ], [ 26.081674499999977, 44.424246600000046 ], [ 26.081674499999977, 44.419246600000044 ], [ 26.086674499999976, 44.419246600000044 ] ] ] } },
{ "type": "Feature", "properties": { "cell_id": 524, "education": 0.85244662267766091, "health": 0.92191441560341669, "green": 0.98317738557610423, "groceries": 0.86115837143221119, "transit": 0.92039462851167353, "culture": 0.88759281655946287, "services": 0.86626293254710762, "livability": 0.89899245327251953 }, "geometry": { "type": "Polygon", "coordinates": [ [ [ 26.086674499999976, 44.424246600000046 ], [ 26.086674499999976, 44.429246600000049 ], [ 26.081674499999977, 44.429246600000049 ], [ 26.081674499999977, 44.424246600000046 ], [ 26.086674499999976, 44.424246600000046 ] ] ] } },
{ "type": "Feature", "properties": { "cell_id": 525, "education": 0.95833565298330714, "health": 0.95650475520730294, "green": 0.9338710211394865, "groceries": 0.92908293217330606, "transit": 0.92267241232413866, "culture": 0.96363570390479836, "services": 0.95657537762345068, "livability": 0.94581112219368435 }, "geometry": { "type": "Polygon", "coordinates": [ [ [ 26.086674499999976, 44.429246600000049 ], [ 26.086674499999976, 44.434246600000051 ], [ 26.081674499999977, 44.434246600000051 ], [ 26.081674499999977, 44.429246600000049 ], [ 26.086674499999976, 44.429246600000049 ] ] ] } },
{ "type": "Feature", "properties": { "cell_id": 526, "education": 0.97159041807721147, "health": 0.98398409322913594, "green": 0.95726286279216566, "groceries": 0.98939100312743089, "transit": 0.99634940491875501, "culture": 0.9923067110497803, "services": 0.92977378194169336, "livability": 0.97437975359088169 }, "geometry": { "type": "Polygon", "coordinates": [ [ [ 26.086674499999976, 44.434246600000051 ], [ 26.086674499999976, 44.439246600000054 ], [ 26.081674499999977, 44.439246600000054 ], [ 26.081674499999977, 44.434246600000051 ], [ 26.086674499999976, 44.434246600000051 ] ] ] } },
{ "type": "Feature", "properties": { "cell_id": 527, "education": 0.94619243603543168, "health": 0.94584882435103657, "green": 0.88144033793164633, "groceries": 0.9177029569180235, "transit": 0.87409143506829112, "culture": 1.0, "services": 0.93447082499662582, "livability": 0.92853525932872216 }, "geometry": { "type": "Polygon", "coordinates": [ [ [ 26.086674499999976, 44.439246600000054 ], [ 26.086674499999976, 44.444246600000056 ], [ 26.081674499999977, 44.444246600000056 ], [ 26.081674499999977, 44.439246600000054 ], [ 26.086674499999976, 44.439246600000054 ] ] ] } },
{ "type": "Feature", "properties": { "cell_id": 528, "education": 1.0, "health": 0.98459293699988237, "green": 0.88761353898202378, "groceries": 0.95549006520548485, "transit": 0.92045556882275426, "culture": 1.0, "services": 0.92743323714240278, "livability": 0.95365504959322123 }, "geometry": { "type": "Polygon", "coordinates": [ [ [ 26.086674499999976, 44.444246600000056 ], [ 26.086674499999976, 44.449246600000059 ], [ 26.081674499999977, 44.449246600000059 ], [ 26.081674499999977, 44.444246600000056 ], [ 26.086674499999976, 44.444246600000056 ] ] ] } },
{ "type": "Feature", "properties": { "cell_id": 529, "education": 0.93752632513456069, "health": 0.99842204823333125, "green": 0.91896281522071577, "groceries": 1.0, "transit": 0.98084873076911117, "culture": 0.99826096713949608, "services": 0.98630655306694137, "livability": 0.97433249136630795 }, "geometry": { "type": "Polygon", "coordinates": [ [ [ 26.086674499999976, 44.449246600000059 ], [ 26.086674499999976, 44.454246600000062 ], [ 26.081674499999977, 44.454246600000062 ], [ 26.081674499999977, 44.449246600000059 ], [ 26.086674499999976, 44.449246600000059 ] ] ] } },
{ "type": "Feature", "properties": { "cell_id": 530, "education": 0.97853913764682221, "health": 0.93654386686078306, "green": 0.97921634138095326, "groceries": 0.90356161135582402, "transit": 0.85659067193339733, "culture": 0.9627400950332784, "services": 0.92740349428920188, "livability": 0.93494217407146574 }, "geometry": { "type": "Polygon", "coordinates": [ [ [ 26.086674499999976, 44.454246600000062 ], [ 26.086674499999976, 44.459246600000064 ], [ 26.081674499999977, 44.459246600000064 ], [ 26.081674499999977, 44.454246600000062 ], [ 26.086674499999976, 44.454246600000062 ] ] ] } },
{ "type": "Feature", "properties": { "cell_id": 531, "education": 0.85863636546658473, "health": 0.98235049109134842, "green": 0.89665507735243888, "groceries": 0.92593577713769115, "transit": 0.85639690213373254, "culture": 1.0, "services": 0.92628727950310963, "livability": 0.92089455609784365 }, "geometry": { "type": "Polygon", "coordinates": [ [ [ 26.086674499999976, 44.459246600000064 ], [ 26.086674499999976, 44.464246600000067 ], [ 26.081674499999977, 44.464246600000067 ], [ 26.081674499999977, 44.459246600000064 ], [ 26.086674499999976, 44.459246600000064 ] ] ] } },
{ "type": "Feature", "properties": { "cell_id": 532, "education": 0.92661309145801551, "health": 0.9531108954028209, "green": 0.95015621507816672, "groceries": 0.91295539669716252, "transit": 0.90522342715174342, "culture": 0.99045439989938877, "services": 0.99815124037217828, "livability": 0.94809495229421081 }, "geometry": { "type": "Polygon", "coordinates": [ [ [ 26.086674499999976, 44.464246600000067 ], [ 26.086674499999976, 44.469246600000069 ], [ 26.081674499999977, 44.469246600000069 ], [ 26.081674499999977, 44.464246600000067 ], [ 26.086674499999976, 44.464246600000067 ] ] ] } },
{ "type": "Feature", "properties": { "cell_id": 533, "education": 0.8942818430538898, "health": 0.89833929266008672, "green": 0.9416862345954421, "groceries": 0.81900574164863404, "transit": 0.85731151205045864, "culture": 0.98568071171719385, "services": 0.88251980886147074, "livability": 0.89697502065531087 }, "geometry": { "type": "Polygon", "coordinates": [ [ [ 26.086674499999976, 44.469246600000069 ], [ 26.086674499999976, 44.474246600000072 ], [ 26.081674499999977, 44.474246600000072 ], [ 26.081674499999977, 44.469246600000069 ], [ 26.086674499999976, 44.469246600000069 ] ] ] } },
{ "type": "Feature", "properties": { "cell_id": 534, "education": 0.82114261796936627, "health": 0.90789948419130184, "green": 0.91141183000169268, "groceries": 0.84587080666903391, "transit": 0.74772655566128821, "culture": 1.0, "services": 0.89153891508524397, "livability": 0.87508431565398948 }, "geometry": { "type": "Polygon", "coordinates": [ [ [ 26.086674499999976, 44.474246600000072 ], [ 26.086674499999976, 44.479246600000074 ], [ 26.081674499999977, 44.479246600000074 ], [ 26.081674499999977, 44.474246600000072 ], [ 26.086674499999976, 44.474246600000072 ] ] ] } },
{ "type": "Feature", "properties": { "cell_id": 535, "education": 0.7984632858502636, "health": 0.89257275317995566, "green": 1.0, "groceries": 0.95310416570146383, "transit": 0.67602067655190634, "culture": 0.97698688338948447, "services": 0.96699928834974347, "livability": 0.89487815043183105 }, "geometry": { "type": "Polygon", "coordinates": [ [ [ 26.086674499999976, 44.479246600000074 ], [ 26.086674499999976, 44.484246600000077 ], [ 26.081674499999977, 44.484246600000077 ], [ 26.081674499999977, 44.479246600000074 ], [ 26.086674499999976, 44.479246600000074 ] ] ] } },
{ "type": "Feature", "properties": { "cell_id": 536, "education": 0.90283835446167349, "health": 0.92664815764159314, "green": 0.94440096286398911, "groceries": 0.91242544997540909, "transit": 0.92182208843005642, "culture": 0.9221194856862327, "services": 0.92598542131259776, "livability": 0.92231998862450737 }, "geometry": { "type": "Polygon", "coordinates": [ [ [ 26.086674499999976, 44.484246600000077 ], [ 26.086674499999976, 44.489246600000079 ], [ 26.081674499999977, 44.489246600000079 ], [ 26.081674499999977, 44.484246600000077 ], [ 26.086674499999976, 44.484246600000077 ] ] ] } },
{ "type": "Feature", "properties": { "cell_id": 537, "education": 0.97790831712806936, "health": 0.97627831931041487, "green": 0.8986978342690084, "groceries": 0.97289733727685945, "transit": 0.90014690556066301, "culture": 0.98368873757284836, "services": 0.92116843872405341, "livability": 0.94725512712027371 }, "geometry": { "type": "Polygon", "coordinates": [ [ [ 26.086674499999976, 44.489246600000079 ], [ 26.086674499999976, 44.494246600000082 ], [ 26.081674499999977, 44.494246600000082 ], [ 26.081674499999977, 44.489246600000079 ], [ 26.086674499999976, 44.489246600000079 ] ] ] } },
{ "type": "Feature", "properties": { "cell_id": 538, "education": 0.89079818343218331, "health": 0.93946650642204776, "green": 0.77496839149169494, "groceries": 0.89491319828549676, "transit": 0.83370512236604188, "culture": 0.93511670095864086, "services": 0.92642334089275702, "livability": 0.88505592054983739 }, "geometry": { "type": "Polygon", "coordinates": [ [ [ 26.086674499999976, 44.494246600000082 ], [ 26.086674499999976, 44.499246600000085 ], [ 26.081674499999977, 44.499246600000085 ], [ 26.081674499999977, 44.494246600000082 ], [ 26.086674499999976, 44.494246600000082 ] ] ] } },
{ "type": "Feature", "properties": { "cell_id": 539, "education": 0.54910129786262996, "health": 0.89652964564707149, "green": 0.63700820594672924, "groceries": 0.85657571826595058, "transit": 0.69683039661371282, "culture": 0.91517993857292501, "services": 0.91490194616476139, "livability": 0.78087530701054009 }, "geometry": { "type": "Polygon", "coordinates": [ [ [ 26.086674499999976, 44.499246600000085 ], [ 26.086674499999976, 44.504246600000087 ], [ 26.081674499999977, 44.504246600000087 ], [ 26.081674499999977, 44.499246600000085 ], [ 26.086674499999976, 44.499246600000085 ] ] ] } },
{ "type": "Feature", "properties": { "cell_id": 540, "education": 0.63240178005144509, "health": 0.93114111187014159, "green": 0.75824783289969777, "groceries": 0.90917700148379499, "transit": 0.92833711083459391, "culture": 0.945103067494655, "services": 0.98073289870664315, "livability": 0.86930582904871023 }, "geometry": { "type": "Polygon", "coordinates": [ [ [ 26.086674499999976, 44.504246600000087 ], [ 26.086674499999976, 44.50924660000009 ], [ 26.081674499999977, 44.50924660000009 ], [ 26.081674499999977, 44.504246600000087 ], [ 26.086674499999976, 44.504246600000087 ] ] ] } },
{ "type": "Feature", "properties": { "cell_id": 541, "education": 0.63927926804190727, "health": 0.90149658498391705, "green": 0.8115423710847588, "groceries": 0.83980372307472306, "transit": 0.91053796397099274, "culture": 0.91515940859302525, "services": 0.93601224941441685, "livability": 0.8505473670233914 }, "geometry": { "type": "Polygon", "coordinates": [ [ [ 26.086674499999976, 44.50924660000009 ], [ 26.086674499999976, 44.514246600000092 ], [ 26.081674499999977, 44.514246600000092 ], [ 26.081674499999977, 44.50924660000009 ], [ 26.086674499999976, 44.50924660000009 ] ] ] } },
{ "type": "Feature", "properties": { "cell_id": 542, "education": 0.83879732461345302, "health": 0.89605791399430679, "green": 0.90370645230011304, "groceries": 0.7009189061835277, "transit": 1.0, "culture": 0.87523212307911835, "services": 0.84831906323904305, "livability": 0.86614739762993742 }, "geometry": { "type": "Polygon", "coordinates": [ [ [ 26.086674499999976, 44.514246600000092 ], [ 26.086674499999976, 44.519246600000095 ], [ 26.081674499999977, 44.519246600000095 ], [ 26.081674499999977, 44.514246600000092 ], [ 26.086674499999976, 44.514246600000092 ] ] ] } },
{ "type": "Feature", "properties": { "cell_id": 543, "education": 0.78902701426117716, "health": 0.74920566474720429, "green": 0.79892215798765043, "groceries": 0.61857074023081116, "transit": 0.67087786673066241, "culture": 0.86860371613292564, "services": 0.78100867728428025, "livability": 0.75374511962495871 }, "geometry": { "type": "Polygon", "coordinates": [ [ [ 26.086674499999976, 44.519246600000095 ], [ 26.086674499999976, 44.524246600000097 ], [ 26.081674499999977, 44.524246600000097 ], [ 26.081674499999977, 44.519246600000095 ], [ 26.086674499999976, 44.519246600000095 ] ] ] } },
{ "type": "Feature", "properties": { "cell_id": 544, "education": 0.76223122611850613, "health": 0.76367718634917647, "green": 0.73232585797871308, "groceries": 0.66532547274884835, "transit": 0.61074852614910069, "culture": 0.82854634396830296, "services": 0.78665213643392518, "livability": 0.7356438213923675 }, "geometry": { "type": "Polygon", "coordinates": [ [ [ 26.086674499999976, 44.524246600000097 ], [ 26.086674499999976, 44.5292466000001 ], [ 26.081674499999977, 44.5292466000001 ], [ 26.081674499999977, 44.524246600000097 ], [ 26.086674499999976, 44.524246600000097 ] ] ] } },
{ "type": "Feature", "properties": { "cell_id": 545, "education": 0.66043905700107053, "health": 0.76634374807137473, "green": 0.76196735645712643, "groceries": 0.66937801901959038, "transit": 0.74453596964396951, "culture": 0.7602440208505421, "services": 0.78950392301434347, "livability": 0.73605887057971664 }, "geometry": { "type": "Polygon", "coordinates": [ [ [ 26.086674499999976, 44.5292466000001 ], [ 26.086674499999976, 44.534246600000102 ], [ 26.081674499999977, 44.534246600000102 ], [ 26.081674499999977, 44.5292466000001 ], [ 26.086674499999976, 44.5292466000001 ] ] ] } },
{ "type": "Feature", "properties": { "cell_id": 546, "education": 0.73359057656217241, "health": 0.85119696749778462, "green": 0.92846223335860179, "groceries": 0.78309714011730025, "transit": 1.0, "culture": 0.84868713488097747, "services": 0.85668396245568723, "livability": 0.85738828783893184 }, "geometry": { "type": "Polygon", "coordinates": [ [ [ 26.086674499999976, 44.534246600000102 ], [ 26.086674499999976, 44.539246600000105 ], [ 26.081674499999977, 44.539246600000105 ], [ 26.081674499999977, 44.534246600000102 ], [ 26.086674499999976, 44.534246600000102 ] ] ] } },
{ "type": "Feature", "properties": { "cell_id": 547, "education": 0.87146371021346036, "health": 0.85505807652691312, "green": 0.80808974470504902, "groceries": 0.98065720538765044, "transit": 0.91010270018393435, "culture": 0.89079756966076784, "services": 0.84499011260096024, "livability": 0.88016558846839077 }, "geometry": { "type": "Polygon", "coordinates": [ [ [ 26.091674499999975, 44.369246600000018 ], [ 26.091674499999975, 44.374246600000021 ], [ 26.086674499999976, 44.374246600000021 ], [ 26.086674499999976, 44.369246600000018 ], [ 26.091674499999975, 44.369246600000018 ] ] ] } },
{ "type": "Feature", "properties": { "cell_id": 548, "education": 0.95429340996727741, "health": 0.91103452773854388, "green": 0.91065188418926879, "groceries": 0.9344815706481413, "transit": 0.93603855812368497, "culture": 0.9524882310153473, "services": 0.90485480317079303, "livability": 0.92912042640757964 }, "geometry": { "type": "Polygon", "coordinates": [ [ [ 26.091674499999975, 44.374246600000021 ], [ 26.091674499999975, 44.379246600000023 ], [ 26.086674499999976, 44.379246600000023 ], [ 26.086674499999976, 44.374246600000021 ], [ 26.091674499999975, 44.374246600000021 ] ] ] } },
{ "type": "Feature", "properties": { "cell_id": 549, "education": 0.88974427463199302, "health": 0.96730712979982347, "green": 0.86063737446682542, "groceries": 0.91692945902702871, "transit": 0.91665233722002093, "culture": 0.90317702851607307, "services": 0.94877192492442297, "livability": 0.91474564694088389 }, "geometry": { "type": "Polygon", "coordinates": [ [ [ 26.091674499999975, 44.379246600000023 ], [ 26.091674499999975, 44.384246600000026 ], [ 26.086674499999976, 44.384246600000026 ], [ 26.086674499999976, 44.379246600000023 ], [ 26.091674499999975, 44.379246600000023 ] ] ] } },
{ "type": "Feature", "properties": { "cell_id": 550, "education": 0.92582658325711753, "health": 0.9194832165879655, "green": 0.90255209267256131, "groceries": 0.88946106898595589, "transit": 0.8122848166156752, "culture": 0.90053821571072801, "services": 0.89692824317092157, "livability": 0.89243917671441775 }, "geometry": { "type": "Polygon", "coordinates": [ [ [ 26.091674499999975, 44.384246600000026 ], [ 26.091674499999975, 44.389246600000028 ], [ 26.086674499999976, 44.389246600000028 ], [ 26.086674499999976, 44.384246600000026 ], [ 26.091674499999975, 44.384246600000026 ] ] ] } },
{ "type": "Feature", "properties": { "cell_id": 551, "education": 0.89447799482882595, "health": 0.95402003529698209, "green": 0.90011241108554119, "groceries": 0.9301212745480909, "transit": 0.89483130421461521, "culture": 0.93011469628782018, "services": 0.92668961927825499, "livability": 0.91862390507716141 }, "geometry": { "type": "Polygon", "coordinates": [ [ [ 26.091674499999975, 44.389246600000028 ], [ 26.091674499999975, 44.394246600000031 ], [ 26.086674499999976, 44.394246600000031 ], [ 26.086674499999976, 44.389246600000028 ], [ 26.091674499999975, 44.389246600000028 ] ] ] } },
{ "type": "Feature", "properties": { "cell_id": 552, "education": 0.79482234770601234, "health": 0.86276939456493129, "green": 0.77894502729313631, "groceries": 0.88696053628632887, "transit": 0.82760290447803675, "culture": 0.81530031593854879, "services": 0.84175214349478777, "livability": 0.82973609568025442 }, "geometry": { "type": "Polygon", "coordinates": [ [ [ 26.091674499999975, 44.394246600000031 ], [ 26.091674499999975, 44.399246600000033 ], [ 26.086674499999976, 44.399246600000033 ], [ 26.086674499999976, 44.394246600000031 ], [ 26.091674499999975, 44.394246600000031 ] ] ] } },
{ "type": "Feature", "properties": { "cell_id": 553, "education": 0.8179670557037455, "health": 0.91433420784061059, "green": 0.793174391996598, "groceries": 0.95161120130891597, "transit": 0.92646548634871806, "culture": 0.88817288607217126, "services": 0.83485571777231515, "livability": 0.8752258495775822 }, "geometry": { "type": "Polygon", "coordinates": [ [ [ 26.091674499999975, 44.399246600000033 ], [ 26.091674499999975, 44.404246600000036 ], [ 26.086674499999976, 44.404246600000036 ], [ 26.086674499999976, 44.399246600000033 ], [ 26.091674499999975, 44.399246600000033 ] ] ] } },
{ "type": "Feature", "properties": { "cell_id": 554, "education": 0.92090971084844675, "health": 0.97918504544214791, "green": 0.87924263438100181, "groceries": 0.88537786614098668, "transit": 0.907505507775207, "culture": 0.93026876792123159, "services": 0.84166020855341195, "livability": 0.90630710586606189 }, "geometry": { "type": "Polygon", "coordinates": [ [ [ 26.091674499999975, 44.404246600000036 ], [ 26.091674499999975, 44.409246600000039 ], [ 26.086674499999976, 44.409246600000039 ], [ 26.086674499999976, 44.404246600000036 ], [ 26.091674499999975, 44.404246600000036 ] ] ] } },
{ "type": "Feature", "properties": { "cell_id": 555, "education": 0.89971562915955416, "health": 0.93014161516918925, "green": 0.80974214380680132, "groceries": 0.95066913570718325, "transit": 1.0, "culture": 0.91455072888560185, "services": 0.90082603318413623, "livability": 0.9150921837017808 }, "geometry": { "type": "Polygon", "coordinates": [ [ [ 26.091674499999975, 44.409246600000039 ], [ 26.091674499999975, 44.414246600000041 ], [ 26.086674499999976, 44.414246600000041 ], [ 26.086674499999976, 44.409246600000039 ], [ 26.091674499999975, 44.409246600000039 ] ] ] } },
{ "type": "Feature", "properties": { "cell_id": 556, "education": 0.86006597069888058, "health": 0.95215535946914598, "green": 0.88660714256445805, "groceries": 0.93334490346412113, "transit": 0.81483195749849968, "culture": 0.93359315061621995, "services": 0.96822235774737342, "livability": 0.90697440600838553 }, "geometry": { "type": "Polygon", "coordinates": [ [ [ 26.091674499999975, 44.414246600000041 ], [ 26.091674499999975, 44.419246600000044 ], [ 26.086674499999976, 44.419246600000044 ], [ 26.086674499999976, 44.414246600000041 ], [ 26.091674499999975, 44.414246600000041 ] ] ] } },
{ "type": "Feature", "properties": { "cell_id": 557, "education": 0.96039589398695957, "health": 0.97573992833802237, "green": 0.95208735399582223, "groceries": 0.96845800987436303, "transit": 0.91008479859520852, "culture": 0.97050329169895666, "services": 0.96459461365648047, "livability": 0.95740912716368753 }, "geometry": { "type": "Polygon", "coordinates": [ [ [ 26.091674499999975, 44.419246600000044 ], [ 26.091674499999975, 44.424246600000046 ], [ 26.086674499999976, 44.424246600000046 ], [ 26.086674499999976, 44.419246600000044 ], [ 26.091674499999975, 44.419246600000044 ] ] ] } },
{ "type": "Feature", "properties": { "cell_id": 558, "education": 0.79759285606090313, "health": 0.89698532948010545, "green": 0.98701305230992264, "groceries": 0.894154733593853, "transit": 0.81971191934527043, "culture": 0.90475445274797361, "services": 0.92444705413967643, "livability": 0.88923705681110066 }, "geometry": { "type": "Polygon", "coordinates": [ [ [ 26.091674499999975, 44.424246600000046 ], [ 26.091674499999975, 44.429246600000049 ], [ 26.086674499999976, 44.429246600000049 ], [ 26.086674499999976, 44.424246600000046 ], [ 26.091674499999975, 44.424246600000046 ] ] ] } },
{ "type": "Feature", "properties": { "cell_id": 559, "education": 0.92330004696269463, "health": 0.96630592164648343, "green": 1.0, "groceries": 0.95248663187284843, "transit": 0.94557282189879932, "culture": 0.96286634946715666, "services": 0.95542724994440631, "livability": 0.95799414597034127 }, "geometry": { "type": "Polygon", "coordinates": [ [ [ 26.091674499999975, 44.429246600000049 ], [ 26.091674499999975, 44.434246600000051 ], [ 26.086674499999976, 44.434246600000051 ], [ 26.086674499999976, 44.429246600000049 ], [ 26.091674499999975, 44.429246600000049 ] ] ] } },
{ "type": "Feature", "properties": { "cell_id": 560, "education": 0.947366101303448, "health": 0.9728476162090387, "green": 1.0, "groceries": 0.93885393870831901, "transit": 0.87909596344436669, "culture": 0.98389530137750458, "services": 0.9593884974670388, "livability": 0.95449248835853084 }, "geometry": { "type": "Polygon", "coordinates": [ [ [ 26.091674499999975, 44.434246600000051 ], [ 26.091674499999975, 44.439246600000054 ], [ 26.086674499999976, 44.439246600000054 ], [ 26.086674499999976, 44.434246600000051 ], [ 26.091674499999975, 44.434246600000051 ] ] ] } },
{ "type": "Feature", "properties": { "cell_id": 561, "education": 0.97235167112716614, "health": 0.96624206945101843, "green": 0.91234166376899317, "groceries": 0.89478419145658461, "transit": 0.88820059577388977, "culture": 0.94539864919932237, "services": 0.94701478475664269, "livability": 0.93233337507623093 }, "geometry": { "type": "Polygon", "coordinates": [ [ [ 26.091674499999975, 44.439246600000054 ], [ 26.091674499999975, 44.444246600000056 ], [ 26.086674499999976, 44.444246600000056 ], [ 26.086674499999976, 44.439246600000054 ], [ 26.091674499999975, 44.439246600000054 ] ] ] } },
{ "type": "Feature", "properties": { "cell_id": 562, "education": 0.93957018049292584, "health": 0.93791829046788089, "green": 1.0, "groceries": 0.95666619116112461, "transit": 0.92278620973673153, "culture": 0.98561337254235248, "services": 1.0, "livability": 0.9632220349144307 }, "geometry": { "type": "Polygon", "coordinates": [ [ [ 26.091674499999975, 44.444246600000056 ], [ 26.091674499999975, 44.449246600000059 ], [ 26.086674499999976, 44.449246600000059 ], [ 26.086674499999976, 44.444246600000056 ], [ 26.091674499999975, 44.444246600000056 ] ] ] } },
{ "type": "Feature", "properties": { "cell_id": 563, "education": 0.84762795864291673, "health": 0.99238030218455076, "green": 0.87655632478530887, "groceries": 0.90635275523451708, "transit": 0.90965056499473851, "culture": 0.9455296931075331, "services": 0.99185102231234834, "livability": 0.92427837446598771 }, "geometry": { "type": "Polygon", "coordinates": [ [ [ 26.091674499999975, 44.449246600000059 ], [ 26.091674499999975, 44.454246600000062 ], [ 26.086674499999976, 44.454246600000062 ], [ 26.086674499999976, 44.449246600000059 ], [ 26.091674499999975, 44.449246600000059 ] ] ] } },
{ "type": "Feature", "properties": { "cell_id": 564, "education": 0.89227365678897175, "health": 0.97905143444054565, "green": 0.9192001640773988, "groceries": 0.96816311037219316, "transit": 0.81065936739532163, "culture": 0.99093684004966509, "services": 0.94849176169074767, "livability": 0.92982519068783476 }, "geometry": { "type": "Polygon", "coordinates": [ [ [ 26.091674499999975, 44.454246600000062 ], [ 26.091674499999975, 44.459246600000064 ], [ 26.086674499999976, 44.459246600000064 ], [ 26.086674499999976, 44.454246600000062 ], [ 26.091674499999975, 44.454246600000062 ] ] ] } },
{ "type": "Feature", "properties": { "cell_id": 565, "education": 0.84111530221959563, "health": 0.97131724303818023, "green": 0.90576939118446687, "groceries": 0.90726500874144422, "transit": 0.85072923680054702, "culture": 0.95681862120111794, "services": 0.96320191370038499, "livability": 0.91374524526939105 }, "geometry": { "type": "Polygon", "coordinates": [ [ [ 26.091674499999975, 44.459246600000064 ], [ 26.091674499999975, 44.464246600000067 ], [ 26.086674499999976, 44.464246600000067 ], [ 26.086674499999976, 44.459246600000064 ], [ 26.091674499999975, 44.459246600000064 ] ] ] } },
{ "type": "Feature", "properties": { "cell_id": 566, "education": 0.98990401319041821, "health": 1.0, "green": 0.94955782789970911, "groceries": 0.94829561365740345, "transit": 0.92754717956220878, "culture": 0.99248061860466286, "services": 0.95951544651985321, "livability": 0.96675724277632225 }, "geometry": { "type": "Polygon", "coordinates": [ [ [ 26.091674499999975, 44.464246600000067 ], [ 26.091674499999975, 44.469246600000069 ], [ 26.086674499999976, 44.469246600000069 ], [ 26.086674499999976, 44.464246600000067 ], [ 26.091674499999975, 44.464246600000067 ] ] ] } },
{ "type": "Feature", "properties": { "cell_id": 567, "education": 0.87091381268165846, "health": 0.94639057266171789, "green": 0.98153991572001131, "groceries": 0.81956610494419468, "transit": 0.8458750307279338, "culture": 0.96268244204521813, "services": 0.87129217195781183, "livability": 0.89975143581979222 }, "geometry": { "type": "Polygon", "coordinates": [ [ [ 26.091674499999975, 44.469246600000069 ], [ 26.091674499999975, 44.474246600000072 ], [ 26.086674499999976, 44.474246600000072 ], [ 26.086674499999976, 44.469246600000069 ], [ 26.091674499999975, 44.469246600000069 ] ] ] } },
{ "type": "Feature", "properties": { "cell_id": 568, "education": 0.90204645735230482, "health": 0.96257443570643131, "green": 0.99116647046238204, "groceries": 0.89819070344512664, "transit": 0.84428679030241482, "culture": 0.98771627245073945, "services": 0.94329200299465377, "livability": 0.93275330467343609 }, "geometry": { "type": "Polygon", "coordinates": [ [ [ 26.091674499999975, 44.474246600000072 ], [ 26.091674499999975, 44.479246600000074 ], [ 26.086674499999976, 44.479246600000074 ], [ 26.086674499999976, 44.474246600000072 ], [ 26.091674499999975, 44.474246600000072 ] ] ] } },
{ "type": "Feature", "properties": { "cell_id": 569, "education": 0.8855434828337907, "health": 0.95276561216824895, "green": 0.95804938609578383, "groceries": 0.8881131702556665, "transit": 0.85363394426977091, "culture": 0.94416986003197145, "services": 0.9279328459905648, "livability": 0.91574404309225677 }, "geometry": { "type": "Polygon", "coordinates": [ [ [ 26.091674499999975, 44.479246600000074 ], [ 26.091674499999975, 44.484246600000077 ], [ 26.086674499999976, 44.484246600000077 ], [ 26.086674499999976, 44.479246600000074 ], [ 26.091674499999975, 44.479246600000074 ] ] ] } },
{ "type": "Feature", "properties": { "cell_id": 570, "education": 0.89263049900419111, "health": 0.88469194013250163, "green": 0.79589557446751313, "groceries": 0.84117304763756728, "transit": 0.70014027561089331, "culture": 0.97162840455352117, "services": 0.9306106000377159, "livability": 0.85953862020627192 }, "geometry": { "type": "Polygon", "coordinates": [ [ [ 26.091674499999975, 44.484246600000077 ], [ 26.091674499999975, 44.489246600000079 ], [ 26.086674499999976, 44.489246600000079 ], [ 26.086674499999976, 44.484246600000077 ], [ 26.091674499999975, 44.484246600000077 ] ] ] } },
{ "type": "Feature", "properties": { "cell_id": 571, "education": 0.83884787893599622, "health": 0.96884053454968333, "green": 0.78870447981421177, "groceries": 0.8313020715667252, "transit": 0.73549096876819031, "culture": 0.88228739556782987, "services": 0.90451897134123449, "livability": 0.84999890007769585 }, "geometry": { "type": "Polygon", "coordinates": [ [ [ 26.091674499999975, 44.489246600000079 ], [ 26.091674499999975, 44.494246600000082 ], [ 26.086674499999976, 44.494246600000082 ], [ 26.086674499999976, 44.489246600000079 ], [ 26.091674499999975, 44.489246600000079 ] ] ] } },
{ "type": "Feature", "properties": { "cell_id": 572, "education": 0.82883762908627956, "health": 0.88083636375907637, "green": 0.66754405965891972, "groceries": 0.80580917941957675, "transit": 0.70126491256818779, "culture": 0.87050145297663739, "services": 0.87427312911488597, "livability": 0.80415238951193757 }, "geometry": { "type": "Polygon", "coordinates": [ [ [ 26.091674499999975, 44.494246600000082 ], [ 26.091674499999975, 44.499246600000085 ], [ 26.086674499999976, 44.499246600000085 ], [ 26.086674499999976, 44.494246600000082 ], [ 26.091674499999975, 44.494246600000082 ] ] ] } },
{ "type": "Feature", "properties": { "cell_id": 573, "education": 0.65834171051703172, "health": 0.78042379852383981, "green": 0.57455135924654277, "groceries": 0.70325456261943209, "transit": 0.60640907383380382, "culture": 0.77840831070631966, "services": 0.81135902285089323, "livability": 0.70182111975683747 }, "geometry": { "type": "Polygon", "coordinates": [ [ [ 26.091674499999975, 44.499246600000085 ], [ 26.091674499999975, 44.504246600000087 ], [ 26.086674499999976, 44.504246600000087 ], [ 26.086674499999976, 44.499246600000085 ], [ 26.091674499999975, 44.499246600000085 ] ] ] } },
{ "type": "Feature", "properties": { "cell_id": 574, "education": 0.51396673305483476, "health": 0.98105388825241491, "green": 0.63870842691706486, "groceries": 0.97480733579727019, "transit": 0.76648361319103953, "culture": 0.98253960496627624, "services": 0.98565328158799537, "livability": 0.83474469768098514 }, "geometry": { "type": "Polygon", "coordinates": [ [ [ 26.091674499999975, 44.504246600000087 ], [ 26.091674499999975, 44.50924660000009 ], [ 26.086674499999976, 44.50924660000009 ], [ 26.086674499999976, 44.504246600000087 ], [ 26.091674499999975, 44.504246600000087 ] ] ] } },
{ "type": "Feature", "properties": { "cell_id": 575, "education": 0.62488062592889637, "health": 0.89790536662002984, "green": 0.93452733281993128, "groceries": 0.83434591631674071, "transit": 0.73974302602161301, "culture": 0.9112015900614554, "services": 0.94899485688223184, "livability": 0.84165695923584261 }, "geometry": { "type": "Polygon", "coordinates": [ [ [ 26.091674499999975, 44.50924660000009 ], [ 26.091674499999975, 44.514246600000092 ], [ 26.086674499999976, 44.514246600000092 ], [ 26.086674499999976, 44.50924660000009 ], [ 26.091674499999975, 44.50924660000009 ] ] ] } },
{ "type": "Feature", "properties": { "cell_id": 576, "education": 0.69775772666761715, "health": 0.82537145870842754, "green": 0.96006744698972812, "groceries": 0.66439336803790294, "transit": 0.89984942122833711, "culture": 0.94183984944854393, "services": 0.82939883894442323, "livability": 0.83123973000356854 }, "geometry": { "type": "Polygon", "coordinates": [ [ [ 26.091674499999975, 44.514246600000092 ], [ 26.091674499999975, 44.519246600000095 ], [ 26.086674499999976, 44.519246600000095 ], [ 26.086674499999976, 44.514246600000092 ], [ 26.091674499999975, 44.514246600000092 ] ] ] } },
{ "type": "Feature", "properties": { "cell_id": 577, "education": 0.71713331061498309, "health": 0.77651269926653821, "green": 0.88671432235323966, "groceries": 0.65257754200564033, "transit": 0.74504366975381708, "culture": 0.9200003188125091, "services": 0.77369521713135903, "livability": 0.78166815427686953 }, "geometry": { "type": "Polygon", "coordinates": [ [ [ 26.091674499999975, 44.519246600000095 ], [ 26.091674499999975, 44.524246600000097 ], [ 26.086674499999976, 44.524246600000097 ], [ 26.086674499999976, 44.519246600000095 ], [ 26.091674499999975, 44.519246600000095 ] ] ] } },
{ "type": "Feature", "properties": { "cell_id": 578, "education": 0.73420596898775048, "health": 0.82957629610195815, "green": 0.74026420979277574, "groceries": 0.76547661091702579, "transit": 0.58392691869165914, "culture": 0.83332122655107321, "services": 0.85712873380274945, "livability": 0.76341428069214157 }, "geometry": { "type": "Polygon", "coordinates": [ [ [ 26.091674499999975, 44.524246600000097 ], [ 26.091674499999975, 44.5292466000001 ], [ 26.086674499999976, 44.5292466000001 ], [ 26.086674499999976, 44.524246600000097 ], [ 26.091674499999975, 44.524246600000097 ] ] ] } },
{ "type": "Feature", "properties": { "cell_id": 579, "education": 0.87565489103971705, "health": 0.92516771690527688, "green": 0.88358583870075491, "groceries": 0.9107530741117571, "transit": 0.71810960504323063, "culture": 0.93528112063522284, "services": 0.95936013117887176, "livability": 0.88684462537354725 }, "geometry": { "type": "Polygon", "coordinates": [ [ [ 26.091674499999975, 44.5292466000001 ], [ 26.091674499999975, 44.534246600000102 ], [ 26.086674499999976, 44.534246600000102 ], [ 26.086674499999976, 44.5292466000001 ], [ 26.091674499999975, 44.5292466000001 ] ] ] } },
{ "type": "Feature", "properties": { "cell_id": 580, "education": 0.79126173089030294, "health": 0.86813467651349008, "green": 0.82744664661079548, "groceries": 0.82407627483696921, "transit": 0.73417598283117735, "culture": 0.87242601094758487, "services": 0.89836545857265848, "livability": 0.83084096874328262 }, "geometry": { "type": "Polygon", "coordinates": [ [ [ 26.091674499999975, 44.534246600000102 ], [ 26.091674499999975, 44.539246600000105 ], [ 26.086674499999976, 44.539246600000105 ], [ 26.086674499999976, 44.534246600000102 ], [ 26.091674499999975, 44.534246600000102 ] ] ] } },
{ "type": "Feature", "properties": { "cell_id": 581, "education": 0.71217472693344841, "health": 0.74741031216672704, "green": 0.84037321117938735, "groceries": 0.81705793731897514, "transit": 0.77498350629701251, "culture": 0.77216086381432847, "services": 0.72986491326324621, "livability": 0.77057506728187497 }, "geometry": { "type": "Polygon", "coordinates": [ [ [ 26.096674499999974, 44.364246600000016 ], [ 26.096674499999974, 44.369246600000018 ], [ 26.091674499999975, 44.369246600000018 ], [ 26.091674499999975, 44.364246600000016 ], [ 26.096674499999974, 44.364246600000016 ] ] ] } },
{ "type": "Feature", "properties": { "cell_id": 582, "education": 0.82900352285376155, "health": 0.82923063600672287, "green": 0.85441406600578063, "groceries": 0.96685100905146604, "transit": 1.0, "culture": 0.88134414010779016, "services": 0.81736864497511164, "livability": 0.88260171700009038 }, "geometry": { "type": "Polygon", "coordinates": [ [ [ 26.096674499999974, 44.369246600000018 ], [ 26.096674499999974, 44.374246600000021 ], [ 26.091674499999975, 44.374246600000021 ], [ 26.091674499999975, 44.369246600000018 ], [ 26.096674499999974, 44.369246600000018 ] ] ] } },
{ "type": "Feature", "properties": { "cell_id": 583, "education": 0.91797635747051465, "health": 0.88811370488558483, "green": 0.91061966402048866, "groceries": 0.89718179583296975, "transit": 0.92831328479267483, "culture": 0.9462381336192881, "services": 0.88034185284976152, "livability": 0.90982639906732599 }, "geometry": { "type": "Polygon", "coordinates": [ [ [ 26.096674499999974, 44.374246600000021 ], [ 26.096674499999974, 44.379246600000023 ], [ 26.091674499999975, 44.379246600000023 ], [ 26.091674499999975, 44.374246600000021 ], [ 26.096674499999974, 44.374246600000021 ] ] ] } },
{ "type": "Feature", "properties": { "cell_id": 584, "education": 0.9718250264079934, "health": 0.97017506396626196, "green": 0.97518482834110543, "groceries": 0.95260637785307378, "transit": 0.9135495362459024, "culture": 0.92649441305378977, "services": 0.97263118810296678, "livability": 0.95463806199587042 }, "geometry": { "type": "Polygon", "coordinates": [ [ [ 26.096674499999974, 44.379246600000023 ], [ 26.096674499999974, 44.384246600000026 ], [ 26.091674499999975, 44.384246600000026 ], [ 26.091674499999975, 44.379246600000023 ], [ 26.096674499999974, 44.379246600000023 ] ] ] } },
{ "type": "Feature", "properties": { "cell_id": 585, "education": 0.92944742879495701, "health": 0.98199706918587804, "green": 0.92602054450810856, "groceries": 1.0, "transit": 0.93708465517914497, "culture": 0.97506058920231442, "services": 0.98920529059667583, "livability": 0.96268793963815413 }, "geometry": { "type": "Polygon", "coordinates": [ [ [ 26.096674499999974, 44.384246600000026 ], [ 26.096674499999974, 44.389246600000028 ], [ 26.091674499999975, 44.389246600000028 ], [ 26.091674499999975, 44.384246600000026 ], [ 26.096674499999974, 44.384246600000026 ] ] ] } },
{ "type": "Feature", "properties": { "cell_id": 586, "education": 0.89832614671023991, "health": 0.96897342147283894, "green": 0.94315194683224934, "groceries": 0.9905738388929034, "transit": 0.91573192944482362, "culture": 0.89493424410188493, "services": 0.99117796351130116, "livability": 0.94326707013803446 }, "geometry": { "type": "Polygon", "coordinates": [ [ [ 26.096674499999974, 44.389246600000028 ], [ 26.096674499999974, 44.394246600000031 ], [ 26.091674499999975, 44.394246600000031 ], [ 26.091674499999975, 44.389246600000028 ], [ 26.096674499999974, 44.389246600000028 ] ] ] } },
{ "type": "Feature", "properties": { "cell_id": 587, "education": 0.95761530616785062, "health": 0.97240720565804584, "green": 0.8582574166327368, "groceries": 1.0, "transit": 0.94710950322764109, "culture": 0.86673318880496475, "services": 0.93699272101228037, "livability": 0.9341593345005027 }, "geometry": { "type": "Polygon", "coordinates": [ [ [ 26.096674499999974, 44.394246600000031 ], [ 26.096674499999974, 44.399246600000033 ], [ 26.091674499999975, 44.399246600000033 ], [ 26.091674499999975, 44.394246600000031 ], [ 26.096674499999974, 44.394246600000031 ] ] ] } },
{ "type": "Feature", "properties": { "cell_id": 588, "education": 0.83918571576252587, "health": 0.93630096769147764, "green": 0.85652863544808988, "groceries": 0.93650750393984439, "transit": 0.88653152365995036, "culture": 0.9374850802030964, "services": 0.9268936942567203, "livability": 0.90277616013738637 }, "geometry": { "type": "Polygon", "coordinates": [ [ [ 26.096674499999974, 44.399246600000033 ], [ 26.096674499999974, 44.404246600000036 ], [ 26.091674499999975, 44.404246600000036 ], [ 26.091674499999975, 44.399246600000033 ], [ 26.096674499999974, 44.399246600000033 ] ] ] } },
{ "type": "Feature", "properties": { "cell_id": 589, "education": 0.94636993400354452, "health": 0.98010650895785412, "green": 0.91499137528217223, "groceries": 0.98565909931703855, "transit": 0.95981928967257357, "culture": 0.98960045948871056, "services": 0.91440546153467894, "livability": 0.95585030403665328 }, "geometry": { "type": "Polygon", "coordinates": [ [ [ 26.096674499999974, 44.404246600000036 ], [ 26.096674499999974, 44.409246600000039 ], [ 26.091674499999975, 44.409246600000039 ], [ 26.091674499999975, 44.404246600000036 ], [ 26.096674499999974, 44.404246600000036 ] ] ] } },
{ "type": "Feature", "properties": { "cell_id": 590, "education": 0.83672631175185463, "health": 0.94078309925705805, "green": 0.96927321394844057, "groceries": 0.85779466337120047, "transit": 0.84390418117944543, "culture": 0.96842515322785361, "services": 0.93227645843094464, "livability": 0.90702615445239954 }, "geometry": { "type": "Polygon", "coordinates": [ [ [ 26.096674499999974, 44.409246600000039 ], [ 26.096674499999974, 44.414246600000041 ], [ 26.091674499999975, 44.414246600000041 ], [ 26.091674499999975, 44.409246600000039 ], [ 26.096674499999974, 44.409246600000039 ] ] ] } },
{ "type": "Feature", "properties": { "cell_id": 591, "education": 0.86022474836438223, "health": 0.95067904038130691, "green": 0.992253888889297, "groceries": 0.93242404044490801, "transit": 0.92294759326877318, "culture": 0.97009379625537528, "services": 0.93748056296703763, "livability": 0.93801481008158294 }, "geometry": { "type": "Polygon", "coordinates": [ [ [ 26.096674499999974, 44.414246600000041 ], [ 26.096674499999974, 44.419246600000044 ], [ 26.091674499999975, 44.419246600000044 ], [ 26.091674499999975, 44.414246600000041 ], [ 26.096674499999974, 44.414246600000041 ] ] ] } },
{ "type": "Feature", "properties": { "cell_id": 592, "education": 0.91221519929148687, "health": 0.98890642668349238, "green": 0.96570292876237396, "groceries": 0.9484964082117181, "transit": 0.94335094671399611, "culture": 0.97701325083323209, "services": 0.9460270364969855, "livability": 0.95453031385618359 }, "geometry": { "type": "Polygon", "coordinates": [ [ [ 26.096674499999974, 44.419246600000044 ], [ 26.096674499999974, 44.424246600000046 ], [ 26.091674499999975, 44.424246600000046 ], [ 26.091674499999975, 44.419246600000044 ], [ 26.096674499999974, 44.419246600000044 ] ] ] } },
{ "type": "Feature", "properties": { "cell_id": 593, "education": 0.98271037018286733, "health": 0.96756188789902187, "green": 0.95458730237351253, "groceries": 0.90212150277192593, "transit": 0.82507973955849978, "culture": 0.95481825478848459, "services": 0.91651017273192037, "livability": 0.92905560432946166 }, "geometry": { "type": "Polygon", "coordinates": [ [ [ 26.096674499999974, 44.424246600000046 ], [ 26.096674499999974, 44.429246600000049 ], [ 26.091674499999975, 44.429246600000049 ], [ 26.091674499999975, 44.424246600000046 ], [ 26.096674499999974, 44.424246600000046 ] ] ] } },
{ "type": "Feature", "properties": { "cell_id": 594, "education": 0.86899446827107663, "health": 0.9596491071124148, "green": 0.96201074175341028, "groceries": 0.96020886512089276, "transit": 0.88384802039626009, "culture": 0.96359526324999323, "services": 0.97057453493467005, "livability": 0.93841157154838806 }, "geometry": { "type": "Polygon", "coordinates": [ [ [ 26.096674499999974, 44.429246600000049 ], [ 26.096674499999974, 44.434246600000051 ], [ 26.091674499999975, 44.434246600000051 ], [ 26.091674499999975, 44.429246600000049 ], [ 26.096674499999974, 44.429246600000049 ] ] ] } },
{ "type": "Feature", "properties": { "cell_id": 595, "education": 0.91802288018542932, "health": 0.97592111299564099, "green": 0.9680245126787731, "groceries": 0.96477460325679154, "transit": 0.92471417912291376, "culture": 0.99868520880521061, "services": 0.97496349949570438, "livability": 0.96072942807720907 }, "geometry": { "type": "Polygon", "coordinates": [ [ [ 26.096674499999974, 44.434246600000051 ], [ 26.096674499999974, 44.439246600000054 ], [ 26.091674499999975, 44.439246600000054 ], [ 26.091674499999975, 44.434246600000051 ], [ 26.096674499999974, 44.434246600000051 ] ] ] } },
{ "type": "Feature", "properties": { "cell_id": 596, "education": 0.97491725013036667, "health": 0.97060410463642754, "green": 0.96614325806029866, "groceries": 0.93973461028545213, "transit": 0.89730263439944491, "culture": 0.99866355075939306, "services": 0.98529377659623629, "livability": 0.96180845498108836 }, "geometry": { "type": "Polygon", "coordinates": [ [ [ 26.096674499999974, 44.439246600000054 ], [ 26.096674499999974, 44.444246600000056 ], [ 26.091674499999975, 44.444246600000056 ], [ 26.091674499999975, 44.439246600000054 ], [ 26.096674499999974, 44.439246600000054 ] ] ] } },
{ "type": "Feature", "properties": { "cell_id": 597, "education": 0.98686243322506406, "health": 0.99364132956227447, "green": 0.94524775494384805, "groceries": 0.96610584379274012, "transit": 0.97060019700329214, "culture": 0.9952774367296523, "services": 0.96623224579266975, "livability": 0.97485246300707717 }, "geometry": { "type": "Polygon", "coordinates": [ [ [ 26.096674499999974, 44.444246600000056 ], [ 26.096674499999974, 44.449246600000059 ], [ 26.091674499999975, 44.449246600000059 ], [ 26.091674499999975, 44.444246600000056 ], [ 26.096674499999974, 44.444246600000056 ] ] ] } },
{ "type": "Feature", "properties": { "cell_id": 598, "education": 0.86084870992529283, "health": 0.97069337434675962, "green": 0.83678109816673829, "groceries": 0.86751988073173303, "transit": 0.79813900750874289, "culture": 0.91659748962600551, "services": 0.92454321723306887, "livability": 0.88216039679119151 }, "geometry": { "type": "Polygon", "coordinates": [ [ [ 26.096674499999974, 44.449246600000059 ], [ 26.096674499999974, 44.454246600000062 ], [ 26.091674499999975, 44.454246600000062 ], [ 26.091674499999975, 44.449246600000059 ], [ 26.096674499999974, 44.449246600000059 ] ] ] } },
{ "type": "Feature", "properties": { "cell_id": 599, "education": 0.89056816501621727, "health": 0.97875373531484045, "green": 1.0, "groceries": 0.97291513036682686, "transit": 0.9422952250453378, "culture": 0.96650022413184977, "services": 0.98094031194414566, "livability": 0.9617103988313167 }, "geometry": { "type": "Polygon", "coordinates": [ [ [ 26.096674499999974, 44.454246600000062 ], [ 26.096674499999974, 44.459246600000064 ], [ 26.091674499999975, 44.459246600000064 ], [ 26.091674499999975, 44.454246600000062 ], [ 26.096674499999974, 44.454246600000062 ] ] ] } },
{ "type": "Feature", "properties": { "cell_id": 600, "education": 0.89823546755814143, "health": 0.96606049105624081, "green": 1.0, "groceries": 0.93955652999665029, "transit": 0.89198048790698659, "culture": 0.97094083665994502, "services": 0.95199202851118048, "livability": 0.94553797738416345 }, "geometry": { "type": "Polygon", "coordinates": [ [ [ 26.096674499999974, 44.459246600000064 ], [ 26.096674499999974, 44.464246600000067 ], [ 26.091674499999975, 44.464246600000067 ], [ 26.091674499999975, 44.459246600000064 ], [ 26.096674499999974, 44.459246600000064 ] ] ] } },
{ "type": "Feature", "properties": { "cell_id": 601, "education": 0.86336617361722867, "health": 0.97827886668272379, "green": 0.84998114772234756, "groceries": 0.87165527596351489, "transit": 0.85296412769772989, "culture": 0.98093632902146299, "services": 0.84992670008814941, "livability": 0.89244408868473668 }, "geometry": { "type": "Polygon", "coordinates": [ [ [ 26.096674499999974, 44.464246600000067 ], [ 26.096674499999974, 44.469246600000069 ], [ 26.091674499999975, 44.469246600000069 ], [ 26.091674499999975, 44.464246600000067 ], [ 26.096674499999974, 44.464246600000067 ] ] ] } },
{ "type": "Feature", "properties": { "cell_id": 602, "education": 0.8238051295550719, "health": 0.92677611501499568, "green": 0.87083109385991153, "groceries": 0.76435214887894765, "transit": 0.67301281480023356, "culture": 0.92906452261357819, "services": 0.83283305128432117, "livability": 0.83152498228672278 }, "geometry": { "type": "Polygon", "coordinates": [ [ [ 26.096674499999974, 44.469246600000069 ], [ 26.096674499999974, 44.474246600000072 ], [ 26.091674499999975, 44.474246600000072 ], [ 26.091674499999975, 44.469246600000069 ], [ 26.096674499999974, 44.469246600000069 ] ] ] } },
{ "type": "Feature", "properties": { "cell_id": 603, "education": 0.90084779620008792, "health": 0.96255994631493613, "green": 0.87492106041548223, "groceries": 0.97592629498273376, "transit": 0.84074176446628968, "culture": 0.97873134013702867, "services": 0.93193139359408705, "livability": 0.92366565658723498 }, "geometry": { "type": "Polygon", "coordinates": [ [ [ 26.096674499999974, 44.474246600000072 ], [ 26.096674499999974, 44.479246600000074 ], [ 26.091674499999975, 44.479246600000074 ], [ 26.091674499999975, 44.474246600000072 ], [ 26.096674499999974, 44.474246600000072 ] ] ] } },
{ "type": "Feature", "properties": { "cell_id": 604, "education": 0.91402734966978294, "health": 0.96443843240505833, "green": 0.8671768212672839, "groceries": 0.95600319990912386, "transit": 0.85818917713839682, "culture": 0.9587562233754886, "services": 0.9517072870185278, "livability": 0.9243283558262374 }, "geometry": { "type": "Polygon", "coordinates": [ [ [ 26.096674499999974, 44.479246600000074 ], [ 26.096674499999974, 44.484246600000077 ], [ 26.091674499999975, 44.484246600000077 ], [ 26.091674499999975, 44.479246600000074 ], [ 26.096674499999974, 44.479246600000074 ] ] ] } },
{ "type": "Feature", "properties": { "cell_id": 605, "education": 0.85792700623755025, "health": 0.95872155682574889, "green": 0.95748588141087332, "groceries": 0.92088415375924804, "transit": 0.95690737885150767, "culture": 0.94302730470890361, "services": 0.96346105084124989, "livability": 0.93691633323358292 }, "geometry": { "type": "Polygon", "coordinates": [ [ [ 26.096674499999974, 44.484246600000077 ], [ 26.096674499999974, 44.489246600000079 ], [ 26.091674499999975, 44.489246600000079 ], [ 26.091674499999975, 44.484246600000077 ], [ 26.096674499999974, 44.484246600000077 ] ] ] } },
{ "type": "Feature", "properties": { "cell_id": 606, "education": 0.93840297410137319, "health": 0.94627728200994021, "green": 0.7744510791838195, "groceries": 0.78877711680594609, "transit": 0.64539007404523097, "culture": 0.84831799977205202, "services": 0.97205337201896624, "livability": 0.84480998541961827 }, "geometry": { "type": "Polygon", "coordinates": [ [ [ 26.096674499999974, 44.489246600000079 ], [ 26.096674499999974, 44.494246600000082 ], [ 26.091674499999975, 44.494246600000082 ], [ 26.091674499999975, 44.489246600000079 ], [ 26.096674499999974, 44.489246600000079 ] ] ] } },
{ "type": "Feature", "properties": { "cell_id": 607, "education": 0.53518812779064984, "health": 0.73007395865016966, "green": 0.31779721423402929, "groceries": 0.40774036354987875, "transit": 0.82108177503758117, "culture": 0.57193036051417989, "services": 0.73652540975499781, "livability": 0.58861960136164093 }, "geometry": { "type": "Polygon", "coordinates": [ [ [ 26.096674499999974, 44.494246600000082 ], [ 26.096674499999974, 44.499246600000085 ], [ 26.091674499999975, 44.499246600000085 ], [ 26.091674499999975, 44.494246600000082 ], [ 26.096674499999974, 44.494246600000082 ] ] ] } },
{ "type": "Feature", "properties": { "cell_id": 608, "education": 0.49693809830399016, "health": 0.87754146276391753, "green": 0.65762254909354512, "groceries": 0.82771814895086437, "transit": 0.61123978715152572, "culture": 0.89427399194136692, "services": 0.88110703121902589, "livability": 0.74949158134631932 }, "geometry": { "type": "Polygon", "coordinates": [ [ [ 26.096674499999974, 44.499246600000085 ], [ 26.096674499999974, 44.504246600000087 ], [ 26.091674499999975, 44.504246600000087 ], [ 26.091674499999975, 44.499246600000085 ], [ 26.096674499999974, 44.499246600000085 ] ] ] } },
{ "type": "Feature", "properties": { "cell_id": 609, "education": 0.46147614497525502, "health": 0.85357621471551348, "green": 0.70153256946660592, "groceries": 0.79129661188405975, "transit": 0.54615026361133501, "culture": 0.86786231400124403, "services": 0.85547710778170538, "livability": 0.72533874663367404 }, "geometry": { "type": "Polygon", "coordinates": [ [ [ 26.096674499999974, 44.504246600000087 ], [ 26.096674499999974, 44.50924660000009 ], [ 26.091674499999975, 44.50924660000009 ], [ 26.091674499999975, 44.504246600000087 ], [ 26.096674499999974, 44.504246600000087 ] ] ] } },
{ "type": "Feature", "properties": { "cell_id": 610, "education": 0.56878368200792795, "health": 0.81945234506602005, "green": 0.88052038227268981, "groceries": 0.71511578664059616, "transit": 0.65208058232149035, "culture": 0.82473989625678767, "services": 0.86509232719447327, "livability": 0.76082642882285501 }, "geometry": { "type": "Polygon", "coordinates": [ [ [ 26.096674499999974, 44.50924660000009 ], [ 26.096674499999974, 44.514246600000092 ], [ 26.091674499999975, 44.514246600000092 ], [ 26.091674499999975, 44.50924660000009 ], [ 26.096674499999974, 44.50924660000009 ] ] ] } },
{ "type": "Feature", "properties": { "cell_id": 611, "education": 0.67898552948119617, "health": 0.81602096119732348, "green": 0.90726330820435852, "groceries": 0.6501828123613711, "transit": 0.93210098258754692, "culture": 0.94295398040248946, "services": 0.81939883665667679, "livability": 0.82098663012728024 }, "geometry": { "type": "Polygon", "coordinates": [ [ [ 26.096674499999974, 44.514246600000092 ], [ 26.096674499999974, 44.519246600000095 ], [ 26.091674499999975, 44.519246600000095 ], [ 26.091674499999975, 44.514246600000092 ], [ 26.096674499999974, 44.514246600000092 ] ] ] } },
{ "type": "Feature", "properties": { "cell_id": 612, "education": 0.63837224204395637, "health": 0.75382547161734237, "green": 0.86220511574173297, "groceries": 0.65308646494998879, "transit": 0.73112369982135816, "culture": 0.91993207493165507, "services": 0.76344348824998787, "livability": 0.76028407962228872 }, "geometry": { "type": "Polygon", "coordinates": [ [ [ 26.096674499999974, 44.519246600000095 ], [ 26.096674499999974, 44.524246600000097 ], [ 26.091674499999975, 44.524246600000097 ], [ 26.091674499999975, 44.519246600000095 ], [ 26.096674499999974, 44.519246600000095 ] ] ] } },
{ "type": "Feature", "properties": { "cell_id": 613, "education": 0.80087182912351129, "health": 0.868998276118225, "green": 0.74498255779741873, "groceries": 0.8281220230941938, "transit": 0.52071865695741115, "culture": 0.87535985198237254, "services": 0.87568134193473202, "livability": 0.78781921957255208 }, "geometry": { "type": "Polygon", "coordinates": [ [ [ 26.096674499999974, 44.524246600000097 ], [ 26.096674499999974, 44.5292466000001 ], [ 26.091674499999975, 44.5292466000001 ], [ 26.091674499999975, 44.524246600000097 ], [ 26.096674499999974, 44.524246600000097 ] ] ] } },
{ "type": "Feature", "properties": { "cell_id": 614, "education": 0.87663469601669719, "health": 0.92582987076619705, "green": 0.88479906167530442, "groceries": 0.91175939214947244, "transit": 0.69621243808072086, "culture": 0.93601086874741046, "services": 0.96006827960799845, "livability": 0.88447351529197149 }, "geometry": { "type": "Polygon", "coordinates": [ [ [ 26.096674499999974, 44.5292466000001 ], [ 26.096674499999974, 44.534246600000102 ], [ 26.091674499999975, 44.534246600000102 ], [ 26.091674499999975, 44.5292466000001 ], [ 26.096674499999974, 44.5292466000001 ] ] ] } },
{ "type": "Feature", "properties": { "cell_id": 615, "education": 0.81968280657942105, "health": 0.9212055685029471, "green": 0.93158843108151124, "groceries": 0.88846395735041561, "transit": 0.86602541724093385, "culture": 0.9250956191586287, "services": 0.92221322770713443, "livability": 0.89632500394585579 }, "geometry": { "type": "Polygon", "coordinates": [ [ [ 26.096674499999974, 44.534246600000102 ], [ 26.096674499999974, 44.539246600000105 ], [ 26.091674499999975, 44.539246600000105 ], [ 26.091674499999975, 44.534246600000102 ], [ 26.096674499999974, 44.534246600000102 ] ] ] } },
{ "type": "Feature", "properties": { "cell_id": 616, "education": 0.78512784148567105, "health": 0.84644939154244003, "green": 0.78619891886407234, "groceries": 0.91026937941360941, "transit": 0.91627505327896053, "culture": 0.85792820132395464, "services": 0.77756148543904868, "livability": 0.83997289590682234 }, "geometry": { "type": "Polygon", "coordinates": [ [ [ 26.101674499999973, 44.369246600000018 ], [ 26.101674499999973, 44.374246600000021 ], [ 26.096674499999974, 44.374246600000021 ], [ 26.096674499999974, 44.369246600000018 ], [ 26.101674499999973, 44.369246600000018 ] ] ] } },
{ "type": "Feature", "properties": { "cell_id": 617, "education": 0.95020774422442555, "health": 0.94256163606231647, "green": 0.883777985057972, "groceries": 0.94939588292019317, "transit": 0.93375005610895423, "culture": 0.95252106019638483, "services": 0.86763114018897813, "livability": 0.9256922149656035 }, "geometry": { "type": "Polygon", "coordinates": [ [ [ 26.101674499999973, 44.374246600000021 ], [ 26.101674499999973, 44.379246600000023 ], [ 26.096674499999974, 44.379246600000023 ], [ 26.096674499999974, 44.374246600000021 ], [ 26.101674499999973, 44.374246600000021 ] ] ] } },
{ "type": "Feature", "properties": { "cell_id": 618, "education": 0.96280500190733231, "health": 0.97632447744243622, "green": 0.94778882751810711, "groceries": 0.96603121114802937, "transit": 0.90620102116719847, "culture": 0.96997932770738859, "services": 0.94123300379693331, "livability": 0.95290898152677506 }, "geometry": { "type": "Polygon", "coordinates": [ [ [ 26.101674499999973, 44.379246600000023 ], [ 26.101674499999973, 44.384246600000026 ], [ 26.096674499999974, 44.384246600000026 ], [ 26.096674499999974, 44.379246600000023 ], [ 26.101674499999973, 44.379246600000023 ] ] ] } },
{ "type": "Feature", "properties": { "cell_id": 619, "education": 0.94978639904302209, "health": 0.94662001294890685, "green": 0.9731964847181106, "groceries": 0.94880425352122366, "transit": 0.85370360527919864, "culture": 0.92310839665807087, "services": 0.92538429738942629, "livability": 0.93151477850827979 }, "geometry": { "type": "Polygon", "coordinates": [ [ [ 26.101674499999973, 44.384246600000026 ], [ 26.101674499999973, 44.389246600000028 ], [ 26.096674499999974, 44.389246600000028 ], [ 26.096674499999974, 44.384246600000026 ], [ 26.101674499999973, 44.384246600000026 ] ] ] } },
{ "type": "Feature", "properties": { "cell_id": 620, "education": 0.89926461848859574, "health": 0.9196365618438469, "green": 0.8753558194365133, "groceries": 0.92041374081122584, "transit": 0.74937798471744266, "culture": 0.96991789719806665, "services": 0.88977553085841288, "livability": 0.88910602190772903 }, "geometry": { "type": "Polygon", "coordinates": [ [ [ 26.101674499999973, 44.389246600000028 ], [ 26.101674499999973, 44.394246600000031 ], [ 26.096674499999974, 44.394246600000031 ], [ 26.096674499999974, 44.389246600000028 ], [ 26.101674499999973, 44.389246600000028 ] ] ] } },
{ "type": "Feature", "properties": { "cell_id": 621, "education": 0.81361688924696007, "health": 0.96459651283244208, "green": 0.82410060534650453, "groceries": 0.85448598775398565, "transit": 0.91578095950709748, "culture": 0.86227298627222471, "services": 0.89732894725765178, "livability": 0.87602612688812376 }, "geometry": { "type": "Polygon", "coordinates": [ [ [ 26.101674499999973, 44.394246600000031 ], [ 26.101674499999973, 44.399246600000033 ], [ 26.096674499999974, 44.399246600000033 ], [ 26.096674499999974, 44.394246600000031 ], [ 26.101674499999973, 44.394246600000031 ] ] ] } },
{ "type": "Feature", "properties": { "cell_id": 622, "education": 0.94162055947361378, "health": 0.96036377204173962, "green": 0.96985225081450621, "groceries": 0.93123465115667714, "transit": 0.9701688704442567, "culture": 0.96788853250495888, "services": 0.96883899405317064, "livability": 0.9585668043555603 }, "geometry": { "type": "Polygon", "coordinates": [ [ [ 26.101674499999973, 44.399246600000033 ], [ 26.101674499999973, 44.404246600000036 ], [ 26.096674499999974, 44.404246600000036 ], [ 26.096674499999974, 44.399246600000033 ], [ 26.101674499999973, 44.399246600000033 ] ] ] } },
{ "type": "Feature", "properties": { "cell_id": 623, "education": 0.82412526160921173, "health": 0.93739396405979725, "green": 0.8794216631499121, "groceries": 0.86699137319363295, "transit": 0.83798567712595473, "culture": 0.90406829174046821, "services": 0.93103228303782881, "livability": 0.88300264484525792 }, "geometry": { "type": "Polygon", "coordinates": [ [ [ 26.101674499999973, 44.404246600000036 ], [ 26.101674499999973, 44.409246600000039 ], [ 26.096674499999974, 44.409246600000039 ], [ 26.096674499999974, 44.404246600000036 ], [ 26.101674499999973, 44.404246600000036 ] ] ] } },
{ "type": "Feature", "properties": { "cell_id": 624, "education": 0.8811929464212106, "health": 0.95094012700050945, "green": 0.97180791076990403, "groceries": 0.88239867802328853, "transit": 0.86675356950074423, "culture": 0.95429793807321528, "services": 0.95910890141674243, "livability": 0.92378572445794482 }, "geometry": { "type": "Polygon", "coordinates": [ [ [ 26.101674499999973, 44.409246600000039 ], [ 26.101674499999973, 44.414246600000041 ], [ 26.096674499999974, 44.414246600000041 ], [ 26.096674499999974, 44.409246600000039 ], [ 26.101674499999973, 44.409246600000039 ] ] ] } },
{ "type": "Feature", "properties": { "cell_id": 625, "education": 0.94771011189214005, "health": 0.90901212707020285, "green": 0.86563234074538464, "groceries": 0.9349322913726531, "transit": 0.74201195143710841, "culture": 0.95281507857795589, "services": 0.89281069351198261, "livability": 0.89213208494391805 }, "geometry": { "type": "Polygon", "coordinates": [ [ [ 26.101674499999973, 44.414246600000041 ], [ 26.101674499999973, 44.419246600000044 ], [ 26.096674499999974, 44.419246600000044 ], [ 26.096674499999974, 44.414246600000041 ], [ 26.101674499999973, 44.414246600000041 ] ] ] } },
{ "type": "Feature", "properties": { "cell_id": 626, "education": 0.90143515957299669, "health": 0.94397382962913035, "green": 0.85258375443675249, "groceries": 0.92526540851686501, "transit": 0.8120706470676986, "culture": 1.0, "services": 0.93021391593556713, "livability": 0.90936324502271582 }, "geometry": { "type": "Polygon", "coordinates": [ [ [ 26.101674499999973, 44.419246600000044 ], [ 26.101674499999973, 44.424246600000046 ], [ 26.096674499999974, 44.424246600000046 ], [ 26.096674499999974, 44.419246600000044 ], [ 26.101674499999973, 44.419246600000044 ] ] ] } },
{ "type": "Feature", "properties": { "cell_id": 627, "education": 0.91061685984210827, "health": 0.98349900778900978, "green": 0.96976626727597981, "groceries": 0.99660317904163487, "transit": 0.95518336723306851, "culture": 0.9793563684165193, "services": 0.98235281495299764, "livability": 0.96819683779304533 }, "geometry": { "type": "Polygon", "coordinates": [ [ [ 26.101674499999973, 44.424246600000046 ], [ 26.101674499999973, 44.429246600000049 ], [ 26.096674499999974, 44.429246600000049 ], [ 26.096674499999974, 44.424246600000046 ], [ 26.101674499999973, 44.424246600000046 ] ] ] } },
{ "type": "Feature", "properties": { "cell_id": 628, "education": 0.97141122187810558, "health": 0.98563919317683524, "green": 0.89011324241327061, "groceries": 0.9559390863490288, "transit": 0.91879252146857826, "culture": 1.0, "services": 0.98332668505567489, "livability": 0.95788885004878466 }, "geometry": { "type": "Polygon", "coordinates": [ [ [ 26.101674499999973, 44.429246600000049 ], [ 26.101674499999973, 44.434246600000051 ], [ 26.096674499999974, 44.434246600000051 ], [ 26.096674499999974, 44.429246600000049 ], [ 26.101674499999973, 44.429246600000049 ] ] ] } },
{ "type": "Feature", "properties": { "cell_id": 629, "education": 0.98452237010602695, "health": 0.98106362446017403, "green": 0.97476359249634692, "groceries": 0.97122116565446392, "transit": 0.92295292063108259, "culture": 0.99565375869132966, "services": 0.97465370846799593, "livability": 0.97211873435820284 }, "geometry": { "type": "Polygon", "coordinates": [ [ [ 26.101674499999973, 44.434246600000051 ], [ 26.101674499999973, 44.439246600000054 ], [ 26.096674499999974, 44.439246600000054 ], [ 26.096674499999974, 44.434246600000051 ], [ 26.101674499999973, 44.434246600000051 ] ] ] } },
{ "type": "Feature", "properties": { "cell_id": 630, "education": 0.94590877671704843, "health": 0.97721336616430299, "green": 0.98606988255259653, "groceries": 0.94967914022166977, "transit": 0.88961795493537998, "culture": 0.99560024814466108, "services": 0.99186910321114596, "livability": 0.96227978170668627 }, "geometry": { "type": "Polygon", "coordinates": [ [ [ 26.101674499999973, 44.439246600000054 ], [ 26.101674499999973, 44.444246600000056 ], [ 26.096674499999974, 44.444246600000056 ], [ 26.096674499999974, 44.439246600000054 ], [ 26.101674499999973, 44.439246600000054 ] ] ] } },
{ "type": "Feature", "properties": { "cell_id": 631, "education": 0.94641034207231522, "health": 0.97252809229844572, "green": 0.96127052314026618, "groceries": 0.97469674160325659, "transit": 0.9112585542669438, "culture": 0.97286855085283597, "services": 1.0, "livability": 0.9627189720334377 }, "geometry": { "type": "Polygon", "coordinates": [ [ [ 26.101674499999973, 44.444246600000056 ], [ 26.101674499999973, 44.449246600000059 ], [ 26.096674499999974, 44.449246600000059 ], [ 26.096674499999974, 44.444246600000056 ], [ 26.101674499999973, 44.444246600000056 ] ] ] } },
{ "type": "Feature", "properties": { "cell_id": 632, "education": 0.91631132886313804, "health": 0.98371256114953876, "green": 0.94806591544195085, "groceries": 0.96351652600344972, "transit": 0.93133088909780848, "culture": 0.99211854087734286, "services": 0.98816927605920457, "livability": 0.96046071964177615 }, "geometry": { "type": "Polygon", "coordinates": [ [ [ 26.101674499999973, 44.449246600000059 ], [ 26.101674499999973, 44.454246600000062 ], [ 26.096674499999974, 44.454246600000062 ], [ 26.096674499999974, 44.449246600000059 ], [ 26.101674499999973, 44.449246600000059 ] ] ] } },
{ "type": "Feature", "properties": { "cell_id": 633, "education": 0.84235741707511613, "health": 0.96436927592343824, "green": 0.86918469420326927, "groceries": 0.95807345456723436, "transit": 0.89404623458636179, "culture": 0.98676128801656526, "services": 0.97049618890432521, "livability": 0.92646979332518709 }, "geometry": { "type": "Polygon", "coordinates": [ [ [ 26.101674499999973, 44.454246600000062 ], [ 26.101674499999973, 44.459246600000064 ], [ 26.096674499999974, 44.459246600000064 ], [ 26.096674499999974, 44.454246600000062 ], [ 26.101674499999973, 44.454246600000062 ] ] ] } },
{ "type": "Feature", "properties": { "cell_id": 634, "education": 0.9169620031822433, "health": 0.95611194908727015, "green": 0.90441660291483306, "groceries": 0.92586076754326141, "transit": 0.86750456721820257, "culture": 0.99464719296773629, "services": 0.94782804338865245, "livability": 0.93047587518602837 }, "geometry": { "type": "Polygon", "coordinates": [ [ [ 26.101674499999973, 44.459246600000064 ], [ 26.101674499999973, 44.464246600000067 ], [ 26.096674499999974, 44.464246600000067 ], [ 26.096674499999974, 44.459246600000064 ], [ 26.101674499999973, 44.459246600000064 ] ] ] } },
{ "type": "Feature", "properties": { "cell_id": 635, "education": 0.86296523107766776, "health": 0.97465576698727097, "green": 0.91124050675112733, "groceries": 0.90870333666271674, "transit": 0.95649074725300842, "culture": 0.99452998686550331, "services": 0.89700421312959056, "livability": 0.92936996981812636 }, "geometry": { "type": "Polygon", "coordinates": [ [ [ 26.101674499999973, 44.464246600000067 ], [ 26.101674499999973, 44.469246600000069 ], [ 26.096674499999974, 44.469246600000069 ], [ 26.096674499999974, 44.464246600000067 ], [ 26.101674499999973, 44.464246600000067 ] ] ] } },
{ "type": "Feature", "properties": { "cell_id": 636, "education": 0.72579452544296119, "health": 0.85113138286124734, "green": 0.97644543407745854, "groceries": 0.79863355537318115, "transit": 0.73739303151927538, "culture": 0.9558778153347115, "services": 0.84493935835368417, "livability": 0.84145930042321693 }, "geometry": { "type": "Polygon", "coordinates": [ [ [ 26.101674499999973, 44.469246600000069 ], [ 26.101674499999973, 44.474246600000072 ], [ 26.096674499999974, 44.474246600000072 ], [ 26.096674499999974, 44.469246600000069 ], [ 26.101674499999973, 44.469246600000069 ] ] ] } },
{ "type": "Feature", "properties": { "cell_id": 637, "education": 0.85800693927396565, "health": 0.93977897023142098, "green": 1.0, "groceries": 0.93778465606918093, "transit": 0.87372929572150249, "culture": 0.97394378305780005, "services": 0.930214959203578, "livability": 0.93049408622249252 }, "geometry": { "type": "Polygon", "coordinates": [ [ [ 26.101674499999973, 44.474246600000072 ], [ 26.101674499999973, 44.479246600000074 ], [ 26.096674499999974, 44.479246600000074 ], [ 26.096674499999974, 44.474246600000072 ], [ 26.101674499999973, 44.474246600000072 ] ] ] } },
{ "type": "Feature", "properties": { "cell_id": 638, "education": 1.0, "health": 0.94254719431507694, "green": 0.95610288095719009, "groceries": 0.94140622441347188, "transit": 0.89362983745144242, "culture": 0.90831865342840934, "services": 0.93558546284955713, "livability": 0.93965575048787819 }, "geometry": { "type": "Polygon", "coordinates": [ [ [ 26.101674499999973, 44.479246600000074 ], [ 26.101674499999973, 44.484246600000077 ], [ 26.096674499999974, 44.484246600000077 ], [ 26.096674499999974, 44.479246600000074 ], [ 26.101674499999973, 44.479246600000074 ] ] ] } },
{ "type": "Feature", "properties": { "cell_id": 639, "education": 0.78150348630788724, "health": 0.92610918236844042, "green": 0.96694340895037867, "groceries": 0.899448987625318, "transit": 0.82751366532878456, "culture": 0.88176553552038384, "services": 0.93593677520585961, "livability": 0.88846014875815038 }, "geometry": { "type": "Polygon", "coordinates": [ [ [ 26.101674499999973, 44.484246600000077 ], [ 26.101674499999973, 44.489246600000079 ], [ 26.096674499999974, 44.489246600000079 ], [ 26.096674499999974, 44.484246600000077 ], [ 26.101674499999973, 44.484246600000077 ] ] ] } },
{ "type": "Feature", "properties": { "cell_id": 640, "education": 0.82676196427659931, "health": 0.92712005058522617, "green": 0.67883240543358436, "groceries": 0.70720405058480451, "transit": 0.66374030434736553, "culture": 0.78909138922696742, "services": 0.94725872825511737, "livability": 0.79142984181566634 }, "geometry": { "type": "Polygon", "coordinates": [ [ [ 26.101674499999973, 44.489246600000079 ], [ 26.101674499999973, 44.494246600000082 ], [ 26.096674499999974, 44.494246600000082 ], [ 26.096674499999974, 44.489246600000079 ], [ 26.101674499999973, 44.489246600000079 ] ] ] } },
{ "type": "Feature", "properties": { "cell_id": 641, "education": 0.61123819675050084, "health": 0.78146872390254618, "green": 0.41196461799894935, "groceries": 0.48584831152097474, "transit": 0.89660331302264029, "culture": 0.62857162643858511, "services": 0.79149016104140002, "livability": 0.65816927866794228 }, "geometry": { "type": "Polygon", "coordinates": [ [ [ 26.101674499999973, 44.494246600000082 ], [ 26.101674499999973, 44.499246600000085 ], [ 26.096674499999974, 44.499246600000085 ], [ 26.096674499999974, 44.494246600000082 ], [ 26.101674499999973, 44.494246600000082 ] ] ] } },
{ "type": "Feature", "properties": { "cell_id": 642, "education": 0.52874299044399087, "health": 0.83135904385087289, "green": 0.52465638062008657, "groceries": 0.75753174074516394, "transit": 0.4858085111258329, "culture": 0.84337716114856387, "services": 0.83171668656242548, "livability": 0.68617035921384806 }, "geometry": { "type": "Polygon", "coordinates": [ [ [ 26.101674499999973, 44.499246600000085 ], [ 26.101674499999973, 44.504246600000087 ], [ 26.096674499999974, 44.504246600000087 ], [ 26.096674499999974, 44.499246600000085 ], [ 26.101674499999973, 44.499246600000085 ] ] ] } },
{ "type": "Feature", "properties": { "cell_id": 643, "education": 0.3821187861001476, "health": 0.79994637734366392, "green": 0.51544994254380316, "groceries": 0.70979188029186613, "transit": 0.40049182706934172, "culture": 0.80875781444482153, "services": 0.79812203167232265, "livability": 0.6306683799237095 }, "geometry": { "type": "Polygon", "coordinates": [ [ [ 26.101674499999973, 44.504246600000087 ], [ 26.101674499999973, 44.50924660000009 ], [ 26.096674499999974, 44.50924660000009 ], [ 26.096674499999974, 44.504246600000087 ], [ 26.101674499999973, 44.504246600000087 ] ] ] } },
{ "type": "Feature", "properties": { "cell_id": 644, "education": 0.45952757148485646, "health": 0.7456168807525636, "green": 0.74523629359103039, "groceries": 0.60290325727700567, "transit": 0.4515437390213578, "culture": 0.74336713098986162, "services": 0.78612809976437525, "livability": 0.647760424697293 }, "geometry": { "type": "Polygon", "coordinates": [ [ [ 26.101674499999973, 44.50924660000009 ], [ 26.101674499999973, 44.514246600000092 ], [ 26.096674499999974, 44.514246600000092 ], [ 26.096674499999974, 44.50924660000009 ], [ 26.101674499999973, 44.50924660000009 ] ] ] } },
{ "type": "Feature", "properties": { "cell_id": 645, "education": 0.61331790873338132, "health": 0.7716426720100017, "green": 0.82834788652890967, "groceries": 0.58273825675598712, "transit": 0.8373203909987158, "culture": 0.94617447829900381, "services": 0.77193794028485452, "livability": 0.76449707623012197 }, "geometry": { "type": "Polygon", "coordinates": [ [ [ 26.101674499999973, 44.514246600000092 ], [ 26.101674499999973, 44.519246600000095 ], [ 26.096674499999974, 44.519246600000095 ], [ 26.096674499999974, 44.514246600000092 ], [ 26.101674499999973, 44.514246600000092 ] ] ] } },
{ "type": "Feature", "properties": { "cell_id": 646, "education": 0.72307127449511477, "health": 0.78009886905118664, "green": 0.72948281330098985, "groceries": 0.6930158458842024, "transit": 0.62113603106387327, "culture": 0.84529279234012811, "services": 0.7693529947610348, "livability": 0.73735008869950414 }, "geometry": { "type": "Polygon", "coordinates": [ [ [ 26.101674499999973, 44.519246600000095 ], [ 26.101674499999973, 44.524246600000097 ], [ 26.096674499999974, 44.524246600000097 ], [ 26.096674499999974, 44.519246600000095 ], [ 26.101674499999973, 44.519246600000095 ] ] ] } },
{ "type": "Feature", "properties": { "cell_id": 647, "education": 0.82997709847508583, "health": 0.87026141705244942, "green": 0.80963445411684032, "groceries": 0.83004170004740252, "transit": 0.43705756364394033, "culture": 0.87675193736702361, "services": 0.86577841867146987, "livability": 0.78850036991060157 }, "geometry": { "type": "Polygon", "coordinates": [ [ [ 26.101674499999973, 44.524246600000097 ], [ 26.101674499999973, 44.5292466000001 ], [ 26.096674499999974, 44.5292466000001 ], [ 26.096674499999974, 44.524246600000097 ], [ 26.101674499999973, 44.524246600000097 ] ] ] } },
{ "type": "Feature", "properties": { "cell_id": 648, "education": 0.99085034613933176, "health": 0.96389507671991981, "green": 0.99175044015008795, "groceries": 0.9242244548268721, "transit": 0.6102577919029839, "culture": 0.94505011440953246, "services": 0.92377391979054346, "livability": 0.90711459199132438 }, "geometry": { "type": "Polygon", "coordinates": [ [ [ 26.101674499999973, 44.5292466000001 ], [ 26.101674499999973, 44.534246600000102 ], [ 26.096674499999974, 44.534246600000102 ], [ 26.096674499999974, 44.5292466000001 ], [ 26.101674499999973, 44.5292466000001 ] ] ] } },
{ "type": "Feature", "properties": { "cell_id": 649, "education": 0.82319206205352269, "health": 0.9479979939188683, "green": 0.90053359263501664, "groceries": 0.9209691888768804, "transit": 0.86062224836012979, "culture": 0.94379639253008962, "services": 0.94545995299425056, "livability": 0.90608163305267975 }, "geometry": { "type": "Polygon", "coordinates": [ [ [ 26.101674499999973, 44.534246600000102 ], [ 26.101674499999973, 44.539246600000105 ], [ 26.096674499999974, 44.539246600000105 ], [ 26.096674499999974, 44.534246600000102 ], [ 26.101674499999973, 44.534246600000102 ] ] ] } },
{ "type": "Feature", "properties": { "cell_id": 650, "education": 0.81455408334203783, "health": 0.85980724562872179, "green": 0.75287733901092591, "groceries": 0.83231522719099105, "transit": 0.88089345576666644, "culture": 0.87924102569355356, "services": 0.76055899981812058, "livability": 0.82574962520728812 }, "geometry": { "type": "Polygon", "coordinates": [ [ [ 26.106674499999972, 44.369246600000018 ], [ 26.106674499999972, 44.374246600000021 ], [ 26.101674499999973, 44.374246600000021 ], [ 26.101674499999973, 44.369246600000018 ], [ 26.106674499999972, 44.369246600000018 ] ] ] } },
{ "type": "Feature", "properties": { "cell_id": 651, "education": 0.94990365670620946, "health": 0.95715600875646401, "green": 0.91698728599132395, "groceries": 0.96482331457651727, "transit": 0.93058668113955012, "culture": 0.97449104674791931, "services": 0.8646698081286579, "livability": 0.93694540029237738 }, "geometry": { "type": "Polygon", "coordinates": [ [ [ 26.106674499999972, 44.374246600000021 ], [ 26.106674499999972, 44.379246600000023 ], [ 26.101674499999973, 44.379246600000023 ], [ 26.101674499999973, 44.374246600000021 ], [ 26.106674499999972, 44.374246600000021 ] ] ] } },
{ "type": "Feature", "properties": { "cell_id": 652, "education": 0.92078341266501151, "health": 0.97679166551849517, "green": 1.0, "groceries": 0.96472879342330797, "transit": 0.7938871017894209, "culture": 0.93179946033176719, "services": 0.93381811583332475, "livability": 0.93168693565161809 }, "geometry": { "type": "Polygon", "coordinates": [ [ [ 26.106674499999972, 44.379246600000023 ], [ 26.106674499999972, 44.384246600000026 ], [ 26.101674499999973, 44.384246600000026 ], [ 26.101674499999973, 44.379246600000023 ], [ 26.106674499999972, 44.379246600000023 ] ] ] } },
{ "type": "Feature", "properties": { "cell_id": 653, "education": 0.96155987564909207, "health": 0.97309569001096308, "green": 0.97621723826141482, "groceries": 0.94633386598105096, "transit": 0.9269279952860483, "culture": 0.95685276619923587, "services": 0.9463856632363038, "livability": 0.95533901351772976 }, "geometry": { "type": "Polygon", "coordinates": [ [ [ 26.106674499999972, 44.384246600000026 ], [ 26.106674499999972, 44.389246600000028 ], [ 26.101674499999973, 44.389246600000028 ], [ 26.101674499999973, 44.384246600000026 ], [ 26.106674499999972, 44.384246600000026 ] ] ] } },
{ "type": "Feature", "properties": { "cell_id": 654, "education": 0.94792710603889985, "health": 0.92802628018196076, "green": 0.92539231911510078, "groceries": 0.96383495591728297, "transit": 0.79555935296767788, "culture": 0.94620013882609533, "services": 0.89328153483219452, "livability": 0.91431738398274454 }, "geometry": { "type": "Polygon", "coordinates": [ [ [ 26.106674499999972, 44.389246600000028 ], [ 26.106674499999972, 44.394246600000031 ], [ 26.101674499999973, 44.394246600000031 ], [ 26.101674499999973, 44.389246600000028 ], [ 26.106674499999972, 44.389246600000028 ] ] ] } },
{ "type": "Feature", "properties": { "cell_id": 655, "education": 0.98312296001518706, "health": 0.96164979159221198, "green": 0.89169804317819135, "groceries": 0.94171670853467571, "transit": 0.83377691007368082, "culture": 0.97479530727409136, "services": 0.9581986808903008, "livability": 0.93499405736547692 }, "geometry": { "type": "Polygon", "coordinates": [ [ [ 26.106674499999972, 44.394246600000031 ], [ 26.106674499999972, 44.399246600000033 ], [ 26.101674499999973, 44.399246600000033 ], [ 26.101674499999973, 44.394246600000031 ], [ 26.106674499999972, 44.394246600000031 ] ] ] } },
{ "type": "Feature", "properties": { "cell_id": 656, "education": 0.93907605328500598, "health": 0.92407003064420745, "green": 0.86397127088966963, "groceries": 0.87254836406479064, "transit": 0.86531689259390121, "culture": 0.90758552152237493, "services": 0.91435647389000052, "livability": 0.89813208669856426 }, "geometry": { "type": "Polygon", "coordinates": [ [ [ 26.106674499999972, 44.399246600000033 ], [ 26.106674499999972, 44.404246600000036 ], [ 26.101674499999973, 44.404246600000036 ], [ 26.101674499999973, 44.399246600000033 ], [ 26.106674499999972, 44.399246600000033 ] ] ] } },
{ "type": "Feature", "properties": { "cell_id": 657, "education": 0.81053928920128826, "health": 0.90578437764499342, "green": 0.97629003220301569, "groceries": 0.96330982617292549, "transit": 0.72495796252633538, "culture": 0.91264204202904098, "services": 0.89836359883692118, "livability": 0.88455530408778849 }, "geometry": { "type": "Polygon", "coordinates": [ [ [ 26.106674499999972, 44.404246600000036 ], [ 26.106674499999972, 44.409246600000039 ], [ 26.101674499999973, 44.409246600000039 ], [ 26.101674499999973, 44.404246600000036 ], [ 26.106674499999972, 44.404246600000036 ] ] ] } },
{ "type": "Feature", "properties": { "cell_id": 658, "education": 0.92457891579818174, "health": 0.9540203170907412, "green": 0.98923484818231389, "groceries": 0.93012170280828754, "transit": 0.87725165941338656, "culture": 0.98783613465159115, "services": 0.95174257932815254, "livability": 0.94496945103895058 }, "geometry": { "type": "Polygon", "coordinates": [ [ [ 26.106674499999972, 44.409246600000039 ], [ 26.106674499999972, 44.414246600000041 ], [ 26.101674499999973, 44.414246600000041 ], [ 26.101674499999973, 44.409246600000039 ], [ 26.106674499999972, 44.409246600000039 ] ] ] } },
{ "type": "Feature", "properties": { "cell_id": 659, "education": 0.92496612495362718, "health": 0.99146445790844795, "green": 0.95201715020261179, "groceries": 0.93042604544211616, "transit": 1.0, "culture": 0.99951080038982432, "services": 0.93478264276021328, "livability": 0.96188103166526295 }, "geometry": { "type": "Polygon", "coordinates": [ [ [ 26.106674499999972, 44.414246600000041 ], [ 26.106674499999972, 44.419246600000044 ], [ 26.101674499999973, 44.419246600000044 ], [ 26.101674499999973, 44.414246600000041 ], [ 26.106674499999972, 44.414246600000041 ] ] ] } },
{ "type": "Feature", "properties": { "cell_id": 660, "education": 0.96385691696916709, "health": 0.98376402514773365, "green": 0.97341549942274752, "groceries": 0.96287890218248628, "transit": 0.9806975605206405, "culture": 0.98210661796715482, "services": 0.95342573572880274, "livability": 0.97144932256267602 }, "geometry": { "type": "Polygon", "coordinates": [ [ [ 26.106674499999972, 44.419246600000044 ], [ 26.106674499999972, 44.424246600000046 ], [ 26.101674499999973, 44.424246600000046 ], [ 26.101674499999973, 44.419246600000044 ], [ 26.106674499999972, 44.419246600000044 ] ] ] } },
{ "type": "Feature", "properties": { "cell_id": 661, "education": 0.92333193207681918, "health": 0.98071712708217407, "green": 0.99238358096547319, "groceries": 0.9774737614580481, "transit": 0.97362712383878247, "culture": 0.99234071576145522, "services": 0.98849596492812153, "livability": 0.97548145801583919 }, "geometry": { "type": "Polygon", "coordinates": [ [ [ 26.106674499999972, 44.424246600000046 ], [ 26.106674499999972, 44.429246600000049 ], [ 26.101674499999973, 44.429246600000049 ], [ 26.101674499999973, 44.424246600000046 ], [ 26.106674499999972, 44.424246600000046 ] ] ] } },
{ "type": "Feature", "properties": { "cell_id": 662, "education": 0.93204921435846311, "health": 0.95535454504177741, "green": 0.96430009720285614, "groceries": 0.98553190981727334, "transit": 0.95747508095364475, "culture": 0.99227455968911171, "services": 0.98389382267875614, "livability": 0.96726846139169753 }, "geometry": { "type": "Polygon", "coordinates": [ [ [ 26.106674499999972, 44.429246600000049 ], [ 26.106674499999972, 44.434246600000051 ], [ 26.101674499999973, 44.434246600000051 ], [ 26.101674499999973, 44.429246600000049 ], [ 26.106674499999972, 44.429246600000049 ] ] ] } },
{ "type": "Feature", "properties": { "cell_id": 663, "education": 0.93013252701467797, "health": 0.9656292407994882, "green": 0.94449934206119046, "groceries": 0.9440845733293014, "transit": 0.94449438111162798, "culture": 0.97248110595137105, "services": 0.98517142774474131, "livability": 0.95521322828748545 }, "geometry": { "type": "Polygon", "coordinates": [ [ [ 26.106674499999972, 44.434246600000051 ], [ 26.106674499999972, 44.439246600000054 ], [ 26.101674499999973, 44.439246600000054 ], [ 26.101674499999973, 44.434246600000051 ], [ 26.106674499999972, 44.434246600000051 ] ] ] } },
{ "type": "Feature", "properties": { "cell_id": 664, "education": 0.94159442604534871, "health": 0.99283287298371881, "green": 0.93730042044626549, "groceries": 1.0, "transit": 0.97823935332439615, "culture": 0.99210123550035278, "services": 0.99551928647368704, "livability": 0.97679822782482417 }, "geometry": { "type": "Polygon", "coordinates": [ [ [ 26.106674499999972, 44.439246600000054 ], [ 26.106674499999972, 44.444246600000056 ], [ 26.101674499999973, 44.444246600000056 ], [ 26.101674499999973, 44.439246600000054 ], [ 26.106674499999972, 44.439246600000054 ] ] ] } },
{ "type": "Feature", "properties": { "cell_id": 665, "education": 0.98396012746853112, "health": 0.96919687080804329, "green": 0.9622272779814508, "groceries": 0.93052547869609159, "transit": 0.87584094867935347, "culture": 1.0, "services": 0.94328110805757559, "livability": 0.95214740167014944 }, "geometry": { "type": "Polygon", "coordinates": [ [ [ 26.106674499999972, 44.444246600000056 ], [ 26.106674499999972, 44.449246600000059 ], [ 26.101674499999973, 44.449246600000059 ], [ 26.101674499999973, 44.444246600000056 ], [ 26.106674499999972, 44.444246600000056 ] ] ] } },
{ "type": "Feature", "properties": { "cell_id": 666, "education": 0.93787121210773272, "health": 0.97099305355655186, "green": 0.94396700461064575, "groceries": 0.9640613689128027, "transit": 0.9357734856202875, "culture": 0.98300886016330336, "services": 0.96358764684328091, "livability": 0.95703751883065769 }, "geometry": { "type": "Polygon", "coordinates": [ [ [ 26.106674499999972, 44.449246600000059 ], [ 26.106674499999972, 44.454246600000062 ], [ 26.101674499999973, 44.454246600000062 ], [ 26.101674499999973, 44.449246600000059 ], [ 26.106674499999972, 44.449246600000059 ] ] ] } },
{ "type": "Feature", "properties": { "cell_id": 667, "education": 0.82101182713579068, "health": 0.97033894548355393, "green": 1.0, "groceries": 0.94876482076812185, "transit": 0.90843677468684603, "culture": 0.9418553435696333, "services": 0.92672058356039944, "livability": 0.93101832788633498 }, "geometry": { "type": "Polygon", "coordinates": [ [ [ 26.106674499999972, 44.454246600000062 ], [ 26.106674499999972, 44.459246600000064 ], [ 26.101674499999973, 44.459246600000064 ], [ 26.101674499999973, 44.454246600000062 ], [ 26.106674499999972, 44.454246600000062 ] ] ] } },
{ "type": "Feature", "properties": { "cell_id": 668, "education": 0.97278059581950826, "health": 0.97627529588163053, "green": 0.98645872299840365, "groceries": 0.90981712104891521, "transit": 0.86359316441077327, "culture": 0.9958162179323885, "services": 0.97310243907503191, "livability": 0.95397765102380727 }, "geometry": { "type": "Polygon", "coordinates": [ [ [ 26.106674499999972, 44.459246600000064 ], [ 26.106674499999972, 44.464246600000067 ], [ 26.101674499999973, 44.464246600000067 ], [ 26.101674499999973, 44.459246600000064 ], [ 26.106674499999972, 44.459246600000064 ] ] ] } },
{ "type": "Feature", "properties": { "cell_id": 669, "education": 0.91016198926684233, "health": 0.97845277573274436, "green": 0.86951830647107786, "groceries": 0.85067647451350248, "transit": 0.9391161697627719, "culture": 0.96069604316123636, "services": 0.93039579775766112, "livability": 0.91985965095226219 }, "geometry": { "type": "Polygon", "coordinates": [ [ [ 26.106674499999972, 44.464246600000067 ], [ 26.106674499999972, 44.469246600000069 ], [ 26.101674499999973, 44.469246600000069 ], [ 26.101674499999973, 44.464246600000067 ], [ 26.106674499999972, 44.464246600000067 ] ] ] } },
{ "type": "Feature", "properties": { "cell_id": 670, "education": 0.93788778776976045, "health": 0.92285662068239882, "green": 0.95420698398336123, "groceries": 0.81974852685166522, "transit": 0.91478214136016733, "culture": 0.93620616909104493, "services": 0.87315660380333959, "livability": 0.90840640479167678 }, "geometry": { "type": "Polygon", "coordinates": [ [ [ 26.106674499999972, 44.469246600000069 ], [ 26.106674499999972, 44.474246600000072 ], [ 26.101674499999973, 44.474246600000072 ], [ 26.101674499999973, 44.469246600000069 ], [ 26.106674499999972, 44.469246600000069 ] ] ] } },
{ "type": "Feature", "properties": { "cell_id": 671, "education": 0.8282573549655986, "health": 0.95620140336936132, "green": 0.87636567893159312, "groceries": 0.93933196633324445, "transit": 0.9230618737538292, "culture": 0.95600557539546305, "services": 0.95730775845292615, "livability": 0.91950451588600224 }, "geometry": { "type": "Polygon", "coordinates": [ [ [ 26.106674499999972, 44.474246600000072 ], [ 26.106674499999972, 44.479246600000074 ], [ 26.101674499999973, 44.479246600000074 ], [ 26.101674499999973, 44.474246600000072 ], [ 26.106674499999972, 44.474246600000072 ] ] ] } },
{ "type": "Feature", "properties": { "cell_id": 672, "education": 0.87173138785288418, "health": 0.96804363762861911, "green": 0.8895571321934983, "groceries": 0.91560702553000473, "transit": 0.95134755425844009, "culture": 0.9706433726514192, "services": 0.97151229418184504, "livability": 0.93406320061381587 }, "geometry": { "type": "Polygon", "coordinates": [ [ [ 26.106674499999972, 44.479246600000074 ], [ 26.106674499999972, 44.484246600000077 ], [ 26.101674499999973, 44.484246600000077 ], [ 26.101674499999973, 44.479246600000074 ], [ 26.106674499999972, 44.479246600000074 ] ] ] } },
{ "type": "Feature", "properties": { "cell_id": 673, "education": 0.75610241623918517, "health": 0.90423467826049564, "green": 0.89415106568653113, "groceries": 0.83524852909278602, "transit": 0.73911348469072236, "culture": 0.88452416961434344, "services": 0.89516018412904752, "livability": 0.84407636110187301 }, "geometry": { "type": "Polygon", "coordinates": [ [ [ 26.106674499999972, 44.484246600000077 ], [ 26.106674499999972, 44.489246600000079 ], [ 26.101674499999973, 44.489246600000079 ], [ 26.101674499999973, 44.484246600000077 ], [ 26.106674499999972, 44.484246600000077 ] ] ] } },
{ "type": "Feature", "properties": { "cell_id": 674, "education": 0.75827437481527749, "health": 0.88083602177094555, "green": 0.59402908338669524, "groceries": 0.63686321924203726, "transit": 0.79098336622663212, "culture": 0.73808257595096416, "services": 0.89775971566468682, "livability": 0.7566897652938912 }, "geometry": { "type": "Polygon", "coordinates": [ [ [ 26.106674499999972, 44.489246600000079 ], [ 26.106674499999972, 44.494246600000082 ], [ 26.101674499999973, 44.494246600000082 ], [ 26.101674499999973, 44.489246600000079 ], [ 26.106674499999972, 44.489246600000079 ] ] ] } },
{ "type": "Feature", "properties": { "cell_id": 675, "education": 0.60903756267875075, "health": 0.77998153167417761, "green": 0.40923972898822747, "groceries": 0.48358812932876094, "transit": 0.92430633706072152, "culture": 0.62693261806732226, "services": 0.78989966538399325, "livability": 0.6604265104545648 }, "geometry": { "type": "Polygon", "coordinates": [ [ [ 26.106674499999972, 44.494246600000082 ], [ 26.106674499999972, 44.499246600000085 ], [ 26.101674499999973, 44.499246600000085 ], [ 26.101674499999973, 44.494246600000082 ], [ 26.106674499999972, 44.494246600000082 ] ] ] } },
{ "type": "Feature", "properties": { "cell_id": 676, "education": 0.4467757818334388, "health": 0.62263832107465111, "green": 0.19446398589300229, "groceries": 0.41340891870817487, "transit": 0.0, "culture": 0.58594593598897748, "services": 0.59814011967130121, "livability": 0.40876758045279227 }, "geometry": { "type": "Polygon", "coordinates": [ [ [ 26.106674499999972, 44.499246600000085 ], [ 26.106674499999972, 44.504246600000087 ], [ 26.101674499999973, 44.504246600000087 ], [ 26.101674499999973, 44.499246600000085 ], [ 26.106674499999972, 44.499246600000085 ] ] ] } },
{ "type": "Feature", "properties": { "cell_id": 677, "education": 0.63075669800621115, "health": 0.71271101784622792, "green": 0.84460128640331533, "groceries": 0.56338835753903449, "transit": 0.86141343501794165, "culture": 0.94279126927405654, "services": 0.67212071916029947, "livability": 0.74682611189244086 }, "geometry": { "type": "Polygon", "coordinates": [ [ [ 26.106674499999972, 44.514246600000092 ], [ 26.106674499999972, 44.519246600000095 ], [ 26.101674499999973, 44.519246600000095 ], [ 26.101674499999973, 44.514246600000092 ], [ 26.106674499999972, 44.514246600000092 ] ] ] } },
{ "type": "Feature", "properties": { "cell_id": 678, "education": 0.72345684907157337, "health": 0.77535793675144737, "green": 0.75554134770694303, "groceries": 0.65859693098751548, "transit": 0.72939643919295449, "culture": 0.88922212040482063, "services": 0.73341169438703657, "livability": 0.75214047407175577 }, "geometry": { "type": "Polygon", "coordinates": [ [ [ 26.106674499999972, 44.519246600000095 ], [ 26.106674499999972, 44.524246600000097 ], [ 26.101674499999973, 44.524246600000097 ], [ 26.101674499999973, 44.519246600000095 ], [ 26.106674499999972, 44.519246600000095 ] ] ] } },
{ "type": "Feature", "properties": { "cell_id": 679, "education": 0.84027791548094199, "health": 0.85430581105004233, "green": 0.82741814668665858, "groceries": 0.7785791203770881, "transit": 0.50008309301522036, "culture": 0.83339735226204215, "services": 0.82370707812973765, "livability": 0.77968121671453305 }, "geometry": { "type": "Polygon", "coordinates": [ [ [ 26.106674499999972, 44.524246600000097 ], [ 26.106674499999972, 44.5292466000001 ], [ 26.101674499999973, 44.5292466000001 ], [ 26.101674499999973, 44.524246600000097 ], [ 26.106674499999972, 44.524246600000097 ] ] ] } },
{ "type": "Feature", "properties": { "cell_id": 680, "education": 0.6987623326362743, "health": 0.7648793256334917, "green": 0.60950063086996398, "groceries": 0.70688622468114182, "transit": 0.67021887905419852, "culture": 0.79300058655548988, "services": 0.6336510194763354, "livability": 0.69669985698669934 }, "geometry": { "type": "Polygon", "coordinates": [ [ [ 26.111674499999971, 44.364246600000016 ], [ 26.111674499999971, 44.369246600000018 ], [ 26.106674499999972, 44.369246600000018 ], [ 26.106674499999972, 44.364246600000016 ], [ 26.111674499999971, 44.364246600000016 ] ] ] } },
{ "type": "Feature", "properties": { "cell_id": 681, "education": 0.82686065318680657, "health": 0.85144838735773487, "green": 0.76811569115686984, "groceries": 0.83845082539212745, "transit": 0.86387622763035155, "culture": 0.8884068253401366, "services": 0.72623334616670199, "livability": 0.82334170803296125 }, "geometry": { "type": "Polygon", "coordinates": [ [ [ 26.111674499999971, 44.369246600000018 ], [ 26.111674499999971, 44.374246600000021 ], [ 26.106674499999972, 44.374246600000021 ], [ 26.106674499999972, 44.369246600000018 ], [ 26.111674499999971, 44.369246600000018 ] ] ] } },
{ "type": "Feature", "properties": { "cell_id": 682, "education": 0.95048030530667471, "health": 0.98904140458265988, "green": 0.97284050784162091, "groceries": 0.99297784596920913, "transit": 0.95912679893012764, "culture": 0.98915429650489572, "services": 0.84563463213893386, "livability": 0.95703654161058871 }, "geometry": { "type": "Polygon", "coordinates": [ [ [ 26.111674499999971, 44.374246600000021 ], [ 26.111674499999971, 44.379246600000023 ], [ 26.106674499999972, 44.379246600000023 ], [ 26.106674499999972, 44.374246600000021 ], [ 26.111674499999971, 44.374246600000021 ] ] ] } },
{ "type": "Feature", "properties": { "cell_id": 683, "education": 0.94513533326669863, "health": 0.96146670346619578, "green": 0.98571968220094963, "groceries": 0.96215542308486146, "transit": 0.92673145205160112, "culture": 0.91577140749214725, "services": 0.88839705559947912, "livability": 0.94076815102313316 }, "geometry": { "type": "Polygon", "coordinates": [ [ [ 26.111674499999971, 44.379246600000023 ], [ 26.111674499999971, 44.384246600000026 ], [ 26.106674499999972, 44.384246600000026 ], [ 26.106674499999972, 44.379246600000023 ], [ 26.111674499999971, 44.379246600000023 ] ] ] } },
{ "type": "Feature", "properties": { "cell_id": 684, "education": 0.93412618431422634, "health": 0.98072936852096038, "green": 0.96291213919531649, "groceries": 0.97071317529044676, "transit": 0.92829010263796508, "culture": 0.96888206574608604, "services": 0.97939079084852221, "livability": 0.9607205466505031 }, "geometry": { "type": "Polygon", "coordinates": [ [ [ 26.111674499999971, 44.384246600000026 ], [ 26.111674499999971, 44.389246600000028 ], [ 26.106674499999972, 44.389246600000028 ], [ 26.106674499999972, 44.384246600000026 ], [ 26.111674499999971, 44.384246600000026 ] ] ] } },
{ "type": "Feature", "properties": { "cell_id": 685, "education": 0.98674816127795373, "health": 0.97994036224646186, "green": 0.99105555660975497, "groceries": 0.99542185192470145, "transit": 0.95840052784901997, "culture": 0.99013017435343786, "services": 0.94777166166625582, "livability": 0.97849547084679789 }, "geometry": { "type": "Polygon", "coordinates": [ [ [ 26.111674499999971, 44.389246600000028 ], [ 26.111674499999971, 44.394246600000031 ], [ 26.106674499999972, 44.394246600000031 ], [ 26.106674499999972, 44.389246600000028 ], [ 26.111674499999971, 44.389246600000028 ] ] ] } },
{ "type": "Feature", "properties": { "cell_id": 686, "education": 0.94083258314726592, "health": 1.0, "green": 1.0, "groceries": 1.0, "transit": 0.91666387054794563, "culture": 1.0, "services": 1.0, "livability": 0.97964235052788728 }, "geometry": { "type": "Polygon", "coordinates": [ [ [ 26.111674499999971, 44.394246600000031 ], [ 26.111674499999971, 44.399246600000033 ], [ 26.106674499999972, 44.399246600000033 ], [ 26.106674499999972, 44.394246600000031 ], [ 26.111674499999971, 44.394246600000031 ] ] ] } },
{ "type": "Feature", "properties": { "cell_id": 687, "education": 0.86875272880027821, "health": 0.9257629722635049, "green": 0.91960149616789078, "groceries": 0.9547572558451991, "transit": 0.78951341671242903, "culture": 0.98532698331030522, "services": 0.90158386474417607, "livability": 0.90647124540625468 }, "geometry": { "type": "Polygon", "coordinates": [ [ [ 26.111674499999971, 44.399246600000033 ], [ 26.111674499999971, 44.404246600000036 ], [ 26.106674499999972, 44.404246600000036 ], [ 26.106674499999972, 44.399246600000033 ], [ 26.111674499999971, 44.399246600000033 ] ] ] } },
{ "type": "Feature", "properties": { "cell_id": 688, "education": 0.7995451996634223, "health": 0.87504734099546777, "green": 0.97781919644313853, "groceries": 0.91130266794181858, "transit": 0.83400781415187208, "culture": 0.97464083064832563, "services": 0.85702730530558602, "livability": 0.88991290787851862 }, "geometry": { "type": "Polygon", "coordinates": [ [ [ 26.111674499999971, 44.404246600000036 ], [ 26.111674499999971, 44.409246600000039 ], [ 26.106674499999972, 44.409246600000039 ], [ 26.106674499999972, 44.404246600000036 ], [ 26.111674499999971, 44.404246600000036 ] ] ] } },
{ "type": "Feature", "properties": { "cell_id": 689, "education": 0.90301909454842999, "health": 0.93696672082628807, "green": 0.91347857135645882, "groceries": 0.92522720166154937, "transit": 0.92913397917319429, "culture": 0.94417218283828686, "services": 0.92391878601196364, "livability": 0.92513093377373878 }, "geometry": { "type": "Polygon", "coordinates": [ [ [ 26.111674499999971, 44.409246600000039 ], [ 26.111674499999971, 44.414246600000041 ], [ 26.106674499999972, 44.414246600000041 ], [ 26.106674499999972, 44.409246600000039 ], [ 26.111674499999971, 44.409246600000039 ] ] ] } },
{ "type": "Feature", "properties": { "cell_id": 690, "education": 0.91741213602581606, "health": 0.95897209659428551, "green": 0.91776932703896252, "groceries": 0.93764724230492502, "transit": 0.9595927171331482, "culture": 0.98649114098032753, "services": 0.9510042485156559, "livability": 0.94698412979901725 }, "geometry": { "type": "Polygon", "coordinates": [ [ [ 26.111674499999971, 44.414246600000041 ], [ 26.111674499999971, 44.419246600000044 ], [ 26.106674499999972, 44.419246600000044 ], [ 26.106674499999972, 44.414246600000041 ], [ 26.111674499999971, 44.414246600000041 ] ] ] } },
{ "type": "Feature", "properties": { "cell_id": 691, "education": 0.93434349126245875, "health": 0.98247269711121021, "green": 0.97396047687123588, "groceries": 0.95158250305412206, "transit": 0.97869296951665552, "culture": 0.95109974491891125, "services": 0.9812552146259832, "livability": 0.96477244248008243 }, "geometry": { "type": "Polygon", "coordinates": [ [ [ 26.111674499999971, 44.419246600000044 ], [ 26.111674499999971, 44.424246600000046 ], [ 26.106674499999972, 44.424246600000046 ], [ 26.106674499999972, 44.419246600000044 ], [ 26.111674499999971, 44.419246600000044 ] ] ] } },
{ "type": "Feature", "properties": { "cell_id": 692, "education": 0.86930376911187346, "health": 0.94492964544763758, "green": 0.90310795830019408, "groceries": 0.91841495938047812, "transit": 0.91190710120339336, "culture": 0.99737199670467802, "services": 0.99730048623363932, "livability": 0.93461941662598469 }, "geometry": { "type": "Polygon", "coordinates": [ [ [ 26.111674499999971, 44.424246600000046 ], [ 26.111674499999971, 44.429246600000049 ], [ 26.106674499999972, 44.429246600000049 ], [ 26.106674499999972, 44.424246600000046 ], [ 26.111674499999971, 44.424246600000046 ] ] ] } },
{ "type": "Feature", "properties": { "cell_id": 693, "education": 0.95111725795261104, "health": 0.99030978622871002, "green": 0.92642091879733646, "groceries": 0.95398145283112989, "transit": 0.90096674007248712, "culture": 0.99582745851229471, "services": 0.96998473187001777, "livability": 0.95551547803779802 }, "geometry": { "type": "Polygon", "coordinates": [ [ [ 26.111674499999971, 44.429246600000049 ], [ 26.111674499999971, 44.434246600000051 ], [ 26.106674499999972, 44.434246600000051 ], [ 26.106674499999972, 44.429246600000049 ], [ 26.111674499999971, 44.429246600000049 ] ] ] } },
{ "type": "Feature", "properties": { "cell_id": 694, "education": 0.94744531288867651, "health": 0.98125868600197741, "green": 0.86227697721793151, "groceries": 0.97869324177550721, "transit": 0.99633743908762307, "culture": 0.99182796402960705, "services": 0.95060455432027713, "livability": 0.95834916790308555 }, "geometry": { "type": "Polygon", "coordinates": [ [ [ 26.111674499999971, 44.434246600000051 ], [ 26.111674499999971, 44.439246600000054 ], [ 26.106674499999972, 44.439246600000054 ], [ 26.106674499999972, 44.434246600000051 ], [ 26.111674499999971, 44.434246600000051 ] ] ] } },
{ "type": "Feature", "properties": { "cell_id": 695, "education": 0.88308671237817093, "health": 0.93143326956290651, "green": 0.87656789038688743, "groceries": 0.92975474787447743, "transit": 1.0, "culture": 1.0, "services": 0.92985474039518101, "livability": 0.93581390865680336 }, "geometry": { "type": "Polygon", "coordinates": [ [ [ 26.111674499999971, 44.439246600000054 ], [ 26.111674499999971, 44.444246600000056 ], [ 26.106674499999972, 44.444246600000056 ], [ 26.106674499999972, 44.439246600000054 ], [ 26.111674499999971, 44.439246600000054 ] ] ] } },
{ "type": "Feature", "properties": { "cell_id": 696, "education": 0.91348954920677428, "health": 0.97904909729929923, "green": 0.86044446440182243, "groceries": 0.95776305105904025, "transit": 1.0, "culture": 1.0, "services": 0.93500953974299805, "livability": 0.94939367167284761 }, "geometry": { "type": "Polygon", "coordinates": [ [ [ 26.111674499999971, 44.444246600000056 ], [ 26.111674499999971, 44.449246600000059 ], [ 26.106674499999972, 44.449246600000059 ], [ 26.106674499999972, 44.444246600000056 ], [ 26.111674499999971, 44.444246600000056 ] ] ] } },
{ "type": "Feature", "properties": { "cell_id": 697, "education": 0.94521678983830171, "health": 0.9859067404495554, "green": 0.94040107050949739, "groceries": 0.96898810978282646, "transit": 0.9140734723729127, "culture": 0.98193584859605321, "services": 0.9897784383087822, "livability": 0.96090006712256115 }, "geometry": { "type": "Polygon", "coordinates": [ [ [ 26.111674499999971, 44.449246600000059 ], [ 26.111674499999971, 44.454246600000062 ], [ 26.106674499999972, 44.454246600000062 ], [ 26.106674499999972, 44.449246600000059 ], [ 26.111674499999971, 44.449246600000059 ] ] ] } },
{ "type": "Feature", "properties": { "cell_id": 698, "education": 0.93241734577374058, "health": 0.96833414617036484, "green": 0.96013290938561424, "groceries": 0.93331508000583374, "transit": 0.94510509876728144, "culture": 0.98306511952732634, "services": 0.97228235319676115, "livability": 0.95637886468956013 }, "geometry": { "type": "Polygon", "coordinates": [ [ [ 26.111674499999971, 44.454246600000062 ], [ 26.111674499999971, 44.459246600000064 ], [ 26.106674499999972, 44.459246600000064 ], [ 26.106674499999972, 44.454246600000062 ], [ 26.111674499999971, 44.454246600000062 ] ] ] } },
{ "type": "Feature", "properties": { "cell_id": 699, "education": 0.95077813237071673, "health": 0.9433195738454907, "green": 0.87457506378749339, "groceries": 0.93494075801480281, "transit": 0.9109948156483505, "culture": 0.95733599433625438, "services": 0.96555112933445286, "livability": 0.93392792390536583 }, "geometry": { "type": "Polygon", "coordinates": [ [ [ 26.111674499999971, 44.459246600000064 ], [ 26.111674499999971, 44.464246600000067 ], [ 26.106674499999972, 44.464246600000067 ], [ 26.106674499999972, 44.459246600000064 ], [ 26.111674499999971, 44.459246600000064 ] ] ] } },
{ "type": "Feature", "properties": { "cell_id": 700, "education": 0.89197406291374137, "health": 0.96653162340486698, "green": 0.807093285620335, "groceries": 0.97574262294167713, "transit": 0.93751296000992568, "culture": 0.93128697848273445, "services": 0.92755902455058781, "livability": 0.91967150827483835 }, "geometry": { "type": "Polygon", "coordinates": [ [ [ 26.111674499999971, 44.464246600000067 ], [ 26.111674499999971, 44.469246600000069 ], [ 26.106674499999972, 44.469246600000069 ], [ 26.106674499999972, 44.464246600000067 ], [ 26.111674499999971, 44.464246600000067 ] ] ] } },
{ "type": "Feature", "properties": { "cell_id": 701, "education": 0.92456070209875807, "health": 0.87658349568376204, "green": 0.92121952161688048, "groceries": 0.90546983682166682, "transit": 0.8798875902157185, "culture": 0.96757181009914228, "services": 0.89539664077719605, "livability": 0.91009851390187491 }, "geometry": { "type": "Polygon", "coordinates": [ [ [ 26.111674499999971, 44.469246600000069 ], [ 26.111674499999971, 44.474246600000072 ], [ 26.106674499999972, 44.474246600000072 ], [ 26.106674499999972, 44.469246600000069 ], [ 26.111674499999971, 44.469246600000069 ] ] ] } },
{ "type": "Feature", "properties": { "cell_id": 702, "education": 0.83150170828958281, "health": 0.92542162007046147, "green": 0.90127243931603818, "groceries": 0.91196962168160234, "transit": 0.91171797497077756, "culture": 0.96879323434775622, "services": 0.95444795418882955, "livability": 0.9150177932664354 }, "geometry": { "type": "Polygon", "coordinates": [ [ [ 26.111674499999971, 44.474246600000072 ], [ 26.111674499999971, 44.479246600000074 ], [ 26.106674499999972, 44.479246600000074 ], [ 26.106674499999972, 44.474246600000072 ], [ 26.111674499999971, 44.474246600000072 ] ] ] } },
{ "type": "Feature", "properties": { "cell_id": 703, "education": 0.89056993159868147, "health": 0.95648646688714867, "green": 0.99731117857468365, "groceries": 0.91665216625964641, "transit": 0.91266992423894822, "culture": 0.95448393937520404, "services": 0.92595213254499331, "livability": 0.93630367706847228 }, "geometry": { "type": "Polygon", "coordinates": [ [ [ 26.111674499999971, 44.479246600000074 ], [ 26.111674499999971, 44.484246600000077 ], [ 26.106674499999972, 44.484246600000077 ], [ 26.106674499999972, 44.479246600000074 ], [ 26.111674499999971, 44.479246600000074 ] ] ] } },
{ "type": "Feature", "properties": { "cell_id": 704, "education": 0.63990564310668119, "health": 0.85720214581210674, "green": 0.73378806371623218, "groceries": 1.0, "transit": 0.83807476010929605, "culture": 0.82903907245969988, "services": 0.78505123134131316, "livability": 0.81186584522076122 }, "geometry": { "type": "Polygon", "coordinates": [ [ [ 26.111674499999971, 44.484246600000077 ], [ 26.111674499999971, 44.489246600000079 ], [ 26.106674499999972, 44.489246600000079 ], [ 26.106674499999972, 44.484246600000077 ], [ 26.111674499999971, 44.484246600000077 ] ] ] } },
{ "type": "Feature", "properties": { "cell_id": 705, "education": 0.75827437481527749, "health": 0.88083602177094555, "green": 0.59402908338669524, "groceries": 0.63686321924203726, "transit": 0.79098336622663212, "culture": 0.73808257595096416, "services": 0.89775971566468682, "livability": 0.7566897652938912 }, "geometry": { "type": "Polygon", "coordinates": [ [ [ 26.111674499999971, 44.489246600000079 ], [ 26.111674499999971, 44.494246600000082 ], [ 26.106674499999972, 44.494246600000082 ], [ 26.106674499999972, 44.489246600000079 ], [ 26.111674499999971, 44.489246600000079 ] ] ] } },
{ "type": "Feature", "properties": { "cell_id": 706, "education": 0.57186406328330608, "health": 0.72922020792354991, "green": 0.59143798310561979, "groceries": 0.88701822376080286, "transit": 0.70790317460946239, "culture": 0.81079991007918262, "services": 0.69827084341305234, "livability": 0.71378777231071078 }, "geometry": { "type": "Polygon", "coordinates": [ [ [ 26.11667449999997, 44.359246600000013 ], [ 26.11667449999997, 44.364246600000016 ], [ 26.111674499999971, 44.364246600000016 ], [ 26.111674499999971, 44.359246600000013 ], [ 26.11667449999997, 44.359246600000013 ] ] ] } },
{ "type": "Feature", "properties": { "cell_id": 707, "education": 0.71872839397764943, "health": 0.78990146131339456, "green": 0.69146127367073673, "groceries": 0.96713070967374093, "transit": 0.94908298654300549, "culture": 0.93388704927801391, "services": 0.75098082300035274, "livability": 0.82873895677955622 }, "geometry": { "type": "Polygon", "coordinates": [ [ [ 26.11667449999997, 44.364246600000016 ], [ 26.11667449999997, 44.369246600000018 ], [ 26.111674499999971, 44.369246600000018 ], [ 26.111674499999971, 44.364246600000016 ], [ 26.11667449999997, 44.364246600000016 ] ] ] } },
{ "type": "Feature", "properties": { "cell_id": 708, "education": 0.81696857910807874, "health": 0.85629234461152737, "green": 0.81310512364543552, "groceries": 0.98217483678099871, "transit": 0.80688834375330554, "culture": 0.97905469354261365, "services": 0.82198335351580609, "livability": 0.86806675356539509 }, "geometry": { "type": "Polygon", "coordinates": [ [ [ 26.11667449999997, 44.369246600000018 ], [ 26.11667449999997, 44.374246600000021 ], [ 26.111674499999971, 44.374246600000021 ], [ 26.111674499999971, 44.369246600000018 ], [ 26.11667449999997, 44.369246600000018 ] ] ] } },
{ "type": "Feature", "properties": { "cell_id": 709, "education": 0.96620863731164441, "health": 0.90360456001692657, "green": 0.95131454502344215, "groceries": 0.9364437931569547, "transit": 0.84047053496588298, "culture": 0.91285869493124305, "services": 0.8946863273961807, "livability": 0.91508387040032491 }, "geometry": { "type": "Polygon", "coordinates": [ [ [ 26.11667449999997, 44.374246600000021 ], [ 26.11667449999997, 44.379246600000023 ], [ 26.111674499999971, 44.379246600000023 ], [ 26.111674499999971, 44.374246600000021 ], [ 26.11667449999997, 44.374246600000021 ] ] ] } },
{ "type": "Feature", "properties": { "cell_id": 710, "education": 0.96647824458332832, "health": 0.98345592843474849, "green": 0.90115913192002872, "groceries": 0.96972445941591168, "transit": 0.96372204584631282, "culture": 0.96752331020849935, "services": 0.97405866202016089, "livability": 0.9608745403469986 }, "geometry": { "type": "Polygon", "coordinates": [ [ [ 26.11667449999997, 44.379246600000023 ], [ 26.11667449999997, 44.384246600000026 ], [ 26.111674499999971, 44.384246600000026 ], [ 26.111674499999971, 44.379246600000023 ], [ 26.11667449999997, 44.379246600000023 ] ] ] } },
{ "type": "Feature", "properties": { "cell_id": 711, "education": 0.97479159359999379, "health": 0.96256362650108329, "green": 0.90679324201823563, "groceries": 0.91257995024475269, "transit": 0.84648090974367685, "culture": 0.92040583539608867, "services": 0.94787417463061396, "livability": 0.92449847601920643 }, "geometry": { "type": "Polygon", "coordinates": [ [ [ 26.11667449999997, 44.384246600000026 ], [ 26.11667449999997, 44.389246600000028 ], [ 26.111674499999971, 44.389246600000028 ], [ 26.111674499999971, 44.384246600000026 ], [ 26.11667449999997, 44.384246600000026 ] ] ] } },
{ "type": "Feature", "properties": { "cell_id": 712, "education": 0.95047867691684862, "health": 0.97889644857096025, "green": 0.95427583653308323, "groceries": 0.95224818419312673, "transit": 0.83424168246188013, "culture": 0.96710665134809226, "services": 0.91499011244700179, "livability": 0.93603394178157029 }, "geometry": { "type": "Polygon", "coordinates": [ [ [ 26.11667449999997, 44.389246600000028 ], [ 26.11667449999997, 44.394246600000031 ], [ 26.111674499999971, 44.394246600000031 ], [ 26.111674499999971, 44.389246600000028 ], [ 26.11667449999997, 44.389246600000028 ] ] ] } },
{ "type": "Feature", "properties": { "cell_id": 713, "education": 0.98321586124533034, "health": 0.98865725063688026, "green": 0.93836465934865243, "groceries": 0.98358414632754687, "transit": 0.92531449780365527, "culture": 1.0, "services": 1.0, "livability": 0.97416234505172339 }, "geometry": { "type": "Polygon", "coordinates": [ [ [ 26.11667449999997, 44.394246600000031 ], [ 26.11667449999997, 44.399246600000033 ], [ 26.111674499999971, 44.399246600000033 ], [ 26.111674499999971, 44.394246600000031 ], [ 26.11667449999997, 44.394246600000031 ] ] ] } },
{ "type": "Feature", "properties": { "cell_id": 714, "education": 0.86480918140501351, "health": 0.92309791626272397, "green": 0.99671924748687657, "groceries": 0.90786571596043297, "transit": 0.77189644758126275, "culture": 0.94159301222083081, "services": 0.89771644078841495, "livability": 0.90052828024365084 }, "geometry": { "type": "Polygon", "coordinates": [ [ [ 26.11667449999997, 44.399246600000033 ], [ 26.11667449999997, 44.404246600000036 ], [ 26.111674499999971, 44.404246600000036 ], [ 26.111674499999971, 44.399246600000033 ], [ 26.11667449999997, 44.399246600000033 ] ] ] } },
{ "type": "Feature", "properties": { "cell_id": 715, "education": 0.86302308809806094, "health": 0.92777023116732549, "green": 0.97614696613865237, "groceries": 0.9044524017736989, "transit": 0.90336010866702821, "culture": 0.97805236261152873, "services": 0.89119239998169264, "livability": 0.92057107977685526 }, "geometry": { "type": "Polygon", "coordinates": [ [ [ 26.11667449999997, 44.404246600000036 ], [ 26.11667449999997, 44.409246600000039 ], [ 26.111674499999971, 44.409246600000039 ], [ 26.111674499999971, 44.404246600000036 ], [ 26.11667449999997, 44.404246600000036 ] ] ] } },
{ "type": "Feature", "properties": { "cell_id": 716, "education": 0.95853637910826062, "health": 0.98169010066499662, "green": 0.92883073371609648, "groceries": 0.98468950582459625, "transit": 0.83344816254617271, "culture": 0.98866084788403885, "services": 0.98360157145727634, "livability": 0.95135104302877671 }, "geometry": { "type": "Polygon", "coordinates": [ [ [ 26.11667449999997, 44.409246600000039 ], [ 26.11667449999997, 44.414246600000041 ], [ 26.111674499999971, 44.414246600000041 ], [ 26.111674499999971, 44.409246600000039 ], [ 26.11667449999997, 44.409246600000039 ] ] ] } },
{ "type": "Feature", "properties": { "cell_id": 717, "education": 0.81216666867623855, "health": 0.85703679825528201, "green": 0.96546698510068518, "groceries": 0.98079461793092826, "transit": 1.0, "culture": 0.93317361910625929, "services": 0.82415337918128373, "livability": 0.9103988668929538 }, "geometry": { "type": "Polygon", "coordinates": [ [ [ 26.11667449999997, 44.414246600000041 ], [ 26.11667449999997, 44.419246600000044 ], [ 26.111674499999971, 44.419246600000044 ], [ 26.111674499999971, 44.414246600000041 ], [ 26.11667449999997, 44.414246600000041 ] ] ] } },
{ "type": "Feature", "properties": { "cell_id": 718, "education": 0.93408887416256392, "health": 0.9442004764162959, "green": 0.97631715945855468, "groceries": 0.97448338539319124, "transit": 0.88514299565847254, "culture": 0.9620676843011926, "services": 0.93570976870832701, "livability": 0.94457290629979962 }, "geometry": { "type": "Polygon", "coordinates": [ [ [ 26.11667449999997, 44.419246600000044 ], [ 26.11667449999997, 44.424246600000046 ], [ 26.111674499999971, 44.424246600000046 ], [ 26.111674499999971, 44.419246600000044 ], [ 26.11667449999997, 44.419246600000044 ] ] ] } },
{ "type": "Feature", "properties": { "cell_id": 719, "education": 0.90233833112361617, "health": 0.96768890637902349, "green": 0.84376527409600566, "groceries": 0.88275038585178023, "transit": 0.85946250972710847, "culture": 0.98663297419934803, "services": 0.95888506710910826, "livability": 0.91450334978371273 }, "geometry": { "type": "Polygon", "coordinates": [ [ [ 26.11667449999997, 44.424246600000046 ], [ 26.11667449999997, 44.429246600000049 ], [ 26.111674499999971, 44.429246600000049 ], [ 26.111674499999971, 44.424246600000046 ], [ 26.11667449999997, 44.424246600000046 ] ] ] } },
{ "type": "Feature", "properties": { "cell_id": 720, "education": 0.87280114774886342, "health": 0.9594050426207138, "green": 0.90218428152787478, "groceries": 0.91408376406295677, "transit": 0.95948682228825999, "culture": 0.95648882167263549, "services": 0.93740647197246896, "livability": 0.92883662169911041 }, "geometry": { "type": "Polygon", "coordinates": [ [ [ 26.11667449999997, 44.429246600000049 ], [ 26.11667449999997, 44.434246600000051 ], [ 26.111674499999971, 44.434246600000051 ], [ 26.111674499999971, 44.429246600000049 ], [ 26.11667449999997, 44.429246600000049 ] ] ] } },
{ "type": "Feature", "properties": { "cell_id": 721, "education": 0.93156193809863541, "health": 0.97947732415952782, "green": 0.91374654806190914, "groceries": 0.96655128128394985, "transit": 0.93465977757902152, "culture": 1.0, "services": 0.97660749280816839, "livability": 0.9575149088558873 }, "geometry": { "type": "Polygon", "coordinates": [ [ [ 26.11667449999997, 44.434246600000051 ], [ 26.11667449999997, 44.439246600000054 ], [ 26.111674499999971, 44.439246600000054 ], [ 26.111674499999971, 44.434246600000051 ], [ 26.11667449999997, 44.434246600000051 ] ] ] } },
{ "type": "Feature", "properties": { "cell_id": 722, "education": 0.95326211207134071, "health": 0.95642806634180144, "green": 0.9087417341648647, "groceries": 0.91845429963930936, "transit": 0.87446245225088881, "culture": 0.97886837462917142, "services": 0.94497324568640406, "livability": 0.93359861211196871 }, "geometry": { "type": "Polygon", "coordinates": [ [ [ 26.11667449999997, 44.439246600000054 ], [ 26.11667449999997, 44.444246600000056 ], [ 26.111674499999971, 44.444246600000056 ], [ 26.111674499999971, 44.439246600000054 ], [ 26.11667449999997, 44.439246600000054 ] ] ] } },
{ "type": "Feature", "properties": { "cell_id": 723, "education": 0.96742150546469619, "health": 1.0, "green": 0.9337276938302882, "groceries": 0.93850658571076029, "transit": 1.0, "culture": 0.99347045803312983, "services": 0.94217942994774573, "livability": 0.96790081042665987 }, "geometry": { "type": "Polygon", "coordinates": [ [ [ 26.11667449999997, 44.444246600000056 ], [ 26.11667449999997, 44.449246600000059 ], [ 26.111674499999971, 44.449246600000059 ], [ 26.111674499999971, 44.444246600000056 ], [ 26.11667449999997, 44.444246600000056 ] ] ] } },
{ "type": "Feature", "properties": { "cell_id": 724, "education": 0.87995343671832549, "health": 1.0, "green": 0.86776976566285646, "groceries": 0.93286222289621334, "transit": 0.79045840427292935, "culture": 0.93211046420515697, "services": 0.9122527973229414, "livability": 0.90220101301120326 }, "geometry": { "type": "Polygon", "coordinates": [ [ [ 26.11667449999997, 44.449246600000059 ], [ 26.11667449999997, 44.454246600000062 ], [ 26.111674499999971, 44.454246600000062 ], [ 26.111674499999971, 44.449246600000059 ], [ 26.11667449999997, 44.449246600000059 ] ] ] } },
{ "type": "Feature", "properties": { "cell_id": 725, "education": 0.90911051013458455, "health": 0.94557039274445009, "green": 0.93632232316089592, "groceries": 0.94742676327891473, "transit": 0.85125100045880497, "culture": 0.97071918294950066, "services": 0.94142797085824725, "livability": 0.92883259194077117 }, "geometry": { "type": "Polygon", "coordinates": [ [ [ 26.11667449999997, 44.454246600000062 ], [ 26.11667449999997, 44.459246600000064 ], [ 26.111674499999971, 44.459246600000064 ], [ 26.111674499999971, 44.454246600000062 ], [ 26.11667449999997, 44.454246600000062 ] ] ] } },
{ "type": "Feature", "properties": { "cell_id": 726, "education": 1.0, "health": 0.8995223175213648, "green": 0.98218613972855728, "groceries": 0.86978091314485984, "transit": 0.7354786080702167, "culture": 0.85996992188603283, "services": 0.92217969405983347, "livability": 0.89558822777298064 }, "geometry": { "type": "Polygon", "coordinates": [ [ [ 26.11667449999997, 44.459246600000064 ], [ 26.11667449999997, 44.464246600000067 ], [ 26.111674499999971, 44.464246600000067 ], [ 26.111674499999971, 44.459246600000064 ], [ 26.11667449999997, 44.459246600000064 ] ] ] } },
{ "type": "Feature", "properties": { "cell_id": 727, "education": 0.93194530698340428, "health": 0.89922987883172556, "green": 0.93520218588701254, "groceries": 0.95832050387399559, "transit": 0.80473300580389862, "culture": 0.9521686629379924, "services": 0.91576651173406043, "livability": 0.91390943657886992 }, "geometry": { "type": "Polygon", "coordinates": [ [ [ 26.11667449999997, 44.464246600000067 ], [ 26.11667449999997, 44.469246600000069 ], [ 26.111674499999971, 44.469246600000069 ], [ 26.111674499999971, 44.464246600000067 ], [ 26.11667449999997, 44.464246600000067 ] ] ] } },
{ "type": "Feature", "properties": { "cell_id": 728, "education": 0.9329924864978717, "health": 0.8128434499943078, "green": 0.9958412290952714, "groceries": 0.86441434719294374, "transit": 0.66948218443506313, "culture": 0.97785126279786494, "services": 0.80721616648135641, "livability": 0.86580587521352548 }, "geometry": { "type": "Polygon", "coordinates": [ [ [ 26.11667449999997, 44.469246600000069 ], [ 26.11667449999997, 44.474246600000072 ], [ 26.111674499999971, 44.474246600000072 ], [ 26.111674499999971, 44.469246600000069 ], [ 26.11667449999997, 44.469246600000069 ] ] ] } },
{ "type": "Feature", "properties": { "cell_id": 729, "education": 0.73956609971760301, "health": 0.90502099274943903, "green": 0.86069826843235053, "groceries": 0.86546399386689254, "transit": 0.87739459434216838, "culture": 0.8916213997000092, "services": 0.92052753028469358, "livability": 0.86575612558473658 }, "geometry": { "type": "Polygon", "coordinates": [ [ [ 26.11667449999997, 44.474246600000072 ], [ 26.11667449999997, 44.479246600000074 ], [ 26.111674499999971, 44.479246600000074 ], [ 26.111674499999971, 44.474246600000072 ], [ 26.11667449999997, 44.474246600000072 ] ] ] } },
{ "type": "Feature", "properties": { "cell_id": 730, "education": 0.78499517246355177, "health": 0.9442870165726055, "green": 0.84217015846729626, "groceries": 0.91532937664969238, "transit": 0.84739682693290064, "culture": 0.92730433023372072, "services": 0.91103879716050185, "livability": 0.88178881121146702 }, "geometry": { "type": "Polygon", "coordinates": [ [ [ 26.11667449999997, 44.479246600000074 ], [ 26.11667449999997, 44.484246600000077 ], [ 26.111674499999971, 44.484246600000077 ], [ 26.111674499999971, 44.479246600000074 ], [ 26.11667449999997, 44.479246600000074 ] ] ] } },
{ "type": "Feature", "properties": { "cell_id": 731, "education": 0.70587590714778448, "health": 0.90178496184899626, "green": 0.81547436032848875, "groceries": 0.8095874727887783, "transit": 0.95916152074119165, "culture": 0.87817300908542506, "services": 0.83273086141806985, "livability": 0.84325544190839052 }, "geometry": { "type": "Polygon", "coordinates": [ [ [ 26.11667449999997, 44.484246600000077 ], [ 26.11667449999997, 44.489246600000079 ], [ 26.111674499999971, 44.489246600000079 ], [ 26.111674499999971, 44.484246600000077 ], [ 26.11667449999997, 44.484246600000077 ] ] ] } },
{ "type": "Feature", "properties": { "cell_id": 732, "education": 0.54912407618152015, "health": 0.7138524861722999, "green": 0.56328067074140054, "groceries": 0.86366290332910967, "transit": 0.66616450014772688, "culture": 0.79386341450243592, "services": 0.68183564812130959, "livability": 0.6902548141708289 }, "geometry": { "type": "Polygon", "coordinates": [ [ [ 26.121674499999969, 44.359246600000013 ], [ 26.121674499999969, 44.364246600000016 ], [ 26.11667449999997, 44.364246600000016 ], [ 26.11667449999997, 44.359246600000013 ], [ 26.121674499999969, 44.359246600000013 ] ] ] } },
{ "type": "Feature", "properties": { "cell_id": 733, "education": 0.7009811252356164, "health": 0.81134864256016415, "green": 0.69016507196359944, "groceries": 0.88510285515947618, "transit": 0.88485068498943831, "culture": 0.86510575660725519, "services": 0.76685481780575948, "livability": 0.80062985061732983 }, "geometry": { "type": "Polygon", "coordinates": [ [ [ 26.121674499999969, 44.364246600000016 ], [ 26.121674499999969, 44.369246600000018 ], [ 26.11667449999997, 44.369246600000018 ], [ 26.11667449999997, 44.364246600000016 ], [ 26.121674499999969, 44.364246600000016 ] ] ] } },
{ "type": "Feature", "properties": { "cell_id": 734, "education": 0.80479107293698982, "health": 0.91435590948301815, "green": 0.87889882427112143, "groceries": 0.91934049706134213, "transit": 0.84228263914150925, "culture": 0.94607512715950604, "services": 0.87701718121581351, "livability": 0.88325160732418562 }, "geometry": { "type": "Polygon", "coordinates": [ [ [ 26.121674499999969, 44.369246600000018 ], [ 26.121674499999969, 44.374246600000021 ], [ 26.11667449999997, 44.374246600000021 ], [ 26.11667449999997, 44.369246600000018 ], [ 26.121674499999969, 44.369246600000018 ] ] ] } },
{ "type": "Feature", "properties": { "cell_id": 735, "education": 0.87543403237588424, "health": 0.96349319573016357, "green": 0.9708990506994003, "groceries": 0.963827220886875, "transit": 0.97269087452653236, "culture": 0.93349413525530256, "services": 0.96818882655137728, "livability": 0.94971819086079079 }, "geometry": { "type": "Polygon", "coordinates": [ [ [ 26.121674499999969, 44.374246600000021 ], [ 26.121674499999969, 44.379246600000023 ], [ 26.11667449999997, 44.379246600000023 ], [ 26.11667449999997, 44.374246600000021 ], [ 26.121674499999969, 44.374246600000021 ] ] ] } },
{ "type": "Feature", "properties": { "cell_id": 736, "education": 0.9335512762736945, "health": 0.96056949706468353, "green": 0.98673694724118666, "groceries": 0.94007491508868368, "transit": 0.86274792108698495, "culture": 0.97464689737575105, "services": 0.94595504648330164, "livability": 0.94346892865918364 }, "geometry": { "type": "Polygon", "coordinates": [ [ [ 26.121674499999969, 44.379246600000023 ], [ 26.121674499999969, 44.384246600000026 ], [ 26.11667449999997, 44.384246600000026 ], [ 26.11667449999997, 44.379246600000023 ], [ 26.121674499999969, 44.379246600000023 ] ] ] } },
{ "type": "Feature", "properties": { "cell_id": 737, "education": 0.98834299103202539, "health": 0.95523295618570425, "green": 0.96268882480929485, "groceries": 0.94427987132566016, "transit": 0.91764762253967902, "culture": 0.96914192947857203, "services": 0.96140032511633544, "livability": 0.95696207435532443 }, "geometry": { "type": "Polygon", "coordinates": [ [ [ 26.121674499999969, 44.384246600000026 ], [ 26.121674499999969, 44.389246600000028 ], [ 26.11667449999997, 44.389246600000028 ], [ 26.11667449999997, 44.384246600000026 ], [ 26.121674499999969, 44.384246600000026 ] ] ] } },
{ "type": "Feature", "properties": { "cell_id": 738, "education": 0.98744323882961649, "health": 0.97741885860897848, "green": 0.98248123776101026, "groceries": 0.9873810556380066, "transit": 0.921985272860667, "culture": 0.95094652039597205, "services": 0.95441655354499044, "livability": 0.96601039109132014 }, "geometry": { "type": "Polygon", "coordinates": [ [ [ 26.121674499999969, 44.389246600000028 ], [ 26.121674499999969, 44.394246600000031 ], [ 26.11667449999997, 44.394246600000031 ], [ 26.11667449999997, 44.389246600000028 ], [ 26.121674499999969, 44.389246600000028 ] ] ] } },
{ "type": "Feature", "properties": { "cell_id": 739, "education": 0.95423850750087669, "health": 0.96043280487430371, "green": 0.88628303721179036, "groceries": 0.91769490335585446, "transit": 0.87843917554340289, "culture": 0.97886717405792201, "services": 0.91944827429756848, "livability": 0.92791483954881693 }, "geometry": { "type": "Polygon", "coordinates": [ [ [ 26.121674499999969, 44.394246600000031 ], [ 26.121674499999969, 44.399246600000033 ], [ 26.11667449999997, 44.399246600000033 ], [ 26.11667449999997, 44.394246600000031 ], [ 26.121674499999969, 44.394246600000031 ] ] ] } },
{ "type": "Feature", "properties": { "cell_id": 740, "education": 0.88688456099031643, "health": 0.96303519098636925, "green": 0.91872603871762371, "groceries": 0.94832389529094885, "transit": 0.86675937730452279, "culture": 0.96787907317200883, "services": 0.86419060287429483, "livability": 0.91654267704801207 }, "geometry": { "type": "Polygon", "coordinates": [ [ [ 26.121674499999969, 44.399246600000033 ], [ 26.121674499999969, 44.404246600000036 ], [ 26.11667449999997, 44.404246600000036 ], [ 26.11667449999997, 44.399246600000033 ], [ 26.121674499999969, 44.399246600000033 ] ] ] } },
{ "type": "Feature", "properties": { "cell_id": 741, "education": 0.94962919256283318, "health": 0.95930954749150732, "green": 0.94103368220142158, "groceries": 0.92817143747713804, "transit": 0.86829455702102443, "culture": 0.95959921206688337, "services": 0.88429951517549354, "livability": 0.92719102057090019 }, "geometry": { "type": "Polygon", "coordinates": [ [ [ 26.121674499999969, 44.404246600000036 ], [ 26.121674499999969, 44.409246600000039 ], [ 26.11667449999997, 44.409246600000039 ], [ 26.11667449999997, 44.404246600000036 ], [ 26.121674499999969, 44.404246600000036 ] ] ] } },
{ "type": "Feature", "properties": { "cell_id": 742, "education": 0.90534287358971588, "health": 0.94544750476141215, "green": 0.82572645744884587, "groceries": 0.90578420796307446, "transit": 0.91139476351200233, "culture": 1.0, "services": 0.92519655357307995, "livability": 0.9169846229783043 }, "geometry": { "type": "Polygon", "coordinates": [ [ [ 26.121674499999969, 44.409246600000039 ], [ 26.121674499999969, 44.414246600000041 ], [ 26.11667449999997, 44.414246600000041 ], [ 26.11667449999997, 44.409246600000039 ], [ 26.121674499999969, 44.409246600000039 ] ] ] } },
{ "type": "Feature", "properties": { "cell_id": 743, "education": 0.9487826987769169, "health": 0.94936214250240869, "green": 0.91048866791423977, "groceries": 0.97320842567384624, "transit": 0.78948919615096336, "culture": 0.95336540958442595, "services": 0.9228918316103496, "livability": 0.9210840531733071 }, "geometry": { "type": "Polygon", "coordinates": [ [ [ 26.121674499999969, 44.414246600000041 ], [ 26.121674499999969, 44.419246600000044 ], [ 26.11667449999997, 44.419246600000044 ], [ 26.11667449999997, 44.414246600000041 ], [ 26.121674499999969, 44.414246600000041 ] ] ] } },
{ "type": "Feature", "properties": { "cell_id": 744, "education": 0.90535593175712292, "health": 0.96276501584587171, "green": 0.97448423463554601, "groceries": 0.95243235651726699, "transit": 0.87773140751695111, "culture": 0.95784846219551145, "services": 0.94900626533372667, "livability": 0.93994623911457076 }, "geometry": { "type": "Polygon", "coordinates": [ [ [ 26.121674499999969, 44.419246600000044 ], [ 26.121674499999969, 44.424246600000046 ], [ 26.11667449999997, 44.424246600000046 ], [ 26.11667449999997, 44.419246600000044 ], [ 26.121674499999969, 44.419246600000044 ] ] ] } },
{ "type": "Feature", "properties": { "cell_id": 745, "education": 0.98620398685145916, "health": 0.96532619602095193, "green": 0.90370530237014057, "groceries": 0.92024917250689886, "transit": 0.98364675821967684, "culture": 0.9777765335511488, "services": 0.99817997346623299, "livability": 0.96215541756950129 }, "geometry": { "type": "Polygon", "coordinates": [ [ [ 26.121674499999969, 44.424246600000046 ], [ 26.121674499999969, 44.429246600000049 ], [ 26.11667449999997, 44.429246600000049 ], [ 26.11667449999997, 44.424246600000046 ], [ 26.121674499999969, 44.424246600000046 ] ] ] } },
{ "type": "Feature", "properties": { "cell_id": 746, "education": 0.88228195493686257, "health": 0.96908976121709822, "green": 0.882301245169551, "groceries": 0.97685280500244553, "transit": 0.93016656568185963, "culture": 0.98329501678610709, "services": 0.93464879109441656, "livability": 0.93694801998404853 }, "geometry": { "type": "Polygon", "coordinates": [ [ [ 26.121674499999969, 44.429246600000049 ], [ 26.121674499999969, 44.434246600000051 ], [ 26.11667449999997, 44.434246600000051 ], [ 26.11667449999997, 44.429246600000049 ], [ 26.121674499999969, 44.429246600000049 ] ] ] } },
{ "type": "Feature", "properties": { "cell_id": 747, "education": 1.0, "health": 0.96187132849829682, "green": 0.95701327040857986, "groceries": 0.98362906452660115, "transit": 0.93627910613830767, "culture": 0.97414367727407636, "services": 0.95800037747269207, "livability": 0.96727668918836485 }, "geometry": { "type": "Polygon", "coordinates": [ [ [ 26.121674499999969, 44.434246600000051 ], [ 26.121674499999969, 44.439246600000054 ], [ 26.11667449999997, 44.439246600000054 ], [ 26.11667449999997, 44.434246600000051 ], [ 26.121674499999969, 44.434246600000051 ] ] ] } },
{ "type": "Feature", "properties": { "cell_id": 748, "education": 0.92867164122669765, "health": 0.96380056304336592, "green": 0.89433182332606309, "groceries": 0.93623571494192348, "transit": 0.89669502833465808, "culture": 0.95808146237921377, "services": 0.9936633639346828, "livability": 0.93878279959808641 }, "geometry": { "type": "Polygon", "coordinates": [ [ [ 26.121674499999969, 44.439246600000054 ], [ 26.121674499999969, 44.444246600000056 ], [ 26.11667449999997, 44.444246600000056 ], [ 26.11667449999997, 44.439246600000054 ], [ 26.121674499999969, 44.439246600000054 ] ] ] } },
{ "type": "Feature", "properties": { "cell_id": 749, "education": 0.96502381534136372, "health": 0.95552558294228784, "green": 0.89615428080908432, "groceries": 0.9280441928327432, "transit": 0.84516181994389439, "culture": 0.98963608511369439, "services": 0.94558742431807608, "livability": 0.93216188590016325 }, "geometry": { "type": "Polygon", "coordinates": [ [ [ 26.121674499999969, 44.444246600000056 ], [ 26.121674499999969, 44.449246600000059 ], [ 26.11667449999997, 44.449246600000059 ], [ 26.11667449999997, 44.444246600000056 ], [ 26.121674499999969, 44.444246600000056 ] ] ] } },
{ "type": "Feature", "properties": { "cell_id": 750, "education": 0.9126719251489166, "health": 1.0, "green": 0.84500077873932844, "groceries": 0.9850812038277299, "transit": 0.99071107475994424, "culture": 0.97833798389474458, "services": 1.0, "livability": 0.95882899519580889 }, "geometry": { "type": "Polygon", "coordinates": [ [ [ 26.121674499999969, 44.449246600000059 ], [ 26.121674499999969, 44.454246600000062 ], [ 26.11667449999997, 44.454246600000062 ], [ 26.11667449999997, 44.449246600000059 ], [ 26.121674499999969, 44.449246600000059 ] ] ] } },
{ "type": "Feature", "properties": { "cell_id": 751, "education": 0.87341418421697659, "health": 0.91630587223377813, "green": 0.85276770601220586, "groceries": 0.88990856373118588, "transit": 0.74392579382930146, "culture": 0.93299673317994591, "services": 0.89916714793011066, "livability": 0.87264085730478624 }, "geometry": { "type": "Polygon", "coordinates": [ [ [ 26.121674499999969, 44.454246600000062 ], [ 26.121674499999969, 44.459246600000064 ], [ 26.11667449999997, 44.459246600000064 ], [ 26.11667449999997, 44.454246600000062 ], [ 26.121674499999969, 44.454246600000062 ] ] ] } },
{ "type": "Feature", "properties": { "cell_id": 752, "education": 1.0, "health": 1.0, "green": 0.8839107862247052, "groceries": 1.0, "transit": 1.0, "culture": 0.9630097233129562, "services": 0.99362514784564349, "livability": 0.97722080819761492 }, "geometry": { "type": "Polygon", "coordinates": [ [ [ 26.121674499999969, 44.459246600000064 ], [ 26.121674499999969, 44.464246600000067 ], [ 26.11667449999997, 44.464246600000067 ], [ 26.11667449999997, 44.459246600000064 ], [ 26.121674499999969, 44.459246600000064 ] ] ] } },
{ "type": "Feature", "properties": { "cell_id": 753, "education": 0.85394886965045325, "health": 0.90140674276103494, "green": 0.90517302211839423, "groceries": 0.96157251197127358, "transit": 0.7226501826351589, "culture": 0.89407776297491448, "services": 0.89823873193032733, "livability": 0.8767239748630794 }, "geometry": { "type": "Polygon", "coordinates": [ [ [ 26.121674499999969, 44.464246600000067 ], [ 26.121674499999969, 44.469246600000069 ], [ 26.11667449999997, 44.469246600000069 ], [ 26.11667449999997, 44.464246600000067 ], [ 26.121674499999969, 44.464246600000067 ] ] ] } },
{ "type": "Feature", "properties": { "cell_id": 754, "education": 0.70446845559780247, "health": 0.78471866822164738, "green": 0.87063490221123596, "groceries": 0.83345044653115741, "transit": 0.78283363095522895, "culture": 0.81065937488526174, "services": 0.80324829984048596, "livability": 0.79857339689183138 }, "geometry": { "type": "Polygon", "coordinates": [ [ [ 26.121674499999969, 44.469246600000069 ], [ 26.121674499999969, 44.474246600000072 ], [ 26.11667449999997, 44.474246600000072 ], [ 26.11667449999997, 44.469246600000069 ], [ 26.121674499999969, 44.469246600000069 ] ] ] } },
{ "type": "Feature", "properties": { "cell_id": 755, "education": 0.75268360800565848, "health": 0.96302962525124169, "green": 0.91107536534748701, "groceries": 0.9536234635536559, "transit": 0.88130394205288309, "culture": 0.92978220170173231, "services": 0.98256556163416942, "livability": 0.9105805382209754 }, "geometry": { "type": "Polygon", "coordinates": [ [ [ 26.121674499999969, 44.474246600000072 ], [ 26.121674499999969, 44.479246600000074 ], [ 26.11667449999997, 44.479246600000074 ], [ 26.11667449999997, 44.474246600000072 ], [ 26.121674499999969, 44.474246600000072 ] ] ] } },
{ "type": "Feature", "properties": { "cell_id": 756, "education": 0.81223255721256027, "health": 0.99404975874454737, "green": 0.98230343078993865, "groceries": 0.95757392297633293, "transit": 0.94634279654510178, "culture": 0.97765849338196209, "services": 0.99486551556509817, "livability": 0.95214663931650589 }, "geometry": { "type": "Polygon", "coordinates": [ [ [ 26.121674499999969, 44.479246600000074 ], [ 26.121674499999969, 44.484246600000077 ], [ 26.11667449999997, 44.484246600000077 ], [ 26.11667449999997, 44.479246600000074 ], [ 26.121674499999969, 44.479246600000074 ] ] ] } },
{ "type": "Feature", "properties": { "cell_id": 757, "education": 0.60925497141586327, "health": 0.83648837003356147, "green": 0.69583551197957272, "groceries": 0.71035202008916665, "transit": 0.85830368148563929, "culture": 0.80621078486251452, "services": 0.76289863412096892, "livability": 0.7541919962838981 }, "geometry": { "type": "Polygon", "coordinates": [ [ [ 26.121674499999969, 44.484246600000077 ], [ 26.121674499999969, 44.489246600000079 ], [ 26.11667449999997, 44.489246600000079 ], [ 26.11667449999997, 44.484246600000077 ], [ 26.121674499999969, 44.484246600000077 ] ] ] } },
{ "type": "Feature", "properties": { "cell_id": 758, "education": 0.34559817873008769, "health": 0.56157863734111357, "green": 0.28427885148391041, "groceries": 0.63224248913984904, "transit": 0.26421185990845519, "culture": 0.65598371486519169, "services": 0.51898454475835876, "livability": 0.46612546803242372 }, "geometry": { "type": "Polygon", "coordinates": [ [ [ 26.126674499999968, 44.35424660000001 ], [ 26.126674499999968, 44.359246600000013 ], [ 26.121674499999969, 44.359246600000013 ], [ 26.121674499999969, 44.35424660000001 ], [ 26.126674499999968, 44.35424660000001 ] ] ] } },
{ "type": "Feature", "properties": { "cell_id": 759, "education": 0.66062662478838963, "health": 0.97703736406607766, "green": 0.88290093909650025, "groceries": 0.97230608936153429, "transit": 0.96105371076977208, "culture": 0.96447450443912219, "services": 0.97544233217545662, "livability": 0.91340593781383594 }, "geometry": { "type": "Polygon", "coordinates": [ [ [ 26.126674499999968, 44.359246600000013 ], [ 26.126674499999968, 44.364246600000016 ], [ 26.121674499999969, 44.364246600000016 ], [ 26.121674499999969, 44.359246600000013 ], [ 26.126674499999968, 44.359246600000013 ] ] ] } },
{ "type": "Feature", "properties": { "cell_id": 760, "education": 0.70918775657257194, "health": 0.89126137588193088, "green": 0.94318040765502431, "groceries": 0.93667347505971543, "transit": 0.95621819378438966, "culture": 0.96293194448353481, "services": 0.903580049245022, "livability": 0.9004333146688841 }, "geometry": { "type": "Polygon", "coordinates": [ [ [ 26.126674499999968, 44.364246600000016 ], [ 26.126674499999968, 44.369246600000018 ], [ 26.121674499999969, 44.369246600000018 ], [ 26.121674499999969, 44.364246600000016 ], [ 26.126674499999968, 44.364246600000016 ] ] ] } },
{ "type": "Feature", "properties": { "cell_id": 761, "education": 0.7611501484856823, "health": 0.88272733419736882, "green": 0.90433124074609894, "groceries": 0.98738817442739335, "transit": 0.97046354940875335, "culture": 0.98231954275639966, "services": 0.84319162007972914, "livability": 0.90451023001448938 }, "geometry": { "type": "Polygon", "coordinates": [ [ [ 26.126674499999968, 44.369246600000018 ], [ 26.126674499999968, 44.374246600000021 ], [ 26.121674499999969, 44.374246600000021 ], [ 26.121674499999969, 44.369246600000018 ], [ 26.126674499999968, 44.369246600000018 ] ] ] } },
{ "type": "Feature", "properties": { "cell_id": 762, "education": 0.82525427109541161, "health": 0.92929571980351289, "green": 0.90824116117480269, "groceries": 0.92752433340036744, "transit": 0.90941214009442672, "culture": 0.94094956601210877, "services": 0.9158951844622194, "livability": 0.90808176800612128 }, "geometry": { "type": "Polygon", "coordinates": [ [ [ 26.126674499999968, 44.374246600000021 ], [ 26.126674499999968, 44.379246600000023 ], [ 26.121674499999969, 44.379246600000023 ], [ 26.121674499999969, 44.374246600000021 ], [ 26.126674499999968, 44.374246600000021 ] ] ] } },
{ "type": "Feature", "properties": { "cell_id": 763, "education": 0.95691293892635965, "health": 0.97846528836864755, "green": 0.98355634679513937, "groceries": 0.97296511530507546, "transit": 0.95862396474132006, "culture": 0.91761477148544013, "services": 0.88505850419671173, "livability": 0.95045670425981332 }, "geometry": { "type": "Polygon", "coordinates": [ [ [ 26.126674499999968, 44.379246600000023 ], [ 26.126674499999968, 44.384246600000026 ], [ 26.121674499999969, 44.384246600000026 ], [ 26.121674499999969, 44.379246600000023 ], [ 26.126674499999968, 44.379246600000023 ] ] ] } },
{ "type": "Feature", "properties": { "cell_id": 764, "education": 0.87098406790853156, "health": 0.98828631138746592, "green": 0.97853774329474086, "groceries": 0.89401155020685419, "transit": 0.8512706281293394, "culture": 0.88812881462337234, "services": 0.91933586540247447, "livability": 0.91293642585039692 }, "geometry": { "type": "Polygon", "coordinates": [ [ [ 26.126674499999968, 44.384246600000026 ], [ 26.126674499999968, 44.389246600000028 ], [ 26.121674499999969, 44.389246600000028 ], [ 26.121674499999969, 44.384246600000026 ], [ 26.126674499999968, 44.384246600000026 ] ] ] } },
{ "type": "Feature", "properties": { "cell_id": 765, "education": 0.88123335438255479, "health": 0.98754638268995321, "green": 1.0, "groceries": 0.96585253647579661, "transit": 0.99769413174451105, "culture": 0.97523740397284453, "services": 0.96925864613237733, "livability": 0.96811749362829103 }, "geometry": { "type": "Polygon", "coordinates": [ [ [ 26.126674499999968, 44.389246600000028 ], [ 26.126674499999968, 44.394246600000031 ], [ 26.121674499999969, 44.394246600000031 ], [ 26.121674499999969, 44.389246600000028 ], [ 26.126674499999968, 44.389246600000028 ] ] ] } },
{ "type": "Feature", "properties": { "cell_id": 766, "education": 0.90115410837336263, "health": 0.9288258798360034, "green": 0.87760614665289693, "groceries": 0.9700194282703607, "transit": 0.79766853272083216, "culture": 0.9263806527760674, "services": 0.89646226663433759, "livability": 0.89973100218055146 }, "geometry": { "type": "Polygon", "coordinates": [ [ [ 26.126674499999968, 44.394246600000031 ], [ 26.126674499999968, 44.399246600000033 ], [ 26.121674499999969, 44.399246600000033 ], [ 26.121674499999969, 44.394246600000031 ], [ 26.126674499999968, 44.394246600000031 ] ] ] } },
{ "type": "Feature", "properties": { "cell_id": 767, "education": 0.8359196854419344, "health": 0.92612826489001787, "green": 0.8334842797272235, "groceries": 0.85243695103009176, "transit": 0.86186986692447354, "culture": 0.92952148378537924, "services": 0.85581072011285531, "livability": 0.87073875027313929 }, "geometry": { "type": "Polygon", "coordinates": [ [ [ 26.126674499999968, 44.399246600000033 ], [ 26.126674499999968, 44.404246600000036 ], [ 26.121674499999969, 44.404246600000036 ], [ 26.121674499999969, 44.399246600000033 ], [ 26.126674499999968, 44.399246600000033 ] ] ] } },
{ "type": "Feature", "properties": { "cell_id": 768, "education": 0.79969151847947173, "health": 0.8837363507815621, "green": 1.0, "groceries": 0.97417929462763164, "transit": 0.81383076940909316, "culture": 0.94223318888977581, "services": 0.96380439543952767, "livability": 0.91106793108958006 }, "geometry": { "type": "Polygon", "coordinates": [ [ [ 26.126674499999968, 44.404246600000036 ], [ 26.126674499999968, 44.409246600000039 ], [ 26.121674499999969, 44.409246600000039 ], [ 26.121674499999969, 44.404246600000036 ], [ 26.126674499999968, 44.404246600000036 ] ] ] } },
{ "type": "Feature", "properties": { "cell_id": 769, "education": 0.85312989769782732, "health": 0.92557100226188893, "green": 0.84781123911964607, "groceries": 0.95824651659896098, "transit": 0.93166568908989134, "culture": 0.9361933640495802, "services": 0.85115549237507526, "livability": 0.90053902874183844 }, "geometry": { "type": "Polygon", "coordinates": [ [ [ 26.126674499999968, 44.409246600000039 ], [ 26.126674499999968, 44.414246600000041 ], [ 26.121674499999969, 44.414246600000041 ], [ 26.121674499999969, 44.409246600000039 ], [ 26.126674499999968, 44.409246600000039 ] ] ] } },
{ "type": "Feature", "properties": { "cell_id": 770, "education": 0.98446351345301197, "health": 0.95785655591565178, "green": 0.98076227120147863, "groceries": 0.96830002445099661, "transit": 0.85415073263243013, "culture": 0.93577028119201711, "services": 0.94256978154538273, "livability": 0.94626759434156693 }, "geometry": { "type": "Polygon", "coordinates": [ [ [ 26.126674499999968, 44.414246600000041 ], [ 26.126674499999968, 44.419246600000044 ], [ 26.121674499999969, 44.419246600000044 ], [ 26.121674499999969, 44.414246600000041 ], [ 26.126674499999968, 44.414246600000041 ] ] ] } },
{ "type": "Feature", "properties": { "cell_id": 771, "education": 0.89008220195828114, "health": 0.98668443758909607, "green": 0.95286757931165289, "groceries": 0.97976347881171277, "transit": 0.95419496498958578, "culture": 0.94647275402027709, "services": 0.98575951125450356, "livability": 0.95654641827644427 }, "geometry": { "type": "Polygon", "coordinates": [ [ [ 26.126674499999968, 44.419246600000044 ], [ 26.126674499999968, 44.424246600000046 ], [ 26.121674499999969, 44.424246600000046 ], [ 26.121674499999969, 44.419246600000044 ], [ 26.126674499999968, 44.419246600000044 ] ] ] } },
{ "type": "Feature", "properties": { "cell_id": 772, "education": 0.99304705943252158, "health": 0.94601720213465801, "green": 0.94597220227764389, "groceries": 0.987434025455866, "transit": 0.90439321116429594, "culture": 0.98634741284949712, "services": 0.97555953933163786, "livability": 0.9626815218065885 }, "geometry": { "type": "Polygon", "coordinates": [ [ [ 26.126674499999968, 44.424246600000046 ], [ 26.126674499999968, 44.429246600000049 ], [ 26.121674499999969, 44.429246600000049 ], [ 26.121674499999969, 44.424246600000046 ], [ 26.126674499999968, 44.424246600000046 ] ] ] } },
{ "type": "Feature", "properties": { "cell_id": 773, "education": 0.93983390026589075, "health": 0.97212665921854513, "green": 0.87488535691877989, "groceries": 0.96367170134890756, "transit": 0.9019971931226628, "culture": 0.9598130967284485, "services": 0.91186190816318136, "livability": 0.93202711653805936 }, "geometry": { "type": "Polygon", "coordinates": [ [ [ 26.126674499999968, 44.429246600000049 ], [ 26.126674499999968, 44.434246600000051 ], [ 26.121674499999969, 44.434246600000051 ], [ 26.121674499999969, 44.429246600000049 ], [ 26.126674499999968, 44.429246600000049 ] ] ] } },
{ "type": "Feature", "properties": { "cell_id": 774, "education": 0.94845769061481044, "health": 0.96346382577400225, "green": 0.95783386543575322, "groceries": 0.95522104195921376, "transit": 0.92989414496403178, "culture": 0.97331180620484647, "services": 0.94723135233898137, "livability": 0.95363053247023422 }, "geometry": { "type": "Polygon", "coordinates": [ [ [ 26.126674499999968, 44.434246600000051 ], [ 26.126674499999968, 44.439246600000054 ], [ 26.121674499999969, 44.439246600000054 ], [ 26.121674499999969, 44.434246600000051 ], [ 26.126674499999968, 44.434246600000051 ] ] ] } },
{ "type": "Feature", "properties": { "cell_id": 775, "education": 0.9513430085233453, "health": 0.97965927333827452, "green": 0.89756866775968835, "groceries": 0.98445199219422153, "transit": 0.98849591175326823, "culture": 0.99533193274060738, "services": 0.9420350860167499, "livability": 0.96269798176087928 }, "geometry": { "type": "Polygon", "coordinates": [ [ [ 26.126674499999968, 44.439246600000054 ], [ 26.126674499999968, 44.444246600000056 ], [ 26.121674499999969, 44.444246600000056 ], [ 26.121674499999969, 44.439246600000054 ], [ 26.126674499999968, 44.439246600000054 ] ] ] } },
{ "type": "Feature", "properties": { "cell_id": 776, "education": 0.95090042936226193, "health": 0.96193375169559936, "green": 0.91175316493809588, "groceries": 0.97391914831593185, "transit": 0.9564569466109698, "culture": 1.0, "services": 0.97608952811081784, "livability": 0.96157899557623927 }, "geometry": { "type": "Polygon", "coordinates": [ [ [ 26.126674499999968, 44.444246600000056 ], [ 26.126674499999968, 44.449246600000059 ], [ 26.121674499999969, 44.449246600000059 ], [ 26.121674499999969, 44.444246600000056 ], [ 26.126674499999968, 44.444246600000056 ] ] ] } },
{ "type": "Feature", "properties": { "cell_id": 777, "education": 0.89833750395503387, "health": 0.96620457287153727, "green": 0.96084212311158523, "groceries": 0.98865877727992368, "transit": 0.92848525061354803, "culture": 0.97583524759847873, "services": 0.97184005271935725, "livability": 0.9557433611642091 }, "geometry": { "type": "Polygon", "coordinates": [ [ [ 26.126674499999968, 44.449246600000059 ], [ 26.126674499999968, 44.454246600000062 ], [ 26.121674499999969, 44.454246600000062 ], [ 26.121674499999969, 44.449246600000059 ], [ 26.126674499999968, 44.449246600000059 ] ] ] } },
{ "type": "Feature", "properties": { "cell_id": 778, "education": 0.76658519793227176, "health": 0.89398262160297082, "green": 0.76154265412462541, "groceries": 0.87746767267840142, "transit": 0.79942093944608328, "culture": 0.92813769438247351, "services": 0.88473529605693313, "livability": 0.84455315374625128 }, "geometry": { "type": "Polygon", "coordinates": [ [ [ 26.126674499999968, 44.454246600000062 ], [ 26.126674499999968, 44.459246600000064 ], [ 26.121674499999969, 44.459246600000064 ], [ 26.121674499999969, 44.454246600000062 ], [ 26.126674499999968, 44.454246600000062 ] ] ] } },
{ "type": "Feature", "properties": { "cell_id": 779, "education": 0.95257122924732196, "health": 0.95645197428366713, "green": 0.95116131832468609, "groceries": 0.96330503690883018, "transit": 0.89586650871119866, "culture": 0.95399608655512413, "services": 0.94075684884856159, "livability": 0.94487271469705547 }, "geometry": { "type": "Polygon", "coordinates": [ [ [ 26.126674499999968, 44.459246600000064 ], [ 26.126674499999968, 44.464246600000067 ], [ 26.121674499999969, 44.464246600000067 ], [ 26.121674499999969, 44.459246600000064 ], [ 26.126674499999968, 44.459246600000064 ] ] ] } },
{ "type": "Feature", "properties": { "cell_id": 780, "education": 0.92859308578970223, "health": 0.94500467206237526, "green": 0.9817005497066289, "groceries": 0.94151839380159219, "transit": 0.9129536272057448, "culture": 0.98368800378617394, "services": 0.95884635273334384, "livability": 0.9503292407265086 }, "geometry": { "type": "Polygon", "coordinates": [ [ [ 26.126674499999968, 44.464246600000067 ], [ 26.126674499999968, 44.469246600000069 ], [ 26.121674499999969, 44.469246600000069 ], [ 26.121674499999969, 44.464246600000067 ], [ 26.126674499999968, 44.464246600000067 ] ] ] } },
{ "type": "Feature", "properties": { "cell_id": 781, "education": 0.80141587306961137, "health": 0.85023589694918766, "green": 0.99115420324702042, "groceries": 0.93302121541261385, "transit": 1.0, "culture": 0.88286475916445317, "services": 0.87331648994311628, "livability": 0.90457263396942889 }, "geometry": { "type": "Polygon", "coordinates": [ [ [ 26.126674499999968, 44.469246600000069 ], [ 26.126674499999968, 44.474246600000072 ], [ 26.121674499999969, 44.474246600000072 ], [ 26.121674499999969, 44.469246600000069 ], [ 26.126674499999968, 44.469246600000069 ] ] ] } },
{ "type": "Feature", "properties": { "cell_id": 782, "education": 0.66781429386823921, "health": 0.90567479918887983, "green": 0.86427436415920711, "groceries": 0.95082521961506161, "transit": 0.84450468861526373, "culture": 0.92273008288339542, "services": 0.92122675146328725, "livability": 0.86815002854190482 }, "geometry": { "type": "Polygon", "coordinates": [ [ [ 26.126674499999968, 44.474246600000072 ], [ 26.126674499999968, 44.479246600000074 ], [ 26.121674499999969, 44.479246600000074 ], [ 26.121674499999969, 44.474246600000072 ], [ 26.126674499999968, 44.474246600000072 ] ] ] } },
{ "type": "Feature", "properties": { "cell_id": 783, "education": 0.72728385541195983, "health": 0.93967313176869083, "green": 0.88267254887686009, "groceries": 0.87032654935519493, "transit": 0.93175960509722744, "culture": 0.9463804202092746, "services": 0.96658474726217958, "livability": 0.89495440828305528 }, "geometry": { "type": "Polygon", "coordinates": [ [ [ 26.126674499999968, 44.479246600000074 ], [ 26.126674499999968, 44.484246600000077 ], [ 26.121674499999969, 44.484246600000077 ], [ 26.121674499999969, 44.479246600000074 ], [ 26.126674499999968, 44.479246600000074 ] ] ] } },
{ "type": "Feature", "properties": { "cell_id": 784, "education": 0.57293828077648379, "health": 0.94454751040929663, "green": 0.89971108206069761, "groceries": 0.91681451042193141, "transit": 0.74974620846590456, "culture": 0.92838820945827716, "services": 0.85451262237906178, "livability": 0.83809406056737901 }, "geometry": { "type": "Polygon", "coordinates": [ [ [ 26.131674499999967, 44.35424660000001 ], [ 26.131674499999967, 44.359246600000013 ], [ 26.126674499999968, 44.359246600000013 ], [ 26.126674499999968, 44.35424660000001 ], [ 26.131674499999967, 44.35424660000001 ] ] ] } },
{ "type": "Feature", "properties": { "cell_id": 785, "education": 0.67629979773280102, "health": 0.91737795658909116, "green": 0.90933945269112515, "groceries": 0.91181917042795835, "transit": 0.95719174814071095, "culture": 0.90716852359987765, "services": 0.93794693764776038, "livability": 0.88816336954704644 }, "geometry": { "type": "Polygon", "coordinates": [ [ [ 26.131674499999967, 44.359246600000013 ], [ 26.131674499999967, 44.364246600000016 ], [ 26.126674499999968, 44.364246600000016 ], [ 26.126674499999968, 44.359246600000013 ], [ 26.131674499999967, 44.359246600000013 ] ] ] } },
{ "type": "Feature", "properties": { "cell_id": 786, "education": 0.6332908086446265, "health": 0.83623332214419099, "green": 0.84096216575143878, "groceries": 0.86146475732235506, "transit": 0.80877204572145667, "culture": 0.91571399708715095, "services": 0.84821826640515763, "livability": 0.82066505186805361 }, "geometry": { "type": "Polygon", "coordinates": [ [ [ 26.131674499999967, 44.364246600000016 ], [ 26.131674499999967, 44.369246600000018 ], [ 26.126674499999968, 44.369246600000018 ], [ 26.126674499999968, 44.364246600000016 ], [ 26.131674499999967, 44.364246600000016 ] ] ] } },
{ "type": "Feature", "properties": { "cell_id": 787, "education": 0.75470398132316963, "health": 0.87303502281685075, "green": 0.95948245902378482, "groceries": 0.97929768015923901, "transit": 0.76936090497267706, "culture": 0.98565172975471116, "services": 0.83706435323694728, "livability": 0.87979944732676851 }, "geometry": { "type": "Polygon", "coordinates": [ [ [ 26.131674499999967, 44.369246600000018 ], [ 26.131674499999967, 44.374246600000021 ], [ 26.126674499999968, 44.374246600000021 ], [ 26.126674499999968, 44.369246600000018 ], [ 26.131674499999967, 44.369246600000018 ] ] ] } },
{ "type": "Feature", "properties": { "cell_id": 788, "education": 0.8986442195161819, "health": 0.97302084397561539, "green": 0.9015770743071384, "groceries": 0.88737839308288813, "transit": 0.83578674982757639, "culture": 0.91871083277048071, "services": 0.8974531492534541, "livability": 0.90179589467619059 }, "geometry": { "type": "Polygon", "coordinates": [ [ [ 26.131674499999967, 44.374246600000021 ], [ 26.131674499999967, 44.379246600000023 ], [ 26.126674499999968, 44.379246600000023 ], [ 26.126674499999968, 44.374246600000021 ], [ 26.131674499999967, 44.374246600000021 ] ] ] } },
{ "type": "Feature", "properties": { "cell_id": 789, "education": 0.92703679668424188, "health": 0.91841375154309635, "green": 0.91690343302888411, "groceries": 0.93127370228790773, "transit": 0.8538126477183996, "culture": 0.93922360540539673, "services": 0.91797372160489121, "livability": 0.91494823689611682 }, "geometry": { "type": "Polygon", "coordinates": [ [ [ 26.131674499999967, 44.379246600000023 ], [ 26.131674499999967, 44.384246600000026 ], [ 26.126674499999968, 44.384246600000026 ], [ 26.126674499999968, 44.379246600000023 ], [ 26.131674499999967, 44.379246600000023 ] ] ] } },
{ "type": "Feature", "properties": { "cell_id": 790, "education": 0.87304209189405579, "health": 0.99265526169535789, "green": 0.90500351562342174, "groceries": 0.98883772628314959, "transit": 0.92179498758338441, "culture": 0.93621571843577955, "services": 0.96918173270254049, "livability": 0.94096157631681276 }, "geometry": { "type": "Polygon", "coordinates": [ [ [ 26.131674499999967, 44.384246600000026 ], [ 26.131674499999967, 44.389246600000028 ], [ 26.126674499999968, 44.389246600000028 ], [ 26.126674499999968, 44.384246600000026 ], [ 26.131674499999967, 44.384246600000026 ] ] ] } },
{ "type": "Feature", "properties": { "cell_id": 791, "education": 0.87856425731572763, "health": 0.94160145565354114, "green": 0.87394492744059171, "groceries": 0.94762831164210348, "transit": 0.87575325109028879, "culture": 0.97356880129341594, "services": 0.94078487440086056, "livability": 0.91883512554807567 }, "geometry": { "type": "Polygon", "coordinates": [ [ [ 26.131674499999967, 44.389246600000028 ], [ 26.131674499999967, 44.394246600000031 ], [ 26.126674499999968, 44.394246600000031 ], [ 26.126674499999968, 44.389246600000028 ], [ 26.131674499999967, 44.389246600000028 ] ] ] } },
{ "type": "Feature", "properties": { "cell_id": 792, "education": 0.80822289947677628, "health": 0.90525937171455462, "green": 0.80735760721184713, "groceries": 0.89183407270630255, "transit": 0.7335373900248241, "culture": 0.94658519331473689, "services": 0.88478536123143625, "livability": 0.85394027081149682 }, "geometry": { "type": "Polygon", "coordinates": [ [ [ 26.131674499999967, 44.394246600000031 ], [ 26.131674499999967, 44.399246600000033 ], [ 26.126674499999968, 44.399246600000033 ], [ 26.126674499999968, 44.394246600000031 ], [ 26.131674499999967, 44.394246600000031 ] ] ] } },
{ "type": "Feature", "properties": { "cell_id": 793, "education": 0.69689779495129811, "health": 0.81426817853128763, "green": 0.80121272950587563, "groceries": 0.85076842904540051, "transit": 0.62703837379070748, "culture": 0.8656735393147984, "services": 0.88951082115608981, "livability": 0.79219569518506527 }, "geometry": { "type": "Polygon", "coordinates": [ [ [ 26.131674499999967, 44.399246600000033 ], [ 26.131674499999967, 44.404246600000036 ], [ 26.126674499999968, 44.404246600000036 ], [ 26.126674499999968, 44.399246600000033 ], [ 26.131674499999967, 44.399246600000033 ] ] ] } },
{ "type": "Feature", "properties": { "cell_id": 794, "education": 0.84358119500712991, "health": 0.90790387326452493, "green": 0.85643156554239686, "groceries": 0.81820481344525176, "transit": 0.94992345203440431, "culture": 0.86363107780188897, "services": 0.99020882521815667, "livability": 0.88998354318767892 }, "geometry": { "type": "Polygon", "coordinates": [ [ [ 26.131674499999967, 44.404246600000036 ], [ 26.131674499999967, 44.409246600000039 ], [ 26.126674499999968, 44.409246600000039 ], [ 26.126674499999968, 44.404246600000036 ], [ 26.131674499999967, 44.404246600000036 ] ] ] } },
{ "type": "Feature", "properties": { "cell_id": 795, "education": 0.95076655517365394, "health": 0.97010495429926458, "green": 0.95415843059135474, "groceries": 0.94295592028346809, "transit": 0.89805559378981281, "culture": 0.94378277909465869, "services": 0.89581432564051755, "livability": 0.93651979412467579 }, "geometry": { "type": "Polygon", "coordinates": [ [ [ 26.131674499999967, 44.409246600000039 ], [ 26.131674499999967, 44.414246600000041 ], [ 26.126674499999968, 44.414246600000041 ], [ 26.126674499999968, 44.409246600000039 ], [ 26.131674499999967, 44.409246600000039 ] ] ] } },
{ "type": "Feature", "properties": { "cell_id": 796, "education": 0.93196647129744481, "health": 0.99098202019118109, "green": 0.91575890916985259, "groceries": 0.98629479297642975, "transit": 0.93155362172353018, "culture": 0.93080685580653533, "services": 0.92698608692306728, "livability": 0.94490696544114872 }, "geometry": { "type": "Polygon", "coordinates": [ [ [ 26.131674499999967, 44.414246600000041 ], [ 26.131674499999967, 44.419246600000044 ], [ 26.126674499999968, 44.419246600000044 ], [ 26.126674499999968, 44.414246600000041 ], [ 26.131674499999967, 44.414246600000041 ] ] ] } },
{ "type": "Feature", "properties": { "cell_id": 797, "education": 0.85245892403542511, "health": 1.0, "green": 0.90140921239674299, "groceries": 0.95225050073125894, "transit": 0.91364795090130702, "culture": 0.95180370700705963, "services": 0.9440619027199364, "livability": 0.93080459968453289 }, "geometry": { "type": "Polygon", "coordinates": [ [ [ 26.131674499999967, 44.419246600000044 ], [ 26.131674499999967, 44.424246600000046 ], [ 26.126674499999968, 44.424246600000046 ], [ 26.126674499999968, 44.419246600000044 ], [ 26.131674499999967, 44.419246600000044 ] ] ] } },
{ "type": "Feature", "properties": { "cell_id": 798, "education": 0.92472112944494345, "health": 0.99738995400407637, "green": 0.97410422057992585, "groceries": 0.97487527067689972, "transit": 0.9594678422924654, "culture": 0.97804389593701102, "services": 0.99465986365421022, "livability": 0.97189459665564726 }, "geometry": { "type": "Polygon", "coordinates": [ [ [ 26.131674499999967, 44.424246600000046 ], [ 26.131674499999967, 44.429246600000049 ], [ 26.126674499999968, 44.429246600000049 ], [ 26.126674499999968, 44.424246600000046 ], [ 26.131674499999967, 44.424246600000046 ] ] ] } },
{ "type": "Feature", "properties": { "cell_id": 799, "education": 0.91868113577701571, "health": 0.99492974809665236, "green": 0.93216935301613668, "groceries": 0.98924029539886338, "transit": 0.99007838507040213, "culture": 0.99441216464457038, "services": 0.95263303144324118, "livability": 0.9674491590638401 }, "geometry": { "type": "Polygon", "coordinates": [ [ [ 26.131674499999967, 44.429246600000049 ], [ 26.131674499999967, 44.434246600000051 ], [ 26.126674499999968, 44.434246600000051 ], [ 26.126674499999968, 44.429246600000049 ], [ 26.131674499999967, 44.429246600000049 ] ] ] } },
{ "type": "Feature", "properties": { "cell_id": 800, "education": 0.96983822068470837, "health": 0.96599459855062331, "green": 0.97153349064574357, "groceries": 0.93148063092958877, "transit": 0.87754791683044076, "culture": 0.97477665377315414, "services": 0.90872132262216687, "livability": 0.94284183343377492 }, "geometry": { "type": "Polygon", "coordinates": [ [ [ 26.131674499999967, 44.434246600000051 ], [ 26.131674499999967, 44.439246600000054 ], [ 26.126674499999968, 44.439246600000054 ], [ 26.126674499999968, 44.434246600000051 ], [ 26.131674499999967, 44.434246600000051 ] ] ] } },
{ "type": "Feature", "properties": { "cell_id": 801, "education": 0.94835066805456847, "health": 0.97043567798749475, "green": 0.93154255552695786, "groceries": 0.97359024513039172, "transit": 0.9528026958850464, "culture": 0.9805451436151621, "services": 0.96925015417214644, "livability": 0.96093102005310971 }, "geometry": { "type": "Polygon", "coordinates": [ [ [ 26.131674499999967, 44.439246600000054 ], [ 26.131674499999967, 44.444246600000056 ], [ 26.126674499999968, 44.444246600000056 ], [ 26.126674499999968, 44.439246600000054 ], [ 26.131674499999967, 44.439246600000054 ] ] ] } },
{ "type": "Feature", "properties": { "cell_id": 802, "education": 0.93642893154967144, "health": 0.98392497135049051, "green": 0.91888648744744594, "groceries": 0.9924449544659999, "transit": 0.91270899431445052, "culture": 1.0, "services": 0.91800351438067762, "livability": 0.95177112192981939 }, "geometry": { "type": "Polygon", "coordinates": [ [ [ 26.131674499999967, 44.444246600000056 ], [ 26.131674499999967, 44.449246600000059 ], [ 26.126674499999968, 44.449246600000059 ], [ 26.126674499999968, 44.444246600000056 ], [ 26.131674499999967, 44.444246600000056 ] ] ] } },
{ "type": "Feature", "properties": { "cell_id": 803, "education": 0.88705951353900014, "health": 0.97342047086775541, "green": 0.94610727956905827, "groceries": 0.95960537092906395, "transit": 0.92781009887124355, "culture": 0.981087901753945, "services": 0.95438193446362207, "livability": 0.94706750999909839 }, "geometry": { "type": "Polygon", "coordinates": [ [ [ 26.131674499999967, 44.449246600000059 ], [ 26.131674499999967, 44.454246600000062 ], [ 26.126674499999968, 44.454246600000062 ], [ 26.126674499999968, 44.449246600000059 ], [ 26.131674499999967, 44.449246600000059 ] ] ] } },
{ "type": "Feature", "properties": { "cell_id": 804, "education": 0.9390556441243717, "health": 0.99477136714571235, "green": 0.93845812224387126, "groceries": 1.0, "transit": 0.99432853711764158, "culture": 0.99101951557057433, "services": 0.93626213921898738, "livability": 0.9705564750601654 }, "geometry": { "type": "Polygon", "coordinates": [ [ [ 26.131674499999967, 44.454246600000062 ], [ 26.131674499999967, 44.459246600000064 ], [ 26.126674499999968, 44.459246600000064 ], [ 26.126674499999968, 44.454246600000062 ], [ 26.131674499999967, 44.454246600000062 ] ] ] } },
{ "type": "Feature", "properties": { "cell_id": 805, "education": 0.91201808212804136, "health": 0.9514087252751946, "green": 0.93722669076578502, "groceries": 0.97152449622998793, "transit": 0.87966744565161581, "culture": 0.9022507667634635, "services": 0.93921374282380754, "livability": 0.92761570709112795 }, "geometry": { "type": "Polygon", "coordinates": [ [ [ 26.131674499999967, 44.459246600000064 ], [ 26.131674499999967, 44.464246600000067 ], [ 26.126674499999968, 44.464246600000067 ], [ 26.126674499999968, 44.459246600000064 ], [ 26.131674499999967, 44.459246600000064 ] ] ] } },
{ "type": "Feature", "properties": { "cell_id": 806, "education": 0.8980002029913482, "health": 0.91478668346101544, "green": 0.92386013864582317, "groceries": 0.92356520776344786, "transit": 0.90955258908329173, "culture": 0.95421287822786371, "services": 0.9395209756473073, "livability": 0.92335695368858528 }, "geometry": { "type": "Polygon", "coordinates": [ [ [ 26.131674499999967, 44.464246600000067 ], [ 26.131674499999967, 44.469246600000069 ], [ 26.126674499999968, 44.469246600000069 ], [ 26.126674499999968, 44.464246600000067 ], [ 26.131674499999967, 44.464246600000067 ] ] ] } },
{ "type": "Feature", "properties": { "cell_id": 807, "education": 0.80397936014528115, "health": 0.84806185220171892, "green": 0.8403029988015015, "groceries": 0.84194302047690928, "transit": 0.74316195852778089, "culture": 0.88669578012262762, "services": 0.87354423799366898, "livability": 0.83395560118135537 }, "geometry": { "type": "Polygon", "coordinates": [ [ [ 26.131674499999967, 44.469246600000069 ], [ 26.131674499999967, 44.474246600000072 ], [ 26.126674499999968, 44.474246600000072 ], [ 26.126674499999968, 44.469246600000069 ], [ 26.131674499999967, 44.469246600000069 ] ] ] } },
{ "type": "Feature", "properties": { "cell_id": 808, "education": 0.61744322000300533, "health": 0.83363889247547573, "green": 0.75128412019363466, "groceries": 0.81472105634287817, "transit": 0.79767545618751634, "culture": 0.93003529839472798, "services": 0.8511588725167466, "livability": 0.79942241658771207 }, "geometry": { "type": "Polygon", "coordinates": [ [ [ 26.131674499999967, 44.474246600000072 ], [ 26.131674499999967, 44.479246600000074 ], [ 26.126674499999968, 44.479246600000074 ], [ 26.126674499999968, 44.474246600000072 ], [ 26.131674499999967, 44.474246600000072 ] ] ] } },
{ "type": "Feature", "properties": { "cell_id": 809, "education": 0.5119594555731084, "health": 0.78725034937822413, "green": 0.60339784800308016, "groceries": 0.76394866360814184, "transit": 0.62192401285213395, "culture": 0.77839795530411715, "services": 0.80357436510879454, "livability": 0.69577894997537149 }, "geometry": { "type": "Polygon", "coordinates": [ [ [ 26.131674499999967, 44.479246600000074 ], [ 26.131674499999967, 44.484246600000077 ], [ 26.126674499999968, 44.484246600000077 ], [ 26.126674499999968, 44.479246600000074 ], [ 26.131674499999967, 44.479246600000074 ] ] ] } },
{ "type": "Feature", "properties": { "cell_id": 810, "education": 0.35896907340561479, "health": 0.69660690381454837, "green": 0.51249268513240498, "groceries": 0.61024841855138456, "transit": 0.4183680864239091, "culture": 0.71736521643792517, "services": 0.53804558746702669, "livability": 0.55029942446183044 }, "geometry": { "type": "Polygon", "coordinates": [ [ [ 26.136674499999966, 44.3442466 ], [ 26.136674499999966, 44.3492466 ], [ 26.131674499999967, 44.3492466 ], [ 26.131674499999967, 44.3442466 ], [ 26.136674499999966, 44.3442466 ] ] ] } },
{ "type": "Feature", "properties": { "cell_id": 811, "education": 0.39724673083900885, "health": 0.72247500946003762, "green": 0.55988919209163768, "groceries": 0.64956185134841937, "transit": 0.4886257640390731, "culture": 0.74587400023393657, "services": 0.56571054490136286, "livability": 0.58991187041621085 }, "geometry": { "type": "Polygon", "coordinates": [ [ [ 26.136674499999966, 44.3492466 ], [ 26.136674499999966, 44.35424660000001 ], [ 26.131674499999967, 44.35424660000001 ], [ 26.131674499999967, 44.3492466 ], [ 26.136674499999966, 44.3492466 ] ] ] } },
{ "type": "Feature", "properties": { "cell_id": 812, "education": 0.58298142477937354, "health": 0.84799482982110197, "green": 0.78987128358283276, "groceries": 0.84032243853973743, "transit": 0.82953712392362267, "culture": 0.88420718434213419, "services": 0.699949229984972, "livability": 0.78212335928196763 }, "geometry": { "type": "Polygon", "coordinates": [ [ [ 26.136674499999966, 44.35424660000001 ], [ 26.136674499999966, 44.359246600000013 ], [ 26.131674499999967, 44.359246600000013 ], [ 26.131674499999967, 44.35424660000001 ], [ 26.136674499999966, 44.35424660000001 ] ] ] } },
{ "type": "Feature", "properties": { "cell_id": 813, "education": 0.59100779482989219, "health": 0.86137352414361557, "green": 0.80372841794614536, "groceries": 0.82421920613853739, "transit": 0.88625692544827628, "culture": 0.84544702462011756, "services": 0.87630263159522492, "livability": 0.8126193606745441 }, "geometry": { "type": "Polygon", "coordinates": [ [ [ 26.136674499999966, 44.359246600000013 ], [ 26.136674499999966, 44.364246600000016 ], [ 26.131674499999967, 44.364246600000016 ], [ 26.131674499999967, 44.359246600000013 ], [ 26.136674499999966, 44.359246600000013 ] ] ] } },
{ "type": "Feature", "properties": { "cell_id": 814, "education": 0.83367089902281344, "health": 0.85711144945777962, "green": 1.0, "groceries": 0.89268211007639531, "transit": 0.93169483983570511, "culture": 0.8812937861282153, "services": 0.83805864355367332, "livability": 0.89064453258208309 }, "geometry": { "type": "Polygon", "coordinates": [ [ [ 26.136674499999966, 44.364246600000016 ], [ 26.136674499999966, 44.369246600000018 ], [ 26.131674499999967, 44.369246600000018 ], [ 26.131674499999967, 44.364246600000016 ], [ 26.136674499999966, 44.364246600000016 ] ] ] } },
{ "type": "Feature", "properties": { "cell_id": 815, "education": 0.89790543690455826, "health": 0.91026284220144416, "green": 0.81695165693550409, "groceries": 0.91931374187413684, "transit": 0.82098194109202283, "culture": 0.91321653291515792, "services": 0.90875934808233882, "livability": 0.88391307142930886 }, "geometry": { "type": "Polygon", "coordinates": [ [ [ 26.136674499999966, 44.369246600000018 ], [ 26.136674499999966, 44.374246600000021 ], [ 26.131674499999967, 44.374246600000021 ], [ 26.131674499999967, 44.369246600000018 ], [ 26.136674499999966, 44.369246600000018 ] ] ] } },
{ "type": "Feature", "properties": { "cell_id": 816, "education": 0.86372915140021067, "health": 0.93413409424256733, "green": 0.87922817156292343, "groceries": 0.91937077594091232, "transit": 0.85590619726467976, "culture": 0.95340451555627359, "services": 0.93610793693828387, "livability": 0.90598297755797863 }, "geometry": { "type": "Polygon", "coordinates": [ [ [ 26.136674499999966, 44.374246600000021 ], [ 26.136674499999966, 44.379246600000023 ], [ 26.131674499999967, 44.379246600000023 ], [ 26.131674499999967, 44.374246600000021 ], [ 26.136674499999966, 44.374246600000021 ] ] ] } },
{ "type": "Feature", "properties": { "cell_id": 817, "education": 0.94404441678936313, "health": 0.98323711973445826, "green": 0.93167119515888253, "groceries": 0.98668140275732896, "transit": 0.90914424296640162, "culture": 0.95816543959321765, "services": 0.99212274422286362, "livability": 0.95786665160321638 }, "geometry": { "type": "Polygon", "coordinates": [ [ [ 26.136674499999966, 44.379246600000023 ], [ 26.136674499999966, 44.384246600000026 ], [ 26.131674499999967, 44.384246600000026 ], [ 26.131674499999967, 44.379246600000023 ], [ 26.136674499999966, 44.379246600000023 ] ] ] } },
{ "type": "Feature", "properties": { "cell_id": 818, "education": 0.91638846920042016, "health": 0.97304219543655324, "green": 0.90007809277031203, "groceries": 0.91427151399244022, "transit": 0.84509113521493995, "culture": 0.95926249530468133, "services": 0.91525752798134496, "livability": 0.91762734712867022 }, "geometry": { "type": "Polygon", "coordinates": [ [ [ 26.136674499999966, 44.384246600000026 ], [ 26.136674499999966, 44.389246600000028 ], [ 26.131674499999967, 44.389246600000028 ], [ 26.131674499999967, 44.384246600000026 ], [ 26.136674499999966, 44.384246600000026 ] ] ] } },
{ "type": "Feature", "properties": { "cell_id": 819, "education": 0.91748508653064309, "health": 0.94423628189191222, "green": 0.94473808129095671, "groceries": 0.91939216470764507, "transit": 0.85408690394729692, "culture": 0.92622946384661586, "services": 0.95727743025011336, "livability": 0.92334934463788332 }, "geometry": { "type": "Polygon", "coordinates": [ [ [ 26.136674499999966, 44.389246600000028 ], [ 26.136674499999966, 44.394246600000031 ], [ 26.131674499999967, 44.394246600000031 ], [ 26.131674499999967, 44.389246600000028 ], [ 26.136674499999966, 44.389246600000028 ] ] ] } },
{ "type": "Feature", "properties": { "cell_id": 820, "education": 0.74514556917303154, "health": 0.86263160519117321, "green": 0.72925342515960256, "groceries": 0.81704285122127518, "transit": 0.61776053651655638, "culture": 0.89960588233709504, "services": 0.83919658242591111, "livability": 0.78723377886066348 }, "geometry": { "type": "Polygon", "coordinates": [ [ [ 26.136674499999966, 44.394246600000031 ], [ 26.136674499999966, 44.399246600000033 ], [ 26.131674499999967, 44.399246600000033 ], [ 26.131674499999967, 44.394246600000031 ], [ 26.136674499999966, 44.394246600000031 ] ] ] } },
{ "type": "Feature", "properties": { "cell_id": 821, "education": 0.64458505339180405, "health": 0.79467263851406766, "green": 0.7264391055667434, "groceries": 0.78874681546425018, "transit": 0.65609528617357982, "culture": 0.82470950165311629, "services": 0.84586606216010651, "livability": 0.7544449232748095 }, "geometry": { "type": "Polygon", "coordinates": [ [ [ 26.136674499999966, 44.399246600000033 ], [ 26.136674499999966, 44.404246600000036 ], [ 26.131674499999967, 44.404246600000036 ], [ 26.131674499999967, 44.399246600000033 ], [ 26.136674499999966, 44.399246600000033 ] ] ] } },
{ "type": "Feature", "properties": { "cell_id": 822, "education": 0.83355946263030756, "health": 0.95086031536213733, "green": 0.842820403897377, "groceries": 0.88201353622079404, "transit": 0.94967495928673551, "culture": 0.90625405722333996, "services": 0.90902882651483508, "livability": 0.89631593730507519 }, "geometry": { "type": "Polygon", "coordinates": [ [ [ 26.136674499999966, 44.404246600000036 ], [ 26.136674499999966, 44.409246600000039 ], [ 26.131674499999967, 44.409246600000039 ], [ 26.131674499999967, 44.404246600000036 ], [ 26.136674499999966, 44.404246600000036 ] ] ] } },
{ "type": "Feature", "properties": { "cell_id": 823, "education": 0.91444242102300277, "health": 0.95604966178181372, "green": 0.97000550512236761, "groceries": 0.9525609539017752, "transit": 0.95335529706271649, "culture": 0.98196890526942859, "services": 0.97973975934658963, "livability": 0.95830321478681335 }, "geometry": { "type": "Polygon", "coordinates": [ [ [ 26.136674499999966, 44.409246600000039 ], [ 26.136674499999966, 44.414246600000041 ], [ 26.131674499999967, 44.414246600000041 ], [ 26.131674499999967, 44.409246600000039 ], [ 26.136674499999966, 44.409246600000039 ] ] ] } },
{ "type": "Feature", "properties": { "cell_id": 824, "education": 0.93261588382454486, "health": 0.95446170029898725, "green": 0.97366961797927076, "groceries": 0.94893759907239561, "transit": 0.95682851517573941, "culture": 0.90174130463553881, "services": 0.9442695066401865, "livability": 0.94464630394666604 }, "geometry": { "type": "Polygon", "coordinates": [ [ [ 26.136674499999966, 44.414246600000041 ], [ 26.136674499999966, 44.419246600000044 ], [ 26.131674499999967, 44.419246600000044 ], [ 26.131674499999967, 44.414246600000041 ], [ 26.136674499999966, 44.414246600000041 ] ] ] } },
{ "type": "Feature", "properties": { "cell_id": 825, "education": 0.93903735282717404, "health": 0.97186338604675893, "green": 0.92211053424995226, "groceries": 0.96645211945776821, "transit": 0.88243405419433252, "culture": 0.96226866526278287, "services": 0.96873950883701498, "livability": 0.94470080298225467 }, "geometry": { "type": "Polygon", "coordinates": [ [ [ 26.136674499999966, 44.419246600000044 ], [ 26.136674499999966, 44.424246600000046 ], [ 26.131674499999967, 44.424246600000046 ], [ 26.131674499999967, 44.419246600000044 ], [ 26.136674499999966, 44.419246600000044 ] ] ] } },
{ "type": "Feature", "properties": { "cell_id": 826, "education": 0.96961072986877184, "health": 0.96739428118254234, "green": 0.92765652061786585, "groceries": 1.0, "transit": 0.92774044491912688, "culture": 0.99284327441472486, "services": 0.96215822867640854, "livability": 0.96391478281134857 }, "geometry": { "type": "Polygon", "coordinates": [ [ [ 26.136674499999966, 44.424246600000046 ], [ 26.136674499999966, 44.429246600000049 ], [ 26.131674499999967, 44.429246600000049 ], [ 26.131674499999967, 44.424246600000046 ], [ 26.136674499999966, 44.424246600000046 ] ] ] } },
{ "type": "Feature", "properties": { "cell_id": 827, "education": 0.85372874821434341, "health": 0.95627360936847872, "green": 0.87074348664212753, "groceries": 0.88945075402433238, "transit": 0.84106791195777053, "culture": 0.9606707689198789, "services": 0.93146286187878924, "livability": 0.90048544871510294 }, "geometry": { "type": "Polygon", "coordinates": [ [ [ 26.136674499999966, 44.429246600000049 ], [ 26.136674499999966, 44.434246600000051 ], [ 26.131674499999967, 44.434246600000051 ], [ 26.131674499999967, 44.429246600000049 ], [ 26.136674499999966, 44.429246600000049 ] ] ] } },
{ "type": "Feature", "properties": { "cell_id": 828, "education": 0.91317223859800756, "health": 0.9659008942883256, "green": 0.96004923745192616, "groceries": 0.96015562247528852, "transit": 0.94196214868536332, "culture": 0.96603496413288337, "services": 0.96686196664236423, "livability": 0.9534481531820227 }, "geometry": { "type": "Polygon", "coordinates": [ [ [ 26.136674499999966, 44.434246600000051 ], [ 26.136674499999966, 44.439246600000054 ], [ 26.131674499999967, 44.439246600000054 ], [ 26.131674499999967, 44.434246600000051 ], [ 26.136674499999966, 44.434246600000051 ] ] ] } },
{ "type": "Feature", "properties": { "cell_id": 829, "education": 0.97315723657454434, "health": 0.99391740309782883, "green": 1.0, "groceries": 0.98412707414333078, "transit": 0.96945745307454323, "culture": 0.99329647704479185, "services": 0.98883018380892329, "livability": 0.98611226110628036 }, "geometry": { "type": "Polygon", "coordinates": [ [ [ 26.136674499999966, 44.439246600000054 ], [ 26.136674499999966, 44.444246600000056 ], [ 26.131674499999967, 44.444246600000056 ], [ 26.131674499999967, 44.439246600000054 ], [ 26.136674499999966, 44.439246600000054 ] ] ] } },
{ "type": "Feature", "properties": { "cell_id": 830, "education": 0.97505367070954796, "health": 0.95095470987440345, "green": 0.94298127895125528, "groceries": 0.98169669338658139, "transit": 0.99824594186604887, "culture": 0.97929772063957332, "services": 0.90257933588320849, "livability": 0.961544193044374 }, "geometry": { "type": "Polygon", "coordinates": [ [ [ 26.136674499999966, 44.444246600000056 ], [ 26.136674499999966, 44.449246600000059 ], [ 26.131674499999967, 44.449246600000059 ], [ 26.131674499999967, 44.444246600000056 ], [ 26.136674499999966, 44.444246600000056 ] ] ] } },
{ "type": "Feature", "properties": { "cell_id": 831, "education": 0.90981331359008277, "health": 0.92053986137415089, "green": 0.89433876735818008, "groceries": 0.90737290437553408, "transit": 0.74995652370891641, "culture": 0.89154746679067365, "services": 0.88584404746869294, "livability": 0.87991612638089001 }, "geometry": { "type": "Polygon", "coordinates": [ [ [ 26.136674499999966, 44.449246600000059 ], [ 26.136674499999966, 44.454246600000062 ], [ 26.131674499999967, 44.454246600000062 ], [ 26.131674499999967, 44.449246600000059 ], [ 26.136674499999966, 44.449246600000059 ] ] ] } },
{ "type": "Feature", "properties": { "cell_id": 832, "education": 0.87269166039563018, "health": 0.96693818863738701, "green": 0.92250663837312341, "groceries": 0.95729335872132904, "transit": 0.88061114327283185, "culture": 0.95766405303221602, "services": 0.90681153742582654, "livability": 0.92350236855119194 }, "geometry": { "type": "Polygon", "coordinates": [ [ [ 26.136674499999966, 44.454246600000062 ], [ 26.136674499999966, 44.459246600000064 ], [ 26.131674499999967, 44.459246600000064 ], [ 26.131674499999967, 44.454246600000062 ], [ 26.136674499999966, 44.454246600000062 ] ] ] } },
{ "type": "Feature", "properties": { "cell_id": 833, "education": 0.95871024458826548, "health": 0.98349695401651105, "green": 0.97362114736943872, "groceries": 0.97491925392181156, "transit": 0.94925317424950117, "culture": 0.95316727493409092, "services": 0.98785998832318689, "livability": 0.9687182910575437 }, "geometry": { "type": "Polygon", "coordinates": [ [ [ 26.136674499999966, 44.459246600000064 ], [ 26.136674499999966, 44.464246600000067 ], [ 26.131674499999967, 44.464246600000067 ], [ 26.131674499999967, 44.459246600000064 ], [ 26.136674499999966, 44.459246600000064 ] ] ] } },
{ "type": "Feature", "properties": { "cell_id": 834, "education": 0.87180673493854355, "health": 0.957235301915071, "green": 0.96823586508665871, "groceries": 0.91811990044138081, "transit": 0.89740840933827848, "culture": 0.92237290017940887, "services": 0.93630738198315666, "livability": 0.9244980705546425 }, "geometry": { "type": "Polygon", "coordinates": [ [ [ 26.136674499999966, 44.464246600000067 ], [ 26.136674499999966, 44.469246600000069 ], [ 26.131674499999967, 44.469246600000069 ], [ 26.131674499999967, 44.464246600000067 ], [ 26.136674499999966, 44.464246600000067 ] ] ] } },
{ "type": "Feature", "properties": { "cell_id": 835, "education": 0.75149991711979525, "health": 0.871035036937583, "green": 0.88327900481369481, "groceries": 0.78040206664483791, "transit": 0.6632888139520543, "culture": 0.82943016135402614, "services": 0.83939501033654473, "livability": 0.80261857302264794 }, "geometry": { "type": "Polygon", "coordinates": [ [ [ 26.136674499999966, 44.469246600000069 ], [ 26.136674499999966, 44.474246600000072 ], [ 26.131674499999967, 44.474246600000072 ], [ 26.131674499999967, 44.469246600000069 ], [ 26.136674499999966, 44.469246600000069 ] ] ] } },
{ "type": "Feature", "properties": { "cell_id": 836, "education": 0.53603742421860101, "health": 0.77862471797510646, "green": 0.65048509995235659, "groceries": 0.73111245810438485, "transit": 0.64825716521245602, "culture": 0.99066545152774477, "services": 0.79232330037645538, "livability": 0.7325008024810149 }, "geometry": { "type": "Polygon", "coordinates": [ [ [ 26.136674499999966, 44.474246600000072 ], [ 26.136674499999966, 44.479246600000074 ], [ 26.131674499999967, 44.479246600000074 ], [ 26.131674499999967, 44.474246600000072 ], [ 26.136674499999966, 44.474246600000072 ] ] ] } },
{ "type": "Feature", "properties": { "cell_id": 837, "education": 0.61340529474994576, "health": 0.69590282150943961, "green": 0.69692068366375259, "groceries": 0.82829124191624137, "transit": 0.62384711048929131, "culture": 0.67207195309378565, "services": 0.70039548710546518, "livability": 0.6901192275039888 }, "geometry": { "type": "Polygon", "coordinates": [ [ [ 26.136674499999966, 44.479246600000074 ], [ 26.136674499999966, 44.484246600000077 ], [ 26.131674499999967, 44.484246600000077 ], [ 26.131674499999967, 44.479246600000074 ], [ 26.136674499999966, 44.479246600000074 ] ] ] } },
{ "type": "Feature", "properties": { "cell_id": 838, "education": 0.35896907340561479, "health": 0.69660690381454837, "green": 0.51249268513240498, "groceries": 0.61024841855138456, "transit": 0.4183680864239091, "culture": 0.71736521643792517, "services": 0.53804558746702669, "livability": 0.55029942446183044 }, "geometry": { "type": "Polygon", "coordinates": [ [ [ 26.141674499999965, 44.3442466 ], [ 26.141674499999965, 44.3492466 ], [ 26.136674499999966, 44.3492466 ], [ 26.136674499999966, 44.3442466 ], [ 26.141674499999965, 44.3442466 ] ] ] } },
{ "type": "Feature", "properties": { "cell_id": 839, "education": 0.39724673083900885, "health": 0.72247500946003762, "green": 0.55988919209163768, "groceries": 0.64956185134841937, "transit": 0.4886257640390731, "culture": 0.74587400023393657, "services": 0.56571054490136286, "livability": 0.58991187041621085 }, "geometry": { "type": "Polygon", "coordinates": [ [ [ 26.141674499999965, 44.3492466 ], [ 26.141674499999965, 44.35424660000001 ], [ 26.136674499999966, 44.35424660000001 ], [ 26.136674499999966, 44.3492466 ], [ 26.141674499999965, 44.3492466 ] ] ] } },
{ "type": "Feature", "properties": { "cell_id": 840, "education": 0.57752548618400124, "health": 0.84430769728886745, "green": 0.7831155819818485, "groceries": 0.83471886481824864, "transit": 0.82148537375462927, "culture": 0.88014366049430104, "services": 0.69600598164831584, "livability": 0.77675752088145877 }, "geometry": { "type": "Polygon", "coordinates": [ [ [ 26.141674499999965, 44.35424660000001 ], [ 26.141674499999965, 44.359246600000013 ], [ 26.136674499999966, 44.359246600000013 ], [ 26.136674499999966, 44.35424660000001 ], [ 26.141674499999965, 44.35424660000001 ] ] ] } },
{ "type": "Feature", "properties": { "cell_id": 841, "education": 0.65468422117898517, "health": 0.84833689297749626, "green": 0.79049802444258987, "groceries": 0.84084229403652344, "transit": 0.83242865408677269, "culture": 0.88458416612440582, "services": 0.76559388512878812, "livability": 0.80242401971079447 }, "geometry": { "type": "Polygon", "coordinates": [ [ [ 26.141674499999965, 44.359246600000013 ], [ 26.141674499999965, 44.364246600000016 ], [ 26.136674499999966, 44.364246600000016 ], [ 26.136674499999966, 44.359246600000013 ], [ 26.141674499999965, 44.359246600000013 ] ] ] } },
{ "type": "Feature", "properties": { "cell_id": 842, "education": 0.77743852020364712, "health": 0.88925612329763648, "green": 0.71352146162199093, "groceries": 0.7984756400267059, "transit": 0.79184202984233587, "culture": 0.83889301504380032, "services": 0.85818682206089303, "livability": 0.80965908744242998 }, "geometry": { "type": "Polygon", "coordinates": [ [ [ 26.141674499999965, 44.364246600000016 ], [ 26.141674499999965, 44.369246600000018 ], [ 26.136674499999966, 44.369246600000018 ], [ 26.136674499999966, 44.364246600000016 ], [ 26.141674499999965, 44.364246600000016 ] ] ] } },
{ "type": "Feature", "properties": { "cell_id": 843, "education": 0.89210241483867625, "health": 0.96377251902344085, "green": 0.71832043454687444, "groceries": 0.95166410909349419, "transit": 0.92039319677321074, "culture": 0.92376634364121124, "services": 0.96598591704309122, "livability": 0.90514356213714264 }, "geometry": { "type": "Polygon", "coordinates": [ [ [ 26.141674499999965, 44.369246600000018 ], [ 26.141674499999965, 44.374246600000021 ], [ 26.136674499999966, 44.374246600000021 ], [ 26.136674499999966, 44.369246600000018 ], [ 26.141674499999965, 44.369246600000018 ] ] ] } },
{ "type": "Feature", "properties": { "cell_id": 844, "education": 0.90594596278554673, "health": 0.91844887984661405, "green": 0.88777915228594129, "groceries": 0.95190583485967228, "transit": 0.92249797632474739, "culture": 0.95937381165992663, "services": 0.9193331953101449, "livability": 0.92361211615322758 }, "geometry": { "type": "Polygon", "coordinates": [ [ [ 26.141674499999965, 44.374246600000021 ], [ 26.141674499999965, 44.379246600000023 ], [ 26.136674499999966, 44.379246600000023 ], [ 26.136674499999966, 44.374246600000021 ], [ 26.141674499999965, 44.374246600000021 ] ] ] } },
{ "type": "Feature", "properties": { "cell_id": 845, "education": 0.93631531020016234, "health": 0.93220746000169041, "green": 0.91289716565042989, "groceries": 0.92629953429143164, "transit": 0.8682886944375261, "culture": 0.92675979962347155, "services": 0.92632721264284601, "livability": 0.91844216812107948 }, "geometry": { "type": "Polygon", "coordinates": [ [ [ 26.141674499999965, 44.379246600000023 ], [ 26.141674499999965, 44.384246600000026 ], [ 26.136674499999966, 44.384246600000026 ], [ 26.136674499999966, 44.379246600000023 ], [ 26.141674499999965, 44.379246600000023 ] ] ] } },
{ "type": "Feature", "properties": { "cell_id": 846, "education": 0.86979826582431163, "health": 0.99207420086906362, "green": 0.90368109674613273, "groceries": 0.97361453315634738, "transit": 0.98484854082324735, "culture": 0.97212136211524613, "services": 0.96090771594454405, "livability": 0.95100653078269881 }, "geometry": { "type": "Polygon", "coordinates": [ [ [ 26.141674499999965, 44.384246600000026 ], [ 26.141674499999965, 44.389246600000028 ], [ 26.136674499999966, 44.389246600000028 ], [ 26.136674499999966, 44.384246600000026 ], [ 26.141674499999965, 44.384246600000026 ] ] ] } },
{ "type": "Feature", "properties": { "cell_id": 847, "education": 0.87200589161612996, "health": 0.91328216168869214, "green": 0.8533452619181322, "groceries": 0.80093909377049777, "transit": 0.87637535347825735, "culture": 0.83643620408117736, "services": 0.83825402204895838, "livability": 0.85580542694312078 }, "geometry": { "type": "Polygon", "coordinates": [ [ [ 26.141674499999965, 44.389246600000028 ], [ 26.141674499999965, 44.394246600000031 ], [ 26.136674499999966, 44.394246600000031 ], [ 26.136674499999966, 44.389246600000028 ], [ 26.141674499999965, 44.389246600000028 ] ] ] } },
{ "type": "Feature", "properties": { "cell_id": 848, "education": 0.74435467217274109, "health": 0.82723445499457493, "green": 0.73036297478795831, "groceries": 0.74157692296183741, "transit": 0.69525312905098369, "culture": 0.81009154214008672, "services": 0.83214841596456868, "livability": 0.76871744458182145 }, "geometry": { "type": "Polygon", "coordinates": [ [ [ 26.141674499999965, 44.394246600000031 ], [ 26.141674499999965, 44.399246600000033 ], [ 26.136674499999966, 44.399246600000033 ], [ 26.136674499999966, 44.394246600000031 ], [ 26.141674499999965, 44.394246600000031 ] ] ] } },
{ "type": "Feature", "properties": { "cell_id": 849, "education": 0.66256992739010157, "health": 0.80092231716595619, "green": 0.69974000989376961, "groceries": 0.71326670507082557, "transit": 0.81762225962564927, "culture": 0.77780059434342363, "services": 0.80423881167096534, "livability": 0.75373723216581312 }, "geometry": { "type": "Polygon", "coordinates": [ [ [ 26.141674499999965, 44.399246600000033 ], [ 26.141674499999965, 44.404246600000036 ], [ 26.136674499999966, 44.404246600000036 ], [ 26.136674499999966, 44.399246600000033 ], [ 26.141674499999965, 44.399246600000033 ] ] ] } },
{ "type": "Feature", "properties": { "cell_id": 850, "education": 0.89634260935156107, "health": 0.965374702252499, "green": 0.91871135985737995, "groceries": 0.94737769612012301, "transit": 0.92619757088150778, "culture": 0.95554069499688454, "services": 0.95685663796561404, "livability": 0.93805732448936707 }, "geometry": { "type": "Polygon", "coordinates": [ [ [ 26.141674499999965, 44.404246600000036 ], [ 26.141674499999965, 44.409246600000039 ], [ 26.136674499999966, 44.409246600000039 ], [ 26.136674499999966, 44.404246600000036 ], [ 26.141674499999965, 44.404246600000036 ] ] ] } },
{ "type": "Feature", "properties": { "cell_id": 851, "education": 1.0, "health": 0.98183049904745456, "green": 0.95757163810299462, "groceries": 0.97531942525802262, "transit": 0.86590528837522607, "culture": 0.9434555967514342, "services": 0.947892089419758, "livability": 0.95313921956498426 }, "geometry": { "type": "Polygon", "coordinates": [ [ [ 26.141674499999965, 44.409246600000039 ], [ 26.141674499999965, 44.414246600000041 ], [ 26.136674499999966, 44.414246600000041 ], [ 26.136674499999966, 44.409246600000039 ], [ 26.141674499999965, 44.409246600000039 ] ] ] } },
{ "type": "Feature", "properties": { "cell_id": 852, "education": 0.87572966546985664, "health": 0.96642102888361592, "green": 0.93728629666289365, "groceries": 0.9579406153836848, "transit": 0.78765407806761711, "culture": 0.99149613972338846, "services": 0.91453680831773787, "livability": 0.91872351892982773 }, "geometry": { "type": "Polygon", "coordinates": [ [ [ 26.141674499999965, 44.414246600000041 ], [ 26.141674499999965, 44.419246600000044 ], [ 26.136674499999966, 44.419246600000044 ], [ 26.136674499999966, 44.414246600000041 ], [ 26.141674499999965, 44.414246600000041 ] ] ] } },
{ "type": "Feature", "properties": { "cell_id": 853, "education": 0.94805370843028458, "health": 0.9752843446490308, "green": 0.90768688812992859, "groceries": 0.94061217510110506, "transit": 0.9366807116552045, "culture": 0.96868553025355775, "services": 0.97506713178841042, "livability": 0.95029578428678874 }, "geometry": { "type": "Polygon", "coordinates": [ [ [ 26.141674499999965, 44.419246600000044 ], [ 26.141674499999965, 44.424246600000046 ], [ 26.136674499999966, 44.424246600000046 ], [ 26.136674499999966, 44.419246600000044 ], [ 26.141674499999965, 44.419246600000044 ] ] ] } },
{ "type": "Feature", "properties": { "cell_id": 854, "education": 0.83637793494413049, "health": 0.982934047155125, "green": 0.83759734943648956, "groceries": 0.86773634991505266, "transit": 0.80698549736182268, "culture": 0.89016906749077496, "services": 0.9021152377022742, "livability": 0.87484506914366711 }, "geometry": { "type": "Polygon", "coordinates": [ [ [ 26.141674499999965, 44.424246600000046 ], [ 26.141674499999965, 44.429246600000049 ], [ 26.136674499999966, 44.429246600000049 ], [ 26.136674499999966, 44.424246600000046 ], [ 26.141674499999965, 44.424246600000046 ] ] ] } },
{ "type": "Feature", "properties": { "cell_id": 855, "education": 0.90796374869577767, "health": 0.9865126326040361, "green": 0.97528794294390087, "groceries": 0.97950237566690146, "transit": 0.98732469718424309, "culture": 0.98269746769251221, "services": 0.98036677642147074, "livability": 0.97137937731554891 }, "geometry": { "type": "Polygon", "coordinates": [ [ [ 26.141674499999965, 44.429246600000049 ], [ 26.141674499999965, 44.434246600000051 ], [ 26.136674499999966, 44.434246600000051 ], [ 26.136674499999966, 44.429246600000049 ], [ 26.141674499999965, 44.429246600000049 ] ] ] } },
{ "type": "Feature", "properties": { "cell_id": 856, "education": 1.0, "health": 0.97900207264079342, "green": 0.98294728477087623, "groceries": 0.97882243107302236, "transit": 0.9262475850591062, "culture": 0.96684494426669909, "services": 0.9479432086625974, "livability": 0.96882964663901339 }, "geometry": { "type": "Polygon", "coordinates": [ [ [ 26.141674499999965, 44.434246600000051 ], [ 26.141674499999965, 44.439246600000054 ], [ 26.136674499999966, 44.439246600000054 ], [ 26.136674499999966, 44.434246600000051 ], [ 26.141674499999965, 44.434246600000051 ] ] ] } },
{ "type": "Feature", "properties": { "cell_id": 857, "education": 0.94962773734604899, "health": 0.97762059825730907, "green": 0.95385006190102528, "groceries": 0.98579373242589396, "transit": 0.87514490170096038, "culture": 0.98969809090675431, "services": 0.95082094378175275, "livability": 0.9546508666171063 }, "geometry": { "type": "Polygon", "coordinates": [ [ [ 26.141674499999965, 44.439246600000054 ], [ 26.141674499999965, 44.444246600000056 ], [ 26.136674499999966, 44.444246600000056 ], [ 26.136674499999966, 44.439246600000054 ], [ 26.141674499999965, 44.439246600000054 ] ] ] } },
{ "type": "Feature", "properties": { "cell_id": 858, "education": 0.9305246675156511, "health": 0.97164812467301542, "green": 0.92939243471072819, "groceries": 0.94018219784369106, "transit": 0.90920249057389957, "culture": 0.90443284679663993, "services": 0.8928618402548758, "livability": 0.92546351462407139 }, "geometry": { "type": "Polygon", "coordinates": [ [ [ 26.141674499999965, 44.444246600000056 ], [ 26.141674499999965, 44.449246600000059 ], [ 26.136674499999966, 44.449246600000059 ], [ 26.136674499999966, 44.444246600000056 ], [ 26.141674499999965, 44.444246600000056 ] ] ] } },
{ "type": "Feature", "properties": { "cell_id": 859, "education": 0.83242903799346379, "health": 0.94329036253366527, "green": 0.88120939108411989, "groceries": 0.87640710338130223, "transit": 0.77912511657298755, "culture": 0.84472183844860371, "services": 0.8542520897306517, "livability": 0.85877641996354193 }, "geometry": { "type": "Polygon", "coordinates": [ [ [ 26.141674499999965, 44.449246600000059 ], [ 26.141674499999965, 44.454246600000062 ], [ 26.136674499999966, 44.454246600000062 ], [ 26.136674499999966, 44.449246600000059 ], [ 26.141674499999965, 44.449246600000059 ] ] ] } },
{ "type": "Feature", "properties": { "cell_id": 860, "education": 0.88086307165673583, "health": 0.92910070223620267, "green": 0.94980761309160011, "groceries": 0.99852951741426743, "transit": 0.99287379489051675, "culture": 0.95826879660910613, "services": 0.89715509523006287, "livability": 0.94379979873264164 }, "geometry": { "type": "Polygon", "coordinates": [ [ [ 26.141674499999965, 44.454246600000062 ], [ 26.141674499999965, 44.459246600000064 ], [ 26.136674499999966, 44.459246600000064 ], [ 26.136674499999966, 44.454246600000062 ], [ 26.141674499999965, 44.454246600000062 ] ] ] } },
{ "type": "Feature", "properties": { "cell_id": 861, "education": 0.85280918369414893, "health": 0.93456205931732028, "green": 0.90240365739285611, "groceries": 0.9280114364983324, "transit": 0.82227079928886782, "culture": 0.8863556789946121, "services": 0.91132060377530133, "livability": 0.89110477413734834 }, "geometry": { "type": "Polygon", "coordinates": [ [ [ 26.141674499999965, 44.459246600000064 ], [ 26.141674499999965, 44.464246600000067 ], [ 26.136674499999966, 44.464246600000067 ], [ 26.136674499999966, 44.459246600000064 ], [ 26.141674499999965, 44.459246600000064 ] ] ] } },
{ "type": "Feature", "properties": { "cell_id": 862, "education": 0.94226598088786728, "health": 0.98956685137310962, "green": 0.93719907157491833, "groceries": 0.97720340289451213, "transit": 0.99246801830290765, "culture": 0.94537259900340032, "services": 0.98927202859059771, "livability": 0.9676211360896162 }, "geometry": { "type": "Polygon", "coordinates": [ [ [ 26.141674499999965, 44.464246600000067 ], [ 26.141674499999965, 44.469246600000069 ], [ 26.136674499999966, 44.469246600000069 ], [ 26.136674499999966, 44.464246600000067 ], [ 26.141674499999965, 44.464246600000067 ] ] ] } },
{ "type": "Feature", "properties": { "cell_id": 863, "education": 0.88758929754041394, "health": 0.91627935662727789, "green": 0.84437977020301291, "groceries": 0.90647959760208707, "transit": 0.93419538248285472, "culture": 0.90773295293108947, "services": 0.91040516319959441, "livability": 0.90100878865518985 }, "geometry": { "type": "Polygon", "coordinates": [ [ [ 26.141674499999965, 44.469246600000069 ], [ 26.141674499999965, 44.474246600000072 ], [ 26.136674499999966, 44.474246600000072 ], [ 26.136674499999966, 44.469246600000069 ], [ 26.141674499999965, 44.469246600000069 ] ] ] } },
{ "type": "Feature", "properties": { "cell_id": 864, "education": 0.80330324239115758, "health": 0.86037607781126668, "green": 0.84560548069984542, "groceries": 0.81510663884217494, "transit": 0.95578911565581626, "culture": 0.84612293358544355, "services": 0.85013878058805115, "livability": 0.853777467081965 }, "geometry": { "type": "Polygon", "coordinates": [ [ [ 26.141674499999965, 44.474246600000072 ], [ 26.141674499999965, 44.479246600000074 ], [ 26.136674499999966, 44.479246600000074 ], [ 26.136674499999966, 44.474246600000072 ], [ 26.141674499999965, 44.474246600000072 ] ] ] } },
{ "type": "Feature", "properties": { "cell_id": 865, "education": 0.74540409735922286, "health": 0.78510783560719244, "green": 0.8603654340998883, "groceries": 0.96386186989154776, "transit": 0.86612759318203658, "culture": 0.76317112903086659, "services": 0.7696422515700434, "livability": 0.82195431582011391 }, "geometry": { "type": "Polygon", "coordinates": [ [ [ 26.141674499999965, 44.479246600000074 ], [ 26.141674499999965, 44.484246600000077 ], [ 26.136674499999966, 44.484246600000077 ], [ 26.136674499999966, 44.479246600000074 ], [ 26.141674499999965, 44.479246600000074 ] ] ] } },
{ "type": "Feature", "properties": { "cell_id": 866, "education": 0.0, "health": 0.3638618561982141, "green": 0.88503079676625651, "groceries": 0.0, "transit": 0.37403083904861445, "culture": 0.27034692677937855, "services": 0.29629758924479421, "livability": 0.31279542971960822 }, "geometry": { "type": "Polygon", "coordinates": [ [ [ 26.146674499999964, 44.3392466 ], [ 26.146674499999964, 44.3442466 ], [ 26.141674499999965, 44.3442466 ], [ 26.141674499999965, 44.3392466 ], [ 26.146674499999964, 44.3392466 ] ] ] } },
{ "type": "Feature", "properties": { "cell_id": 867, "education": 0.1902209258538764, "health": 0.52342717661473681, "green": 0.22091445970910639, "groceries": 0.34705598921840008, "transit": 0.63557213323824557, "culture": 0.52650688810677537, "services": 0.43377867272082904, "livability": 0.41106803506599565 }, "geometry": { "type": "Polygon", "coordinates": [ [ [ 26.146674499999964, 44.3442466 ], [ 26.146674499999964, 44.3492466 ], [ 26.141674499999965, 44.3492466 ], [ 26.141674499999965, 44.3442466 ], [ 26.146674499999964, 44.3442466 ] ] ] } },
{ "type": "Feature", "properties": { "cell_id": 868, "education": 0.41811737814648786, "health": 0.73583674762877038, "green": 0.58437106659690219, "groceries": 0.66986854882163205, "transit": 0.59150409631388867, "culture": 0.7605997366218944, "services": 0.59508971608445926, "livability": 0.62219818431629059 }, "geometry": { "type": "Polygon", "coordinates": [ [ [ 26.146674499999964, 44.3492466 ], [ 26.146674499999964, 44.35424660000001 ], [ 26.141674499999965, 44.35424660000001 ], [ 26.141674499999965, 44.3492466 ], [ 26.146674499999964, 44.3492466 ] ] ] } },
{ "type": "Feature", "properties": { "cell_id": 869, "education": 0.54367029274178269, "health": 0.78996245806731868, "green": 0.68354220988165981, "groceries": 0.75212689077674455, "transit": 0.67388390848025503, "culture": 0.82025072915474573, "services": 0.68923217603831222, "livability": 0.70752409502011693 }, "geometry": { "type": "Polygon", "coordinates": [ [ [ 26.146674499999964, 44.35424660000001 ], [ 26.146674499999964, 44.359246600000013 ], [ 26.141674499999965, 44.359246600000013 ], [ 26.141674499999965, 44.35424660000001 ], [ 26.146674499999964, 44.35424660000001 ] ] ] } },
{ "type": "Feature", "properties": { "cell_id": 870, "education": 0.67624050031279337, "health": 0.83044358227503101, "green": 0.75771323390339607, "groceries": 0.81364867276953701, "transit": 0.83058055266574871, "culture": 0.86486426343024037, "services": 0.78504653343191533, "livability": 0.79407676268409455 }, "geometry": { "type": "Polygon", "coordinates": [ [ [ 26.146674499999964, 44.359246600000013 ], [ 26.146674499999964, 44.364246600000016 ], [ 26.141674499999965, 44.364246600000016 ], [ 26.141674499999965, 44.359246600000013 ], [ 26.146674499999964, 44.359246600000013 ] ] ] } },
{ "type": "Feature", "properties": { "cell_id": 871, "education": 0.85248506869284835, "health": 0.93997270771835306, "green": 0.68244248777245076, "groceries": 0.87555291273633917, "transit": 0.93229046450811348, "culture": 0.89478686981373745, "services": 0.91242628468109843, "livability": 0.8699938279889915 }, "geometry": { "type": "Polygon", "coordinates": [ [ [ 26.146674499999964, 44.364246600000016 ], [ 26.146674499999964, 44.369246600000018 ], [ 26.141674499999965, 44.369246600000018 ], [ 26.141674499999965, 44.364246600000016 ], [ 26.146674499999964, 44.364246600000016 ] ] ] } },
{ "type": "Feature", "properties": { "cell_id": 872, "education": 0.85630151645109986, "health": 0.94176300416822911, "green": 0.6669487706150985, "groceries": 0.89345278790002713, "transit": 0.84182853841337724, "culture": 0.89762931868088891, "services": 0.92502246998600279, "livability": 0.86042091517353181 }, "geometry": { "type": "Polygon", "coordinates": [ [ [ 26.146674499999964, 44.369246600000018 ], [ 26.146674499999964, 44.374246600000021 ], [ 26.141674499999965, 44.374246600000021 ], [ 26.141674499999965, 44.369246600000018 ], [ 26.146674499999964, 44.369246600000018 ] ] ] } },
{ "type": "Feature", "properties": { "cell_id": 873, "education": 0.86839781222305312, "health": 0.89433471405219633, "green": 0.84128594191803208, "groceries": 0.96103637884948734, "transit": 0.73392786068373661, "culture": 0.88285684099310591, "services": 0.87696397952334815, "livability": 0.86554336117756558 }, "geometry": { "type": "Polygon", "coordinates": [ [ [ 26.146674499999964, 44.374246600000021 ], [ 26.146674499999964, 44.379246600000023 ], [ 26.141674499999965, 44.379246600000023 ], [ 26.141674499999965, 44.374246600000021 ], [ 26.146674499999964, 44.374246600000021 ] ] ] } },
{ "type": "Feature", "properties": { "cell_id": 874, "education": 0.93012629331655372, "health": 0.89557289432434961, "green": 0.83696805872281965, "groceries": 0.91729936903842313, "transit": 0.87915672405547518, "culture": 0.85320475488460912, "services": 0.90628575751142149, "livability": 0.88837340740766446 }, "geometry": { "type": "Polygon", "coordinates": [ [ [ 26.146674499999964, 44.379246600000023 ], [ 26.146674499999964, 44.384246600000026 ], [ 26.141674499999965, 44.384246600000026 ], [ 26.141674499999965, 44.379246600000023 ], [ 26.146674499999964, 44.379246600000023 ] ] ] } },
{ "type": "Feature", "properties": { "cell_id": 875, "education": 0.81345754538210846, "health": 0.93215471583749088, "green": 0.87685782850678973, "groceries": 0.89894697823995451, "transit": 0.84743335522952834, "culture": 0.9060851526090693, "services": 0.90722240662313269, "livability": 0.88316542606115345 }, "geometry": { "type": "Polygon", "coordinates": [ [ [ 26.146674499999964, 44.384246600000026 ], [ 26.146674499999964, 44.389246600000028 ], [ 26.141674499999965, 44.389246600000028 ], [ 26.141674499999965, 44.384246600000026 ], [ 26.146674499999964, 44.384246600000026 ] ] ] } },
{ "type": "Feature", "properties": { "cell_id": 876, "education": 0.98721514138722, "health": 0.93151579205635848, "green": 0.98416941681272296, "groceries": 0.76403400055429482, "transit": 0.93217797005330183, "culture": 0.80967386742886316, "services": 0.81228381898357072, "livability": 0.88872428675376158 }, "geometry": { "type": "Polygon", "coordinates": [ [ [ 26.146674499999964, 44.389246600000028 ], [ 26.146674499999964, 44.394246600000031 ], [ 26.141674499999965, 44.394246600000031 ], [ 26.141674499999965, 44.389246600000028 ], [ 26.146674499999964, 44.389246600000028 ] ] ] } },
{ "type": "Feature", "properties": { "cell_id": 877, "education": 0.87324684728754209, "health": 0.94889634482698748, "green": 0.96060628984948515, "groceries": 0.83315770103219022, "transit": 0.91599319876353602, "culture": 0.9109052213485318, "services": 0.91374894883634539, "livability": 0.90807922170637401 }, "geometry": { "type": "Polygon", "coordinates": [ [ [ 26.146674499999964, 44.394246600000031 ], [ 26.146674499999964, 44.399246600000033 ], [ 26.141674499999965, 44.399246600000033 ], [ 26.141674499999965, 44.394246600000031 ], [ 26.146674499999964, 44.394246600000031 ] ] ] } },
{ "type": "Feature", "properties": { "cell_id": 878, "education": 0.80132647816315605, "health": 0.96463994873016545, "green": 0.80675691268803562, "groceries": 0.96392804822070577, "transit": 0.9244593547708928, "culture": 0.92981083085805949, "services": 0.93038715467102684, "livability": 0.90304410401457735 }, "geometry": { "type": "Polygon", "coordinates": [ [ [ 26.146674499999964, 44.399246600000033 ], [ 26.146674499999964, 44.404246600000036 ], [ 26.141674499999965, 44.404246600000036 ], [ 26.141674499999965, 44.399246600000033 ], [ 26.146674499999964, 44.399246600000033 ] ] ] } },
{ "type": "Feature", "properties": { "cell_id": 879, "education": 0.94762358554780768, "health": 0.95121511064190523, "green": 0.97728681541068441, "groceries": 0.9346099413254797, "transit": 0.97811297081586679, "culture": 0.94140452466951541, "services": 0.94803664169800062, "livability": 0.95404137001560851 }, "geometry": { "type": "Polygon", "coordinates": [ [ [ 26.146674499999964, 44.404246600000036 ], [ 26.146674499999964, 44.409246600000039 ], [ 26.141674499999965, 44.409246600000039 ], [ 26.141674499999965, 44.404246600000036 ], [ 26.146674499999964, 44.404246600000036 ] ] ] } },
{ "type": "Feature", "properties": { "cell_id": 880, "education": 0.94979691158231794, "health": 0.95734151764296305, "green": 0.96892122192918295, "groceries": 0.97422144517628795, "transit": 0.80191326635300364, "culture": 0.90853600998170303, "services": 0.9112432361641204, "livability": 0.9245676584042255 }, "geometry": { "type": "Polygon", "coordinates": [ [ [ 26.146674499999964, 44.409246600000039 ], [ 26.146674499999964, 44.414246600000041 ], [ 26.141674499999965, 44.414246600000041 ], [ 26.141674499999965, 44.409246600000039 ], [ 26.146674499999964, 44.409246600000039 ] ] ] } },
{ "type": "Feature", "properties": { "cell_id": 881, "education": 0.89475547204105543, "health": 0.98195996172615496, "green": 0.90537800607309604, "groceries": 0.97078698101999883, "transit": 0.85537783989554994, "culture": 0.97328717932878717, "services": 0.94980648113914601, "livability": 0.93305027446054112 }, "geometry": { "type": "Polygon", "coordinates": [ [ [ 26.146674499999964, 44.414246600000041 ], [ 26.146674499999964, 44.419246600000044 ], [ 26.141674499999965, 44.419246600000044 ], [ 26.141674499999965, 44.414246600000041 ], [ 26.146674499999964, 44.414246600000041 ] ] ] } },
{ "type": "Feature", "properties": { "cell_id": 882, "education": 0.83587781923876547, "health": 0.9238879930130357, "green": 0.95787078734888376, "groceries": 0.93826982662029801, "transit": 0.81301421843408717, "culture": 0.91611829713358839, "services": 0.91860109656296252, "livability": 0.90052000547880284 }, "geometry": { "type": "Polygon", "coordinates": [ [ [ 26.146674499999964, 44.419246600000044 ], [ 26.146674499999964, 44.424246600000046 ], [ 26.141674499999965, 44.424246600000046 ], [ 26.141674499999965, 44.419246600000044 ], [ 26.146674499999964, 44.419246600000044 ] ] ] } },
{ "type": "Feature", "properties": { "cell_id": 883, "education": 0.92975350400238244, "health": 0.9650908004035873, "green": 1.0, "groceries": 0.97680626188664577, "transit": 0.92208485540667162, "culture": 0.97299047720433329, "services": 0.88869439089824254, "livability": 0.95077432711455168 }, "geometry": { "type": "Polygon", "coordinates": [ [ [ 26.146674499999964, 44.424246600000046 ], [ 26.146674499999964, 44.429246600000049 ], [ 26.141674499999965, 44.429246600000049 ], [ 26.141674499999965, 44.424246600000046 ], [ 26.146674499999964, 44.424246600000046 ] ] ] } },
{ "type": "Feature", "properties": { "cell_id": 884, "education": 0.91534199956348894, "health": 0.95411362412477541, "green": 0.98890571806485383, "groceries": 0.95418416790420402, "transit": 0.86963596252755526, "culture": 0.98675623965304871, "services": 0.948213496106042, "livability": 0.94530731542056678 }, "geometry": { "type": "Polygon", "coordinates": [ [ [ 26.146674499999964, 44.429246600000049 ], [ 26.146674499999964, 44.434246600000051 ], [ 26.141674499999965, 44.434246600000051 ], [ 26.141674499999965, 44.429246600000049 ], [ 26.146674499999964, 44.429246600000049 ] ] ] } },
{ "type": "Feature", "properties": { "cell_id": 885, "education": 0.96754564897015616, "health": 0.9411094285417958, "green": 0.92537371230230081, "groceries": 0.86655423352242855, "transit": 0.81822032737419625, "culture": 0.92733277806445058, "services": 0.8994572632175758, "livability": 0.90651334171327214 }, "geometry": { "type": "Polygon", "coordinates": [ [ [ 26.146674499999964, 44.434246600000051 ], [ 26.146674499999964, 44.439246600000054 ], [ 26.141674499999965, 44.439246600000054 ], [ 26.141674499999965, 44.434246600000051 ], [ 26.146674499999964, 44.434246600000051 ] ] ] } },
{ "type": "Feature", "properties": { "cell_id": 886, "education": 0.95562831270762871, "health": 0.94692869272322433, "green": 0.92159426272225276, "groceries": 0.93496569934949092, "transit": 0.90067204611624396, "culture": 0.95982197045502593, "services": 0.93080645561307562, "livability": 0.93577391995527748 }, "geometry": { "type": "Polygon", "coordinates": [ [ [ 26.146674499999964, 44.439246600000054 ], [ 26.146674499999964, 44.444246600000056 ], [ 26.141674499999965, 44.444246600000056 ], [ 26.141674499999965, 44.439246600000054 ], [ 26.146674499999964, 44.439246600000054 ] ] ] } },
{ "type": "Feature", "properties": { "cell_id": 887, "education": 0.92620056282594332, "health": 0.95703082997083966, "green": 0.94030293827735278, "groceries": 0.95142659786601724, "transit": 1.0, "culture": 0.92570070748829025, "services": 0.91767454004891325, "livability": 0.94547659663962236 }, "geometry": { "type": "Polygon", "coordinates": [ [ [ 26.146674499999964, 44.444246600000056 ], [ 26.146674499999964, 44.449246600000059 ], [ 26.141674499999965, 44.449246600000059 ], [ 26.141674499999965, 44.444246600000056 ], [ 26.146674499999964, 44.444246600000056 ] ] ] } },
{ "type": "Feature", "properties": { "cell_id": 888, "education": 0.91275247956922145, "health": 0.96084099771163745, "green": 0.98845315618078766, "groceries": 0.95861699016490187, "transit": 0.90478343564818176, "culture": 0.84814085266596484, "services": 0.97087867621473511, "livability": 0.9349237983079185 }, "geometry": { "type": "Polygon", "coordinates": [ [ [ 26.146674499999964, 44.449246600000059 ], [ 26.146674499999964, 44.454246600000062 ], [ 26.141674499999965, 44.454246600000062 ], [ 26.141674499999965, 44.449246600000059 ], [ 26.146674499999964, 44.449246600000059 ] ] ] } },
{ "type": "Feature", "properties": { "cell_id": 889, "education": 0.91916916847830321, "health": 0.89064108927792551, "green": 0.89096446891485304, "groceries": 0.97155534968296164, "transit": 0.92977123715385945, "culture": 0.88341217472731615, "services": 0.88990916223873417, "livability": 0.91077466435342191 }, "geometry": { "type": "Polygon", "coordinates": [ [ [ 26.146674499999964, 44.454246600000062 ], [ 26.146674499999964, 44.459246600000064 ], [ 26.141674499999965, 44.459246600000064 ], [ 26.141674499999965, 44.454246600000062 ], [ 26.146674499999964, 44.454246600000062 ] ] ] } },
{ "type": "Feature", "properties": { "cell_id": 890, "education": 0.81490371340781942, "health": 0.87422236187765789, "green": 0.88300585201625503, "groceries": 0.88822769620309283, "transit": 0.88970182733056236, "culture": 0.92776559622668553, "services": 0.91784711917486794, "livability": 0.88509630946242002 }, "geometry": { "type": "Polygon", "coordinates": [ [ [ 26.146674499999964, 44.459246600000064 ], [ 26.146674499999964, 44.464246600000067 ], [ 26.141674499999965, 44.464246600000067 ], [ 26.141674499999965, 44.459246600000064 ], [ 26.146674499999964, 44.459246600000064 ] ] ] } },
{ "type": "Feature", "properties": { "cell_id": 891, "education": 0.91801809916768262, "health": 0.96439486077716485, "green": 0.97571786537656069, "groceries": 0.95424961410908415, "transit": 0.93265039394622806, "culture": 0.95728460507254343, "services": 0.93414939186731016, "livability": 0.94806640433093892 }, "geometry": { "type": "Polygon", "coordinates": [ [ [ 26.146674499999964, 44.464246600000067 ], [ 26.146674499999964, 44.469246600000069 ], [ 26.141674499999965, 44.469246600000069 ], [ 26.141674499999965, 44.464246600000067 ], [ 26.146674499999964, 44.464246600000067 ] ] ] } },
{ "type": "Feature", "properties": { "cell_id": 892, "education": 0.90984253782293312, "health": 0.93237551389015305, "green": 0.87193437852122546, "groceries": 0.92452883737897718, "transit": 0.9361447597299426, "culture": 0.92547224446030607, "services": 0.92713944548853378, "livability": 0.91820538818458153 }, "geometry": { "type": "Polygon", "coordinates": [ [ [ 26.146674499999964, 44.469246600000069 ], [ 26.146674499999964, 44.474246600000072 ], [ 26.141674499999965, 44.474246600000072 ], [ 26.141674499999965, 44.469246600000069 ], [ 26.146674499999964, 44.469246600000069 ] ] ] } },
{ "type": "Feature", "properties": { "cell_id": 893, "education": 0.86297568715225415, "health": 0.85227753088675284, "green": 0.87943598834349901, "groceries": 0.95092703050984906, "transit": 1.0, "culture": 0.83511700205094752, "services": 0.81109746806406491, "livability": 0.88454724385819539 }, "geometry": { "type": "Polygon", "coordinates": [ [ [ 26.146674499999964, 44.474246600000072 ], [ 26.146674499999964, 44.479246600000074 ], [ 26.141674499999965, 44.479246600000074 ], [ 26.141674499999965, 44.474246600000072 ], [ 26.146674499999964, 44.474246600000072 ] ] ] } },
{ "type": "Feature", "properties": { "cell_id": 894, "education": 0.82618352300467524, "health": 0.76688312091239696, "green": 0.86601899101328994, "groceries": 0.97726306306196808, "transit": 0.93312909507101582, "culture": 0.78561612409799064, "services": 0.71839024939440765, "livability": 0.83906916665082054 }, "geometry": { "type": "Polygon", "coordinates": [ [ [ 26.146674499999964, 44.479246600000074 ], [ 26.146674499999964, 44.484246600000077 ], [ 26.141674499999965, 44.484246600000077 ], [ 26.141674499999965, 44.479246600000074 ], [ 26.146674499999964, 44.479246600000074 ] ] ] } },
{ "type": "Feature", "properties": { "cell_id": 895, "education": 0.014350098490408247, "health": 0.37355967703322712, "green": 0.88959416554593096, "groceries": 0.014738405390015363, "transit": 0.40037008395249385, "culture": 0.28103472438105748, "services": 0.30666904064843559, "livability": 0.32575945649165261 }, "geometry": { "type": "Polygon", "coordinates": [ [ [ 26.151674499999963, 44.3342466 ], [ 26.151674499999963, 44.3392466 ], [ 26.146674499999964, 44.3392466 ], [ 26.146674499999964, 44.3342466 ], [ 26.151674499999963, 44.3342466 ] ] ] } },
{ "type": "Feature", "properties": { "cell_id": 896, "education": 0.025211185888486476, "health": 0.38089961826989405, "green": 0.916248019228039, "groceries": 0.025893388692482588, "transit": 0.42030533673780601, "culture": 0.28912394439041122, "services": 0.31451882929031583, "livability": 0.33888576035677642 }, "geometry": { "type": "Polygon", "coordinates": [ [ [ 26.151674499999963, 44.3392466 ], [ 26.151674499999963, 44.3442466 ], [ 26.146674499999964, 44.3442466 ], [ 26.146674499999964, 44.3392466 ], [ 26.151674499999963, 44.3392466 ] ] ] } },
{ "type": "Feature", "properties": { "cell_id": 897, "education": 0.1902209258538764, "health": 0.52342717661473681, "green": 0.22091445970910639, "groceries": 0.34705598921840008, "transit": 0.63557213323824557, "culture": 0.52650688810677537, "services": 0.43377867272082904, "livability": 0.41106803506599565 }, "geometry": { "type": "Polygon", "coordinates": [ [ [ 26.151674499999963, 44.3442466 ], [ 26.151674499999963, 44.3492466 ], [ 26.146674499999964, 44.3492466 ], [ 26.146674499999964, 44.3442466 ], [ 26.151674499999963, 44.3442466 ] ] ] } },
{ "type": "Feature", "properties": { "cell_id": 898, "education": 0.41811737814648786, "health": 0.73583674762877038, "green": 0.58437106659690219, "groceries": 0.66986854882163205, "transit": 0.59150409631388867, "culture": 0.7605997366218944, "services": 0.59508971608445926, "livability": 0.62219818431629059 }, "geometry": { "type": "Polygon", "coordinates": [ [ [ 26.151674499999963, 44.3492466 ], [ 26.151674499999963, 44.35424660000001 ], [ 26.146674499999964, 44.35424660000001 ], [ 26.146674499999964, 44.3492466 ], [ 26.151674499999963, 44.3492466 ] ] ] } },
{ "type": "Feature", "properties": { "cell_id": 899, "education": 0.57976357595195593, "health": 0.75566706157757735, "green": 0.61266159230215433, "groceries": 0.69333436418357108, "transit": 0.89880993317964109, "culture": 0.77761635941859664, "services": 0.7153183895275359, "livability": 0.71902446802014752 }, "geometry": { "type": "Polygon", "coordinates": [ [ [ 26.151674499999963, 44.35424660000001 ], [ 26.151674499999963, 44.359246600000013 ], [ 26.146674499999964, 44.359246600000013 ], [ 26.146674499999964, 44.35424660000001 ], [ 26.151674499999963, 44.35424660000001 ] ] ] } },
{ "type": "Feature", "properties": { "cell_id": 900, "education": 0.71022169901468835, "health": 0.84383088183150079, "green": 0.64873165691845736, "groceries": 0.72943996334663164, "transit": 0.99375997322293996, "culture": 0.79931233955778358, "services": 0.80960624995300789, "livability": 0.79070039483500132 }, "geometry": { "type": "Polygon", "coordinates": [ [ [ 26.151674499999963, 44.359246600000013 ], [ 26.151674499999963, 44.364246600000016 ], [ 26.146674499999964, 44.364246600000016 ], [ 26.146674499999964, 44.359246600000013 ], [ 26.151674499999963, 44.359246600000013 ] ] ] } },
{ "type": "Feature", "properties": { "cell_id": 901, "education": 0.79494704966854812, "health": 0.85019134571357124, "green": 0.67531207733197851, "groceries": 0.89636776697795484, "transit": 0.84174951626658423, "culture": 0.8151099202631692, "services": 0.84600937726757808, "livability": 0.81709815049848333 }, "geometry": { "type": "Polygon", "coordinates": [ [ [ 26.151674499999963, 44.379246600000023 ], [ 26.151674499999963, 44.384246600000026 ], [ 26.146674499999964, 44.384246600000026 ], [ 26.146674499999964, 44.379246600000023 ], [ 26.151674499999963, 44.379246600000023 ] ] ] } },
{ "type": "Feature", "properties": { "cell_id": 902, "education": 0.75121958365454689, "health": 0.82064025021019549, "green": 0.62116745913405003, "groceries": 0.91498107025738906, "transit": 0.87501365445342805, "culture": 0.78254217818778726, "services": 0.81440560192960898, "livability": 0.79713854254671501 }, "geometry": { "type": "Polygon", "coordinates": [ [ [ 26.151674499999963, 44.384246600000026 ], [ 26.151674499999963, 44.389246600000028 ], [ 26.146674499999964, 44.389246600000028 ], [ 26.146674499999964, 44.384246600000026 ], [ 26.151674499999963, 44.384246600000026 ] ] ] } },
{ "type": "Feature", "properties": { "cell_id": 903, "education": 0.8015524974385404, "health": 0.8476071819394928, "green": 0.80772827775486322, "groceries": 0.67402634068300671, "transit": 0.75595116976011323, "culture": 0.74418470864138664, "services": 0.74894521174571071, "livability": 0.76857076970901617 }, "geometry": { "type": "Polygon", "coordinates": [ [ [ 26.151674499999963, 44.389246600000028 ], [ 26.151674499999963, 44.394246600000031 ], [ 26.146674499999964, 44.394246600000031 ], [ 26.146674499999964, 44.389246600000028 ], [ 26.151674499999963, 44.389246600000028 ] ] ] } },
{ "type": "Feature", "properties": { "cell_id": 904, "education": 0.65787123171732564, "health": 0.67771099014567171, "green": 0.68749885420465062, "groceries": 0.5436779694738636, "transit": 0.53676745050972297, "culture": 0.67416678506939742, "services": 0.64686289140992237, "livability": 0.63207945321865056 }, "geometry": { "type": "Polygon", "coordinates": [ [ [ 26.151674499999963, 44.394246600000031 ], [ 26.151674499999963, 44.399246600000033 ], [ 26.146674499999964, 44.399246600000033 ], [ 26.146674499999964, 44.394246600000031 ], [ 26.151674499999963, 44.394246600000031 ] ] ] } },
{ "type": "Feature", "properties": { "cell_id": 905, "education": 0.81672324202978563, "health": 0.84817081243525605, "green": 0.85226863757184146, "groceries": 0.78147810134930551, "transit": 0.79578080648523419, "culture": 0.82083087781438469, "services": 0.8150261424188493, "livability": 0.81861123144352232 }, "geometry": { "type": "Polygon", "coordinates": [ [ [ 26.151674499999963, 44.399246600000033 ], [ 26.151674499999963, 44.404246600000036 ], [ 26.146674499999964, 44.404246600000036 ], [ 26.146674499999964, 44.399246600000033 ], [ 26.151674499999963, 44.399246600000033 ] ] ] } },
{ "type": "Feature", "properties": { "cell_id": 906, "education": 0.92376166984935426, "health": 0.92845995709101803, "green": 0.96062529246213457, "groceries": 0.90349870602802906, "transit": 0.9416333462977311, "culture": 0.88405804729746396, "services": 0.89238755239069434, "livability": 0.91920351020234647 }, "geometry": { "type": "Polygon", "coordinates": [ [ [ 26.151674499999963, 44.404246600000036 ], [ 26.151674499999963, 44.409246600000039 ], [ 26.146674499999964, 44.409246600000039 ], [ 26.146674499999964, 44.404246600000036 ], [ 26.151674499999963, 44.404246600000036 ] ] ] } },
{ "type": "Feature", "properties": { "cell_id": 907, "education": 0.90113810217648493, "health": 0.93873685522175121, "green": 0.86107717794858862, "groceries": 0.98661960833788143, "transit": 0.96957870219313746, "culture": 0.88867756316397661, "services": 0.88767605163395236, "livability": 0.91907200866796745 }, "geometry": { "type": "Polygon", "coordinates": [ [ [ 26.151674499999963, 44.409246600000039 ], [ 26.151674499999963, 44.414246600000041 ], [ 26.146674499999964, 44.414246600000041 ], [ 26.146674499999964, 44.409246600000039 ], [ 26.151674499999963, 44.409246600000039 ] ] ] } },
{ "type": "Feature", "properties": { "cell_id": 908, "education": 0.93287582823273674, "health": 0.97168182079103682, "green": 0.91438073277706577, "groceries": 0.91544977972747743, "transit": 0.94983007353447013, "culture": 0.91143732952071799, "services": 0.89525909638750401, "livability": 0.92727352299585841 }, "geometry": { "type": "Polygon", "coordinates": [ [ [ 26.151674499999963, 44.414246600000041 ], [ 26.151674499999963, 44.419246600000044 ], [ 26.146674499999964, 44.419246600000044 ], [ 26.146674499999964, 44.414246600000041 ], [ 26.151674499999963, 44.414246600000041 ] ] ] } },
{ "type": "Feature", "properties": { "cell_id": 909, "education": 0.81896762184156424, "health": 0.91907270636961758, "green": 0.91631122433582746, "groceries": 0.89713333980813059, "transit": 0.89824970435609996, "culture": 0.92303516766350291, "services": 0.90450612225294325, "livability": 0.89675369808966932 }, "geometry": { "type": "Polygon", "coordinates": [ [ [ 26.151674499999963, 44.419246600000044 ], [ 26.151674499999963, 44.424246600000046 ], [ 26.146674499999964, 44.424246600000046 ], [ 26.146674499999964, 44.419246600000044 ], [ 26.151674499999963, 44.419246600000044 ] ] ] } },
{ "type": "Feature", "properties": { "cell_id": 910, "education": 0.90840172313403544, "health": 0.9970582434351033, "green": 0.96751091575863657, "groceries": 0.98746293984622135, "transit": 0.90671918863935741, "culture": 0.97430629946953973, "services": 0.87558878891223602, "livability": 0.94529258559930418 }, "geometry": { "type": "Polygon", "coordinates": [ [ [ 26.151674499999963, 44.424246600000046 ], [ 26.151674499999963, 44.429246600000049 ], [ 26.146674499999964, 44.429246600000049 ], [ 26.146674499999964, 44.424246600000046 ], [ 26.151674499999963, 44.424246600000046 ] ] ] } },
{ "type": "Feature", "properties": { "cell_id": 911, "education": 0.98042912474517996, "health": 0.93784273306683896, "green": 0.9900750819282339, "groceries": 0.94623128680160562, "transit": 0.92644670815632479, "culture": 0.97735170866924204, "services": 0.90427970808848102, "livability": 0.95180805020798664 }, "geometry": { "type": "Polygon", "coordinates": [ [ [ 26.151674499999963, 44.429246600000049 ], [ 26.151674499999963, 44.434246600000051 ], [ 26.146674499999964, 44.434246600000051 ], [ 26.146674499999964, 44.429246600000049 ], [ 26.151674499999963, 44.429246600000049 ] ] ] } },
{ "type": "Feature", "properties": { "cell_id": 912, "education": 0.9609887848954799, "health": 0.98718253572071513, "green": 0.9379029351332272, "groceries": 0.90404280257915559, "transit": 0.84425338046318776, "culture": 0.93951042488803449, "services": 0.94915115402714412, "livability": 0.93186171681527763 }, "geometry": { "type": "Polygon", "coordinates": [ [ [ 26.151674499999963, 44.434246600000051 ], [ 26.151674499999963, 44.439246600000054 ], [ 26.146674499999964, 44.439246600000054 ], [ 26.146674499999964, 44.434246600000051 ], [ 26.151674499999963, 44.434246600000051 ] ] ] } },
{ "type": "Feature", "properties": { "cell_id": 913, "education": 0.95571240541019453, "health": 0.94228938538406126, "green": 1.0, "groceries": 0.98533305239284041, "transit": 0.94884065960630515, "culture": 0.98577564015041197, "services": 0.98206455401489934, "livability": 0.97143081385124452 }, "geometry": { "type": "Polygon", "coordinates": [ [ [ 26.151674499999963, 44.439246600000054 ], [ 26.151674499999963, 44.444246600000056 ], [ 26.146674499999964, 44.444246600000056 ], [ 26.146674499999964, 44.439246600000054 ], [ 26.151674499999963, 44.439246600000054 ] ] ] } },
{ "type": "Feature", "properties": { "cell_id": 914, "education": 0.87507386111092145, "health": 0.93386037920604903, "green": 0.91415665403845114, "groceries": 0.96438884419480286, "transit": 0.87729225992578241, "culture": 1.0, "services": 0.91711933618626051, "livability": 0.92598447638032377 }, "geometry": { "type": "Polygon", "coordinates": [ [ [ 26.151674499999963, 44.444246600000056 ], [ 26.151674499999963, 44.449246600000059 ], [ 26.146674499999964, 44.449246600000059 ], [ 26.146674499999964, 44.444246600000056 ], [ 26.151674499999963, 44.444246600000056 ] ] ] } },
{ "type": "Feature", "properties": { "cell_id": 915, "education": 0.87532197705116876, "health": 0.94295829826090527, "green": 0.8991961025131735, "groceries": 0.94901935972089513, "transit": 0.88981562508770873, "culture": 0.8780822511281493, "services": 0.94566274688703134, "livability": 0.91143662294986161 }, "geometry": { "type": "Polygon", "coordinates": [ [ [ 26.151674499999963, 44.449246600000059 ], [ 26.151674499999963, 44.454246600000062 ], [ 26.146674499999964, 44.454246600000062 ], [ 26.146674499999964, 44.449246600000059 ], [ 26.151674499999963, 44.449246600000059 ] ] ] } },
{ "type": "Feature", "properties": { "cell_id": 916, "education": 0.84407145837422926, "health": 0.83988992975133114, "green": 0.81153150495783011, "groceries": 0.88891434261103597, "transit": 0.79510019962724565, "culture": 0.82141367772505158, "services": 0.835632722854729, "livability": 0.83379340512877886 }, "geometry": { "type": "Polygon", "coordinates": [ [ [ 26.151674499999963, 44.454246600000062 ], [ 26.151674499999963, 44.459246600000064 ], [ 26.146674499999964, 44.459246600000064 ], [ 26.146674499999964, 44.454246600000062 ], [ 26.151674499999963, 44.454246600000062 ] ] ] } },
{ "type": "Feature", "properties": { "cell_id": 917, "education": 0.77442909364338608, "health": 0.86995975720861385, "green": 0.99295089981340812, "groceries": 0.88611942569250746, "transit": 0.79648216634674029, "culture": 0.92322369084641487, "services": 0.86340920334372029, "livability": 0.87236774812782736 }, "geometry": { "type": "Polygon", "coordinates": [ [ [ 26.151674499999963, 44.459246600000064 ], [ 26.151674499999963, 44.464246600000067 ], [ 26.146674499999964, 44.464246600000067 ], [ 26.146674499999964, 44.459246600000064 ], [ 26.151674499999963, 44.459246600000064 ] ] ] } },
{ "type": "Feature", "properties": { "cell_id": 918, "education": 0.79856450844212867, "health": 0.91121322510849001, "green": 0.85541304587309996, "groceries": 0.91413063795171745, "transit": 0.92141955636116701, "culture": 0.94353648312494187, "services": 0.86516354735358281, "livability": 0.88706300060216103 }, "geometry": { "type": "Polygon", "coordinates": [ [ [ 26.151674499999963, 44.464246600000067 ], [ 26.151674499999963, 44.469246600000069 ], [ 26.146674499999964, 44.469246600000069 ], [ 26.146674499999964, 44.464246600000067 ], [ 26.151674499999963, 44.464246600000067 ] ] ] } },
{ "type": "Feature", "properties": { "cell_id": 919, "education": 0.86978428494891991, "health": 0.92910621571747509, "green": 0.91991218033137334, "groceries": 0.96108896434521895, "transit": 0.96244441995473784, "culture": 0.98476089805147371, "services": 0.90749111282787787, "livability": 0.93351258231101086 }, "geometry": { "type": "Polygon", "coordinates": [ [ [ 26.151674499999963, 44.469246600000069 ], [ 26.151674499999963, 44.474246600000072 ], [ 26.146674499999964, 44.474246600000072 ], [ 26.146674499999964, 44.469246600000069 ], [ 26.151674499999963, 44.469246600000069 ] ] ] } },
{ "type": "Feature", "properties": { "cell_id": 920, "education": 0.98152042630608682, "health": 0.86232595558934422, "green": 0.74550438827873622, "groceries": 1.0, "transit": 0.89923728920254387, "culture": 0.9013093636716959, "services": 0.81630173170381459, "livability": 0.88659987925031736 }, "geometry": { "type": "Polygon", "coordinates": [ [ [ 26.151674499999963, 44.474246600000072 ], [ 26.151674499999963, 44.479246600000074 ], [ 26.146674499999964, 44.479246600000074 ], [ 26.146674499999964, 44.474246600000072 ], [ 26.151674499999963, 44.474246600000072 ] ] ] } },
{ "type": "Feature", "properties": { "cell_id": 921, "education": 0.86556268999088226, "health": 0.78651525892935059, "green": 0.78227933453938281, "groceries": 0.91925947558456922, "transit": 0.93708106512538891, "culture": 0.8240692656160109, "services": 0.76102874743825455, "livability": 0.83939940531769142 }, "geometry": { "type": "Polygon", "coordinates": [ [ [ 26.151674499999963, 44.479246600000074 ], [ 26.151674499999963, 44.484246600000077 ], [ 26.146674499999964, 44.484246600000077 ], [ 26.146674499999964, 44.479246600000074 ], [ 26.151674499999963, 44.479246600000074 ] ] ] } },
{ "type": "Feature", "properties": { "cell_id": 922, "education": 0.076019875094813893, "health": 0.41523621638552155, "green": 0.23530479895074852, "groceries": 0.078076937074306074, "transit": 1.0, "culture": 0.32696570464082397, "services": 0.35124051808836587, "livability": 0.35469200717636856 }, "geometry": { "type": "Polygon", "coordinates": [ [ [ 26.156674499999962, 44.3342466 ], [ 26.156674499999962, 44.3392466 ], [ 26.151674499999963, 44.3392466 ], [ 26.151674499999963, 44.3342466 ], [ 26.156674499999962, 44.3342466 ] ] ] } },
{ "type": "Feature", "properties": { "cell_id": 923, "education": 0.13667011867311929, "health": 0.45622375359409495, "green": 0.94574029359941381, "groceries": 0.14036834764948258, "transit": 0.62488540490261546, "culture": 0.37213734776862095, "services": 0.39507513387945992, "livability": 0.43872862858097234 }, "geometry": { "type": "Polygon", "coordinates": [ [ [ 26.156674499999962, 44.3392466 ], [ 26.156674499999962, 44.3442466 ], [ 26.151674499999963, 44.3442466 ], [ 26.151674499999963, 44.3392466 ], [ 26.156674499999962, 44.3392466 ] ] ] } },
{ "type": "Feature", "properties": { "cell_id": 924, "education": 0.28673055895367472, "health": 0.55763485298387949, "green": 0.38441179784984214, "groceries": 0.29448935269605458, "transit": 0.84532185324868248, "culture": 0.4839007349543899, "services": 0.50353045667874796, "livability": 0.47943137248075302 }, "geometry": { "type": "Polygon", "coordinates": [ [ [ 26.156674499999962, 44.3442466 ], [ 26.156674499999962, 44.3492466 ], [ 26.151674499999963, 44.3492466 ], [ 26.151674499999963, 44.3442466 ], [ 26.156674499999962, 44.3442466 ] ] ] } },
{ "type": "Feature", "properties": { "cell_id": 925, "education": 0.47592665981082138, "health": 0.68549389799475802, "green": 0.35862073580310705, "groceries": 0.48880501084339667, "transit": 0.91118529705186402, "culture": 0.6248119373645763, "services": 0.64027085376451698, "livability": 0.59787348466186285 }, "geometry": { "type": "Polygon", "coordinates": [ [ [ 26.156674499999962, 44.3492466 ], [ 26.156674499999962, 44.35424660000001 ], [ 26.151674499999963, 44.35424660000001 ], [ 26.151674499999963, 44.3492466 ], [ 26.156674499999962, 44.3492466 ] ] ] } },
{ "type": "Feature", "properties": { "cell_id": 926, "education": 0.77581684458009859, "health": 0.83021498420230799, "green": 0.95122898852599058, "groceries": 0.69729791424621912, "transit": 0.94541044526534979, "culture": 0.76106047379605513, "services": 0.76532147416421037, "livability": 0.81805016068289016 }, "geometry": { "type": "Polygon", "coordinates": [ [ [ 26.156674499999962, 44.389246600000028 ], [ 26.156674499999962, 44.394246600000031 ], [ 26.151674499999963, 44.394246600000031 ], [ 26.151674499999963, 44.389246600000028 ], [ 26.156674499999962, 44.389246600000028 ] ] ] } },
{ "type": "Feature", "properties": { "cell_id": 927, "education": 0.67526005330097005, "health": 0.6894623851875179, "green": 0.70903019803456413, "groceries": 0.56153732437137194, "transit": 0.56868419523364278, "culture": 0.68711779064903999, "services": 0.65943056250583165, "livability": 0.65007464418327687 }, "geometry": { "type": "Polygon", "coordinates": [ [ [ 26.156674499999962, 44.394246600000031 ], [ 26.156674499999962, 44.399246600000033 ], [ 26.151674499999963, 44.399246600000033 ], [ 26.151674499999963, 44.394246600000031 ], [ 26.156674499999962, 44.394246600000031 ] ] ] } },
{ "type": "Feature", "properties": { "cell_id": 928, "education": 0.74626442089942624, "health": 0.81091688201007817, "green": 0.76502447923076777, "groceries": 0.74611957651491045, "transit": 0.91019239759677006, "culture": 0.82097065325985497, "services": 0.76410243344222972, "livability": 0.79479869185057672 }, "geometry": { "type": "Polygon", "coordinates": [ [ [ 26.156674499999962, 44.399246600000033 ], [ 26.156674499999962, 44.404246600000036 ], [ 26.151674499999963, 44.404246600000036 ], [ 26.151674499999963, 44.399246600000033 ], [ 26.156674499999962, 44.399246600000033 ] ] ] } },
{ "type": "Feature", "properties": { "cell_id": 929, "education": 0.76214609312816095, "health": 0.81128748288267116, "green": 0.78468962696409739, "groceries": 0.72542412052952021, "transit": 0.69560582217859546, "culture": 0.78018240968525299, "services": 0.77558082098354031, "livability": 0.76213091090740537 }, "geometry": { "type": "Polygon", "coordinates": [ [ [ 26.156674499999962, 44.404246600000036 ], [ 26.156674499999962, 44.409246600000039 ], [ 26.151674499999963, 44.409246600000039 ], [ 26.151674499999963, 44.404246600000036 ], [ 26.156674499999962, 44.404246600000036 ] ] ] } },
{ "type": "Feature", "properties": { "cell_id": 930, "education": 0.73515212449440193, "health": 0.89480995186092849, "green": 0.75240716820595788, "groceries": 0.82468261420779365, "transit": 0.63298355781843574, "culture": 0.83583589206896547, "services": 0.8393879269173643, "livability": 0.78789417651054972 }, "geometry": { "type": "Polygon", "coordinates": [ [ [ 26.156674499999962, 44.409246600000039 ], [ 26.156674499999962, 44.414246600000041 ], [ 26.151674499999963, 44.414246600000041 ], [ 26.151674499999963, 44.409246600000039 ], [ 26.156674499999962, 44.409246600000039 ] ] ] } },
{ "type": "Feature", "properties": { "cell_id": 931, "education": 0.91618897662908538, "health": 0.96019154959038366, "green": 1.0, "groceries": 0.95855164633065248, "transit": 0.8870417363018942, "culture": 0.94263655577615812, "services": 0.92484706022772856, "livability": 0.94135107497941461 }, "geometry": { "type": "Polygon", "coordinates": [ [ [ 26.156674499999962, 44.414246600000041 ], [ 26.156674499999962, 44.419246600000044 ], [ 26.151674499999963, 44.419246600000044 ], [ 26.151674499999963, 44.414246600000041 ], [ 26.156674499999962, 44.414246600000041 ] ] ] } },
{ "type": "Feature", "properties": { "cell_id": 932, "education": 0.90019193495079397, "health": 0.9198962552014246, "green": 0.95398323996732548, "groceries": 0.87826115947231143, "transit": 0.81453572474038294, "culture": 0.92583373105415023, "services": 0.92802896510311583, "livability": 0.90296157292707202 }, "geometry": { "type": "Polygon", "coordinates": [ [ [ 26.156674499999962, 44.419246600000044 ], [ 26.156674499999962, 44.424246600000046 ], [ 26.151674499999963, 44.424246600000046 ], [ 26.151674499999963, 44.419246600000044 ], [ 26.156674499999962, 44.419246600000044 ] ] ] } },
{ "type": "Feature", "properties": { "cell_id": 933, "education": 0.85463611263876271, "health": 0.96278933699172176, "green": 0.99335650354129668, "groceries": 0.94344854936201539, "transit": 0.86978419965073428, "culture": 0.97687846662296196, "services": 0.9293787789817396, "livability": 0.93289599254131894 }, "geometry": { "type": "Polygon", "coordinates": [ [ [ 26.156674499999962, 44.424246600000046 ], [ 26.156674499999962, 44.429246600000049 ], [ 26.151674499999963, 44.429246600000049 ], [ 26.151674499999963, 44.424246600000046 ], [ 26.156674499999962, 44.424246600000046 ] ] ] } },
{ "type": "Feature", "properties": { "cell_id": 934, "education": 0.93991524272825688, "health": 0.95122367711951161, "green": 0.98251875207285877, "groceries": 0.97660964297446384, "transit": 0.92827786118337385, "culture": 0.97012796484464026, "services": 0.9642337133278589, "livability": 0.95898669346442322 }, "geometry": { "type": "Polygon", "coordinates": [ [ [ 26.156674499999962, 44.429246600000049 ], [ 26.156674499999962, 44.434246600000051 ], [ 26.151674499999963, 44.434246600000051 ], [ 26.151674499999963, 44.429246600000049 ], [ 26.156674499999962, 44.429246600000049 ] ] ] } },
{ "type": "Feature", "properties": { "cell_id": 935, "education": 0.95109014079858978, "health": 0.92818656929413379, "green": 0.93943839206857183, "groceries": 0.91082537310548906, "transit": 0.83458986600265672, "culture": 0.93307423543962786, "services": 0.93724760007613661, "livability": 0.91920745382645785 }, "geometry": { "type": "Polygon", "coordinates": [ [ [ 26.156674499999962, 44.434246600000051 ], [ 26.156674499999962, 44.439246600000054 ], [ 26.151674499999963, 44.439246600000054 ], [ 26.151674499999963, 44.434246600000051 ], [ 26.156674499999962, 44.434246600000051 ] ] ] } },
{ "type": "Feature", "properties": { "cell_id": 936, "education": 0.93222725120550454, "health": 0.99222993094548506, "green": 0.9580803224357537, "groceries": 0.97879588759232872, "transit": 0.90088765369297485, "culture": 0.95963922176974492, "services": 0.97991779845497862, "livability": 0.95739686658525269 }, "geometry": { "type": "Polygon", "coordinates": [ [ [ 26.156674499999962, 44.439246600000054 ], [ 26.156674499999962, 44.444246600000056 ], [ 26.151674499999963, 44.444246600000056 ], [ 26.151674499999963, 44.439246600000054 ], [ 26.156674499999962, 44.439246600000054 ] ] ] } },
{ "type": "Feature", "properties": { "cell_id": 937, "education": 0.7721592624979764, "health": 0.86431051936900893, "green": 0.87259084941972531, "groceries": 0.92991173667423177, "transit": 0.95406481840800195, "culture": 0.92335032397384631, "services": 0.84273840012837531, "livability": 0.87987513006730944 }, "geometry": { "type": "Polygon", "coordinates": [ [ [ 26.156674499999962, 44.444246600000056 ], [ 26.156674499999962, 44.449246600000059 ], [ 26.151674499999963, 44.449246600000059 ], [ 26.151674499999963, 44.444246600000056 ], [ 26.156674499999962, 44.444246600000056 ] ] ] } },
{ "type": "Feature", "properties": { "cell_id": 938, "education": 0.77674040759222696, "health": 0.84911519414542147, "green": 0.97273416278822356, "groceries": 0.87901410657674894, "transit": 0.91845359088693379, "culture": 0.88644106856311189, "services": 0.84530110786946611, "livability": 0.87539994834601897 }, "geometry": { "type": "Polygon", "coordinates": [ [ [ 26.156674499999962, 44.449246600000059 ], [ 26.156674499999962, 44.454246600000062 ], [ 26.151674499999963, 44.454246600000062 ], [ 26.151674499999963, 44.449246600000059 ], [ 26.156674499999962, 44.449246600000059 ] ] ] } },
{ "type": "Feature", "properties": { "cell_id": 939, "education": 0.73411154774087828, "health": 0.82205014341729088, "green": 0.88323282605468101, "groceries": 0.78052192143094956, "transit": 0.69555458481775834, "culture": 0.77674878569235351, "services": 0.79279332303152439, "livability": 0.78357330459791952 }, "geometry": { "type": "Polygon", "coordinates": [ [ [ 26.156674499999962, 44.454246600000062 ], [ 26.156674499999962, 44.459246600000064 ], [ 26.151674499999963, 44.459246600000064 ], [ 26.151674499999963, 44.454246600000062 ], [ 26.156674499999962, 44.454246600000062 ] ] ] } },
{ "type": "Feature", "properties": { "cell_id": 940, "education": 0.82879849802054972, "health": 0.92618371565150137, "green": 0.86501316330037237, "groceries": 0.96877361080498336, "transit": 0.90113468354538051, "culture": 0.88827017061932301, "services": 0.8115330524871347, "livability": 0.88424384206132067 }, "geometry": { "type": "Polygon", "coordinates": [ [ [ 26.156674499999962, 44.459246600000064 ], [ 26.156674499999962, 44.464246600000067 ], [ 26.151674499999963, 44.464246600000067 ], [ 26.151674499999963, 44.459246600000064 ], [ 26.156674499999962, 44.459246600000064 ] ] ] } },
{ "type": "Feature", "properties": { "cell_id": 941, "education": 0.8407719380914187, "health": 0.96291801862408732, "green": 0.80283919000301174, "groceries": 0.95082001661008797, "transit": 0.89928547808854797, "culture": 0.95389123538253118, "services": 0.80450114955035623, "livability": 0.88786100376429156 }, "geometry": { "type": "Polygon", "coordinates": [ [ [ 26.156674499999962, 44.464246600000067 ], [ 26.156674499999962, 44.469246600000069 ], [ 26.151674499999963, 44.469246600000069 ], [ 26.151674499999963, 44.464246600000067 ], [ 26.156674499999962, 44.464246600000067 ] ] ] } },
{ "type": "Feature", "properties": { "cell_id": 942, "education": 0.81645915832788729, "health": 0.8895966581355631, "green": 0.86159174433066732, "groceries": 0.95508050647369158, "transit": 0.81120714791911963, "culture": 0.92468712011823051, "services": 0.8521570295681743, "livability": 0.87296848069619049 }, "geometry": { "type": "Polygon", "coordinates": [ [ [ 26.156674499999962, 44.469246600000069 ], [ 26.156674499999962, 44.474246600000072 ], [ 26.151674499999963, 44.474246600000072 ], [ 26.151674499999963, 44.469246600000069 ], [ 26.156674499999962, 44.469246600000069 ] ] ] } },
{ "type": "Feature", "properties": { "cell_id": 943, "education": 0.94618887246161443, "health": 0.88570315066726091, "green": 0.75250575668682662, "groceries": 0.90810207863385184, "transit": 0.92154539840843763, "culture": 0.9333824947906163, "services": 0.86710643401246723, "livability": 0.88779059795158211 }, "geometry": { "type": "Polygon", "coordinates": [ [ [ 26.156674499999962, 44.474246600000072 ], [ 26.156674499999962, 44.479246600000074 ], [ 26.151674499999963, 44.479246600000074 ], [ 26.151674499999963, 44.474246600000072 ], [ 26.156674499999962, 44.474246600000072 ] ] ] } },
{ "type": "Feature", "properties": { "cell_id": 944, "education": 0.85273657851586049, "health": 0.80058112266285886, "green": 0.70438353221714689, "groceries": 0.85464814478754725, "transit": 0.82518425383698868, "culture": 0.8395710063920182, "services": 0.77607165497843356, "livability": 0.80759661334155042 }, "geometry": { "type": "Polygon", "coordinates": [ [ [ 26.156674499999962, 44.479246600000074 ], [ 26.156674499999962, 44.484246600000077 ], [ 26.151674499999963, 44.484246600000077 ], [ 26.151674499999963, 44.479246600000074 ], [ 26.156674499999962, 44.479246600000074 ] ] ] } },
{ "type": "Feature", "properties": { "cell_id": 945, "education": 0.083237660639932098, "health": 0.42011400806680432, "green": 0.52457545292656149, "groceries": 0.085490032493354962, "transit": 0.67399502835010905, "culture": 0.33234143297398566, "services": 0.35645713120590894, "livability": 0.35374439237952232 }, "geometry": { "type": "Polygon", "coordinates": [ [ [ 26.161674499999961, 44.3392466 ], [ 26.161674499999961, 44.3442466 ], [ 26.156674499999962, 44.3442466 ], [ 26.156674499999962, 44.3392466 ], [ 26.161674499999961, 44.3392466 ] ] ] } },
{ "type": "Feature", "properties": { "cell_id": 946, "education": 0.0, "health": 0.0, "green": 0.0, "groceries": 0.0, "transit": 0.0, "culture": 0.0, "services": 0.0, "livability": 0.0 }, "geometry": { "type": "Polygon", "coordinates": [ [ [ 26.161674499999961, 44.3442466 ], [ 26.161674499999961, 44.3492466 ], [ 26.156674499999962, 44.3492466 ], [ 26.156674499999962, 44.3442466 ], [ 26.161674499999961, 44.3442466 ] ] ] } },
{ "type": "Feature", "properties": { "cell_id": 947, "education": 0.64953813308445518, "health": 0.7748554415037342, "green": 0.87265606000698714, "groceries": 0.69131467362254762, "transit": 0.9181926808845674, "culture": 0.78122797457834281, "services": 0.75088304189871602, "livability": 0.77695257222562142 }, "geometry": { "type": "Polygon", "coordinates": [ [ [ 26.161674499999961, 44.394246600000031 ], [ 26.161674499999961, 44.399246600000033 ], [ 26.156674499999962, 44.399246600000033 ], [ 26.156674499999962, 44.394246600000031 ], [ 26.161674499999961, 44.394246600000031 ] ] ] } },
{ "type": "Feature", "properties": { "cell_id": 948, "education": 0.67871748844165625, "health": 0.86398743500260322, "green": 0.7818811622418681, "groceries": 0.82677432747217361, "transit": 0.76448942247872764, "culture": 0.87945877534862826, "services": 0.76074215152805813, "livability": 0.79372153750195928 }, "geometry": { "type": "Polygon", "coordinates": [ [ [ 26.161674499999961, 44.399246600000033 ], [ 26.161674499999961, 44.404246600000036 ], [ 26.156674499999962, 44.404246600000036 ], [ 26.156674499999962, 44.399246600000033 ], [ 26.161674499999961, 44.399246600000033 ] ] ] } },
{ "type": "Feature", "properties": { "cell_id": 949, "education": 0.67604920811071656, "health": 0.75310306234298097, "green": 0.67808196381234187, "groceries": 0.63699749439501652, "transit": 0.53757715488747126, "culture": 0.71605838420789925, "services": 0.71335479099774091, "livability": 0.67303172267916667 }, "geometry": { "type": "Polygon", "coordinates": [ [ [ 26.161674499999961, 44.404246600000036 ], [ 26.161674499999961, 44.409246600000039 ], [ 26.156674499999962, 44.409246600000039 ], [ 26.156674499999962, 44.404246600000036 ], [ 26.161674499999961, 44.404246600000036 ] ] ] } },
{ "type": "Feature", "properties": { "cell_id": 950, "education": 0.82926501942552311, "health": 0.95499775658424191, "green": 0.90593612629861719, "groceries": 0.95202850451920606, "transit": 0.86056547754817403, "culture": 0.9281828634703656, "services": 0.92900153692927312, "livability": 0.90856818353934299 }, "geometry": { "type": "Polygon", "coordinates": [ [ [ 26.161674499999961, 44.409246600000039 ], [ 26.161674499999961, 44.414246600000041 ], [ 26.156674499999962, 44.414246600000041 ], [ 26.156674499999962, 44.409246600000039 ], [ 26.161674499999961, 44.409246600000039 ] ] ] } },
{ "type": "Feature", "properties": { "cell_id": 951, "education": 0.9796283179236398, "health": 0.92297438256094999, "green": 0.95996565838219994, "groceries": 0.94259932803547763, "transit": 0.77334295224839145, "culture": 0.96473061161136298, "services": 0.88463795294212666, "livability": 0.91826845767202114 }, "geometry": { "type": "Polygon", "coordinates": [ [ [ 26.161674499999961, 44.414246600000041 ], [ 26.161674499999961, 44.419246600000044 ], [ 26.156674499999962, 44.419246600000044 ], [ 26.156674499999962, 44.414246600000041 ], [ 26.161674499999961, 44.414246600000041 ] ] ] } },
{ "type": "Feature", "properties": { "cell_id": 952, "education": 0.91120680272573396, "health": 0.93784580118764849, "green": 0.96791356780951243, "groceries": 0.883458004764337, "transit": 0.81485446430913966, "culture": 0.99144255015490013, "services": 0.85236340200561744, "livability": 0.90844065613669844 }, "geometry": { "type": "Polygon", "coordinates": [ [ [ 26.161674499999961, 44.419246600000044 ], [ 26.161674499999961, 44.424246600000046 ], [ 26.156674499999962, 44.424246600000046 ], [ 26.156674499999962, 44.419246600000044 ], [ 26.161674499999961, 44.419246600000044 ] ] ] } },
{ "type": "Feature", "properties": { "cell_id": 953, "education": 0.91436372434564306, "health": 0.93684311935584663, "green": 0.99608829615426475, "groceries": 0.90977725943020882, "transit": 0.85752373556081951, "culture": 0.94166225558792072, "services": 0.91934967274416601, "livability": 0.92508686616840974 }, "geometry": { "type": "Polygon", "coordinates": [ [ [ 26.161674499999961, 44.424246600000046 ], [ 26.161674499999961, 44.429246600000049 ], [ 26.156674499999962, 44.429246600000049 ], [ 26.156674499999962, 44.424246600000046 ], [ 26.161674499999961, 44.424246600000046 ] ] ] } },
{ "type": "Feature", "properties": { "cell_id": 954, "education": 0.92928842872518791, "health": 0.95392565919513672, "green": 0.86031846696732328, "groceries": 0.95793451552939501, "transit": 0.85028896191900027, "culture": 0.94715003346120219, "services": 0.94645624966052455, "livability": 0.92076604506539561 }, "geometry": { "type": "Polygon", "coordinates": [ [ [ 26.161674499999961, 44.429246600000049 ], [ 26.161674499999961, 44.434246600000051 ], [ 26.156674499999962, 44.434246600000051 ], [ 26.156674499999962, 44.429246600000049 ], [ 26.161674499999961, 44.429246600000049 ] ] ] } },
{ "type": "Feature", "properties": { "cell_id": 955, "education": 0.93767061197746282, "health": 0.99903179621087568, "green": 0.97409637469543497, "groceries": 0.97234508306503986, "transit": 0.94696343186918552, "culture": 0.97017707516107621, "services": 0.97116809004908666, "livability": 0.96735035186116591 }, "geometry": { "type": "Polygon", "coordinates": [ [ [ 26.161674499999961, 44.434246600000051 ], [ 26.161674499999961, 44.439246600000054 ], [ 26.156674499999962, 44.439246600000054 ], [ 26.156674499999962, 44.434246600000051 ], [ 26.161674499999961, 44.434246600000051 ] ] ] } },
{ "type": "Feature", "properties": { "cell_id": 956, "education": 0.9476954440923584, "health": 0.97727287093228754, "green": 1.0, "groceries": 0.97854781192203, "transit": 0.96166244443971427, "culture": 0.97282924026005524, "services": 0.94705486680432738, "livability": 0.96929466835011024 }, "geometry": { "type": "Polygon", "coordinates": [ [ [ 26.161674499999961, 44.439246600000054 ], [ 26.161674499999961, 44.444246600000056 ], [ 26.156674499999962, 44.444246600000056 ], [ 26.156674499999962, 44.439246600000054 ], [ 26.161674499999961, 44.439246600000054 ] ] ] } },
{ "type": "Feature", "properties": { "cell_id": 957, "education": 0.8958058601569997, "health": 0.94416957159274983, "green": 0.97627105005384895, "groceries": 0.93000481498561227, "transit": 0.87187409873272048, "culture": 0.9384312625693223, "services": 0.92968463620536501, "livability": 0.92660589918523117 }, "geometry": { "type": "Polygon", "coordinates": [ [ [ 26.161674499999961, 44.444246600000056 ], [ 26.161674499999961, 44.449246600000059 ], [ 26.156674499999962, 44.449246600000059 ], [ 26.156674499999962, 44.444246600000056 ], [ 26.161674499999961, 44.444246600000056 ] ] ] } },
{ "type": "Feature", "properties": { "cell_id": 958, "education": 0.98120595621585638, "health": 0.86199273964320178, "green": 0.82570359680612293, "groceries": 0.96334440785212339, "transit": 0.64868213231388827, "culture": 0.84786562288942779, "services": 0.84179963259787172, "livability": 0.85294201261692748 }, "geometry": { "type": "Polygon", "coordinates": [ [ [ 26.161674499999961, 44.449246600000059 ], [ 26.161674499999961, 44.454246600000062 ], [ 26.156674499999962, 44.454246600000062 ], [ 26.156674499999962, 44.449246600000059 ], [ 26.161674499999961, 44.449246600000059 ] ] ] } },
{ "type": "Feature", "properties": { "cell_id": 959, "education": 0.88727778479286878, "health": 0.92556014551910015, "green": 0.7392048931909917, "groceries": 0.90279466474585102, "transit": 0.88379584748860773, "culture": 0.8624765925068627, "services": 0.77892742327605557, "livability": 0.85429105021719109 }, "geometry": { "type": "Polygon", "coordinates": [ [ [ 26.161674499999961, 44.459246600000064 ], [ 26.161674499999961, 44.464246600000067 ], [ 26.156674499999962, 44.464246600000067 ], [ 26.156674499999962, 44.459246600000064 ], [ 26.161674499999961, 44.459246600000064 ] ] ] } },
{ "type": "Feature", "properties": { "cell_id": 960, "education": 0.80636724476014421, "health": 0.95043707154252854, "green": 0.76023829966003575, "groceries": 0.90832052427339516, "transit": 0.83613652868579624, "culture": 0.92826699321316364, "services": 0.83849899285495, "livability": 0.86118080785571616 }, "geometry": { "type": "Polygon", "coordinates": [ [ [ 26.161674499999961, 44.464246600000067 ], [ 26.161674499999961, 44.469246600000069 ], [ 26.156674499999962, 44.469246600000069 ], [ 26.156674499999962, 44.464246600000067 ], [ 26.161674499999961, 44.464246600000067 ] ] ] } },
{ "type": "Feature", "properties": { "cell_id": 961, "education": 0.92414704166250328, "health": 0.92580204159167467, "green": 0.78519041357345565, "groceries": 0.89399094905313581, "transit": 0.77490456284845177, "culture": 0.91294716097372697, "services": 0.92748862518722008, "livability": 0.87778154212716686 }, "geometry": { "type": "Polygon", "coordinates": [ [ [ 26.161674499999961, 44.469246600000069 ], [ 26.161674499999961, 44.474246600000072 ], [ 26.156674499999962, 44.474246600000072 ], [ 26.156674499999962, 44.469246600000069 ], [ 26.161674499999961, 44.469246600000069 ] ] ] } },
{ "type": "Feature", "properties": { "cell_id": 962, "education": 0.84370296337145212, "health": 0.94708457369797694, "green": 0.87732008904393144, "groceries": 0.93682255566471828, "transit": 0.93931599672835564, "culture": 0.95994202892375013, "services": 0.93275153685361201, "livability": 0.91956282061197092 }, "geometry": { "type": "Polygon", "coordinates": [ [ [ 26.161674499999961, 44.474246600000072 ], [ 26.161674499999961, 44.479246600000074 ], [ 26.156674499999962, 44.479246600000074 ], [ 26.156674499999962, 44.474246600000072 ], [ 26.161674499999961, 44.474246600000072 ] ] ] } },
{ "type": "Feature", "properties": { "cell_id": 963, "education": 0.78579748473799815, "health": 0.84427369914880246, "green": 0.80561984391258135, "groceries": 0.876571375366759, "transit": 0.78023113774425701, "culture": 0.87529297044618504, "services": 0.82279920763518888, "livability": 0.82722653128453882 }, "geometry": { "type": "Polygon", "coordinates": [ [ [ 26.161674499999961, 44.479246600000074 ], [ 26.161674499999961, 44.484246600000077 ], [ 26.156674499999962, 44.484246600000077 ], [ 26.156674499999962, 44.479246600000074 ], [ 26.161674499999961, 44.479246600000074 ] ] ] } },
{ "type": "Feature", "properties": { "cell_id": 964, "education": 0.58701784726851547, "health": 0.78893590203786013, "green": 0.70373878222800923, "groceries": 0.71271365994747726, "transit": 0.93516777893759684, "culture": 0.84053606462336439, "services": 0.84156769949335919, "livability": 0.77281110493374028 }, "geometry": { "type": "Polygon", "coordinates": [ [ [ 26.16667449999996, 44.399246600000033 ], [ 26.16667449999996, 44.404246600000036 ], [ 26.161674499999961, 44.404246600000036 ], [ 26.161674499999961, 44.399246600000033 ], [ 26.16667449999996, 44.399246600000033 ] ] ] } },
{ "type": "Feature", "properties": { "cell_id": 965, "education": 0.79276617437050334, "health": 0.93610066194169061, "green": 0.91400970343897636, "groceries": 0.89127475936886758, "transit": 0.92229209979968929, "culture": 0.96846810482140755, "services": 0.84417261209872452, "livability": 0.89558344511997989 }, "geometry": { "type": "Polygon", "coordinates": [ [ [ 26.16667449999996, 44.404246600000036 ], [ 26.16667449999996, 44.409246600000039 ], [ 26.161674499999961, 44.409246600000039 ], [ 26.161674499999961, 44.404246600000036 ], [ 26.16667449999996, 44.404246600000036 ] ] ] } },
{ "type": "Feature", "properties": { "cell_id": 966, "education": 0.97179808368670084, "health": 0.97843272341431908, "green": 0.93935977372726143, "groceries": 0.99297025675678152, "transit": 0.9164935740174609, "culture": 0.96161949095565102, "services": 0.99012032734136279, "livability": 0.96439917569993394 }, "geometry": { "type": "Polygon", "coordinates": [ [ [ 26.16667449999996, 44.409246600000039 ], [ 26.16667449999996, 44.414246600000041 ], [ 26.161674499999961, 44.414246600000041 ], [ 26.161674499999961, 44.409246600000039 ], [ 26.16667449999996, 44.409246600000039 ] ] ] } },
{ "type": "Feature", "properties": { "cell_id": 967, "education": 0.89056732005352968, "health": 0.94424096012621139, "green": 0.99039484876564332, "groceries": 0.89865765378448592, "transit": 0.94601606827482587, "culture": 0.92602837272347949, "services": 0.92047490736393078, "livability": 0.93091144729887232 }, "geometry": { "type": "Polygon", "coordinates": [ [ [ 26.16667449999996, 44.414246600000041 ], [ 26.16667449999996, 44.419246600000044 ], [ 26.161674499999961, 44.419246600000044 ], [ 26.161674499999961, 44.414246600000041 ], [ 26.16667449999996, 44.414246600000041 ] ] ] } },
{ "type": "Feature", "properties": { "cell_id": 968, "education": 0.94700504535112628, "health": 0.98971203679456832, "green": 0.97633806139339263, "groceries": 0.98436471709069151, "transit": 0.95165490494278193, "culture": 0.98866181688197508, "services": 0.93704066256516172, "livability": 0.96782532071709948 }, "geometry": { "type": "Polygon", "coordinates": [ [ [ 26.16667449999996, 44.419246600000044 ], [ 26.16667449999996, 44.424246600000046 ], [ 26.161674499999961, 44.424246600000046 ], [ 26.161674499999961, 44.419246600000044 ], [ 26.16667449999996, 44.419246600000044 ] ] ] } },
{ "type": "Feature", "properties": { "cell_id": 969, "education": 0.8723161698489964, "health": 1.0, "green": 0.9604253987482233, "groceries": 0.98535730631691543, "transit": 0.93802577769491924, "culture": 0.97485243229502705, "services": 0.98969590115526329, "livability": 0.96009614086562045 }, "geometry": { "type": "Polygon", "coordinates": [ [ [ 26.16667449999996, 44.424246600000046 ], [ 26.16667449999996, 44.429246600000049 ], [ 26.161674499999961, 44.429246600000049 ], [ 26.161674499999961, 44.424246600000046 ], [ 26.16667449999996, 44.424246600000046 ] ] ] } },
{ "type": "Feature", "properties": { "cell_id": 970, "education": 0.94338323121959677, "health": 0.98607219983795513, "green": 0.98948384381394072, "groceries": 0.93416100570962857, "transit": 0.87064804123565043, "culture": 0.9553371387345404, "services": 0.9016431184870769, "livability": 0.94010408271976986 }, "geometry": { "type": "Polygon", "coordinates": [ [ [ 26.16667449999996, 44.429246600000049 ], [ 26.16667449999996, 44.434246600000051 ], [ 26.161674499999961, 44.434246600000051 ], [ 26.161674499999961, 44.429246600000049 ], [ 26.16667449999996, 44.429246600000049 ] ] ] } },
{ "type": "Feature", "properties": { "cell_id": 971, "education": 0.9077678845307845, "health": 0.9866008701360065, "green": 0.97588019011335514, "groceries": 0.94730763302508703, "transit": 0.94523193629908597, "culture": 0.95343596149666521, "services": 0.95189751000027711, "livability": 0.9525888550858943 }, "geometry": { "type": "Polygon", "coordinates": [ [ [ 26.16667449999996, 44.434246600000051 ], [ 26.16667449999996, 44.439246600000054 ], [ 26.161674499999961, 44.439246600000054 ], [ 26.161674499999961, 44.434246600000051 ], [ 26.16667449999996, 44.434246600000051 ] ] ] } },
{ "type": "Feature", "properties": { "cell_id": 972, "education": 0.92503851961749528, "health": 0.96763028825133024, "green": 0.91923547884620416, "groceries": 0.97671602227240595, "transit": 0.94152336561649574, "culture": 0.9514205071284596, "services": 0.99187505848376123, "livability": 0.95334846288802155 }, "geometry": { "type": "Polygon", "coordinates": [ [ [ 26.16667449999996, 44.439246600000054 ], [ 26.16667449999996, 44.444246600000056 ], [ 26.161674499999961, 44.444246600000056 ], [ 26.161674499999961, 44.439246600000054 ], [ 26.16667449999996, 44.439246600000054 ] ] ] } },
{ "type": "Feature", "properties": { "cell_id": 973, "education": 0.88426794503517769, "health": 0.93334778493111947, "green": 0.85107809549405022, "groceries": 0.95549432135266277, "transit": 0.93697428397830373, "culture": 0.90116002718746302, "services": 0.90143596646833557, "livability": 0.90910834634958748 }, "geometry": { "type": "Polygon", "coordinates": [ [ [ 26.16667449999996, 44.444246600000056 ], [ 26.16667449999996, 44.449246600000059 ], [ 26.161674499999961, 44.449246600000059 ], [ 26.161674499999961, 44.444246600000056 ], [ 26.16667449999996, 44.444246600000056 ] ] ] } },
{ "type": "Feature", "properties": { "cell_id": 974, "education": 0.78363820675036633, "health": 0.95184549120082951, "green": 0.72647543141459081, "groceries": 0.84132323004841147, "transit": 0.85738597374331538, "culture": 0.90833698503233651, "services": 0.82870640011172347, "livability": 0.84253024547165334 }, "geometry": { "type": "Polygon", "coordinates": [ [ [ 26.16667449999996, 44.449246600000059 ], [ 26.16667449999996, 44.454246600000062 ], [ 26.161674499999961, 44.454246600000062 ], [ 26.161674499999961, 44.449246600000059 ], [ 26.16667449999996, 44.449246600000059 ] ] ] } },
{ "type": "Feature", "properties": { "cell_id": 975, "education": 0.76627103448098488, "health": 0.85327415881600654, "green": 0.6868495403769852, "groceries": 0.76453463870195792, "transit": 0.57224242325559671, "culture": 0.82118545775507124, "services": 0.81280798214680017, "livability": 0.75388074793334314 }, "geometry": { "type": "Polygon", "coordinates": [ [ [ 26.16667449999996, 44.464246600000067 ], [ 26.16667449999996, 44.469246600000069 ], [ 26.161674499999961, 44.469246600000069 ], [ 26.161674499999961, 44.464246600000067 ], [ 26.16667449999996, 44.464246600000067 ] ] ] } },
{ "type": "Feature", "properties": { "cell_id": 976, "education": 0.96062119716541139, "health": 0.9194105280944822, "green": 0.8447085912403407, "groceries": 0.96414382515967567, "transit": 0.74356680880149884, "culture": 0.88833828138806059, "services": 0.92535110265409826, "livability": 0.89230576207193824 }, "geometry": { "type": "Polygon", "coordinates": [ [ [ 26.16667449999996, 44.469246600000069 ], [ 26.16667449999996, 44.474246600000072 ], [ 26.161674499999961, 44.474246600000072 ], [ 26.161674499999961, 44.469246600000069 ], [ 26.16667449999996, 44.469246600000069 ] ] ] } },
{ "type": "Feature", "properties": { "cell_id": 977, "education": 0.97274101294553394, "health": 0.8951471881861971, "green": 0.87470994582640005, "groceries": 0.96118042148111593, "transit": 0.82853215750288878, "culture": 0.93921508464255665, "services": 0.87720647378925709, "livability": 0.90696175491056408 }, "geometry": { "type": "Polygon", "coordinates": [ [ [ 26.16667449999996, 44.474246600000072 ], [ 26.16667449999996, 44.479246600000074 ], [ 26.161674499999961, 44.479246600000074 ], [ 26.161674499999961, 44.474246600000072 ], [ 26.16667449999996, 44.474246600000072 ] ] ] } },
{ "type": "Feature", "properties": { "cell_id": 978, "education": 0.66705452770562634, "health": 0.81181944459961275, "green": 0.80284252408923229, "groceries": 0.69900992553882835, "transit": 0.94985212152379306, "culture": 0.9620700850265983, "services": 0.9595044562956474, "livability": 0.8360218692541912 }, "geometry": { "type": "Polygon", "coordinates": [ [ [ 26.171674499999959, 44.394246600000031 ], [ 26.171674499999959, 44.399246600000033 ], [ 26.16667449999996, 44.399246600000033 ], [ 26.16667449999996, 44.394246600000031 ], [ 26.171674499999959, 44.394246600000031 ] ] ] } },
{ "type": "Feature", "properties": { "cell_id": 979, "education": 0.76589640359554434, "health": 0.87861695153085195, "green": 1.0, "groceries": 0.8005264159900205, "transit": 0.71439538243058986, "culture": 0.88077749675797801, "services": 0.86517942556247862, "livability": 0.84362743940963758 }, "geometry": { "type": "Polygon", "coordinates": [ [ [ 26.171674499999959, 44.399246600000033 ], [ 26.171674499999959, 44.404246600000036 ], [ 26.16667449999996, 44.404246600000036 ], [ 26.16667449999996, 44.399246600000033 ], [ 26.171674499999959, 44.399246600000033 ] ] ] } },
{ "type": "Feature", "properties": { "cell_id": 980, "education": 0.84375228339246322, "health": 0.9226554628527408, "green": 0.97046074982212061, "groceries": 0.86590431682535018, "transit": 0.68397380648098971, "culture": 0.92084322737245439, "services": 0.917282952324324, "livability": 0.87498182843863459 }, "geometry": { "type": "Polygon", "coordinates": [ [ [ 26.171674499999959, 44.404246600000036 ], [ 26.171674499999959, 44.409246600000039 ], [ 26.16667449999996, 44.409246600000039 ], [ 26.16667449999996, 44.404246600000036 ], [ 26.171674499999959, 44.404246600000036 ] ] ] } },
{ "type": "Feature", "properties": { "cell_id": 981, "education": 0.94578687220695601, "health": 0.95909516868345246, "green": 0.97477189075791237, "groceries": 0.96796617795087891, "transit": 0.97682200715083733, "culture": 0.96548939888218355, "services": 0.97716964733425771, "livability": 0.9667287375666398 }, "geometry": { "type": "Polygon", "coordinates": [ [ [ 26.171674499999959, 44.409246600000039 ], [ 26.171674499999959, 44.414246600000041 ], [ 26.16667449999996, 44.414246600000041 ], [ 26.16667449999996, 44.409246600000039 ], [ 26.171674499999959, 44.409246600000039 ] ] ] } },
{ "type": "Feature", "properties": { "cell_id": 982, "education": 0.94018014828230223, "health": 0.96996655630020212, "green": 0.94982771885575212, "groceries": 0.9775366828420724, "transit": 0.90630636042618662, "culture": 0.95545318498262743, "services": 0.9158460869438424, "livability": 0.9450166769475693 }, "geometry": { "type": "Polygon", "coordinates": [ [ [ 26.171674499999959, 44.414246600000041 ], [ 26.171674499999959, 44.419246600000044 ], [ 26.16667449999996, 44.419246600000044 ], [ 26.16667449999996, 44.414246600000041 ], [ 26.171674499999959, 44.414246600000041 ] ] ] } },
{ "type": "Feature", "properties": { "cell_id": 983, "education": 0.94543771707797808, "health": 0.92769980501423377, "green": 0.95831255336395738, "groceries": 0.91409634471253454, "transit": 0.81395132608179188, "culture": 0.97659002822044738, "services": 0.89305408151116517, "livability": 0.91844883656887255 }, "geometry": { "type": "Polygon", "coordinates": [ [ [ 26.171674499999959, 44.419246600000044 ], [ 26.171674499999959, 44.424246600000046 ], [ 26.16667449999996, 44.424246600000046 ], [ 26.16667449999996, 44.419246600000044 ], [ 26.171674499999959, 44.419246600000044 ] ] ] } },
{ "type": "Feature", "properties": { "cell_id": 984, "education": 0.96797184742494635, "health": 0.95733631817876108, "green": 0.90205705706118844, "groceries": 0.93516124407641654, "transit": 0.85927502601986272, "culture": 0.94861125776617994, "services": 0.94141321122184796, "livability": 0.93026085167845751 }, "geometry": { "type": "Polygon", "coordinates": [ [ [ 26.171674499999959, 44.424246600000046 ], [ 26.171674499999959, 44.429246600000049 ], [ 26.16667449999996, 44.429246600000049 ], [ 26.16667449999996, 44.424246600000046 ], [ 26.171674499999959, 44.424246600000046 ] ] ] } },
{ "type": "Feature", "properties": { "cell_id": 985, "education": 0.89298718220036477, "health": 0.9544043156118277, "green": 0.92852987612594051, "groceries": 0.93773259739774373, "transit": 0.88200223995667659, "culture": 0.9537029742635692, "services": 0.92170745906248097, "livability": 0.9244380920883718 }, "geometry": { "type": "Polygon", "coordinates": [ [ [ 26.171674499999959, 44.429246600000049 ], [ 26.171674499999959, 44.434246600000051 ], [ 26.16667449999996, 44.434246600000051 ], [ 26.16667449999996, 44.429246600000049 ], [ 26.171674499999959, 44.429246600000049 ] ] ] } },
{ "type": "Feature", "properties": { "cell_id": 986, "education": 0.95941723363689146, "health": 0.97966124014019218, "green": 0.96805017449516095, "groceries": 0.99432844234544082, "transit": 0.9608163328049637, "culture": 0.9556527572990553, "services": 0.99034024128266684, "livability": 0.97260948885776721 }, "geometry": { "type": "Polygon", "coordinates": [ [ [ 26.171674499999959, 44.434246600000051 ], [ 26.171674499999959, 44.439246600000054 ], [ 26.16667449999996, 44.439246600000054 ], [ 26.16667449999996, 44.434246600000051 ], [ 26.171674499999959, 44.434246600000051 ] ] ] } },
{ "type": "Feature", "properties": { "cell_id": 987, "education": 0.96167652332556697, "health": 0.96066455424445896, "green": 0.98605978476494449, "groceries": 0.94118634423922176, "transit": 0.93044359321333103, "culture": 0.95480837745625979, "services": 0.96669721035778167, "livability": 0.95736234108593776 }, "geometry": { "type": "Polygon", "coordinates": [ [ [ 26.171674499999959, 44.439246600000054 ], [ 26.171674499999959, 44.444246600000056 ], [ 26.16667449999996, 44.444246600000056 ], [ 26.16667449999996, 44.439246600000054 ], [ 26.171674499999959, 44.439246600000054 ] ] ] } },
{ "type": "Feature", "properties": { "cell_id": 988, "education": 0.8502181489308418, "health": 0.92046308184664904, "green": 0.89376877584897574, "groceries": 0.94916924561700189, "transit": 0.86077211229466299, "culture": 0.90775025995915437, "services": 0.88898228160869064, "livability": 0.89587484372942505 }, "geometry": { "type": "Polygon", "coordinates": [ [ [ 26.171674499999959, 44.444246600000056 ], [ 26.171674499999959, 44.449246600000059 ], [ 26.16667449999996, 44.449246600000059 ], [ 26.16667449999996, 44.444246600000056 ], [ 26.171674499999959, 44.444246600000056 ] ] ] } },
{ "type": "Feature", "properties": { "cell_id": 989, "education": 0.89316670397449771, "health": 0.85670074335258262, "green": 0.9513507596399523, "groceries": 0.94660836455278141, "transit": 0.64718162297254844, "culture": 0.87199389519659753, "services": 0.85828536736692418, "livability": 0.8607553510079835 }, "geometry": { "type": "Polygon", "coordinates": [ [ [ 26.171674499999959, 44.469246600000069 ], [ 26.171674499999959, 44.474246600000072 ], [ 26.16667449999996, 44.474246600000072 ], [ 26.16667449999996, 44.469246600000069 ], [ 26.171674499999959, 44.469246600000069 ] ] ] } },
{ "type": "Feature", "properties": { "cell_id": 990, "education": 0.89683658428247559, "health": 0.84436894529207107, "green": 0.82834456181023863, "groceries": 0.95799186313526097, "transit": 0.72787694587083429, "culture": 0.87442072095962176, "services": 0.84509697726568112, "livability": 0.8535623712308833 }, "geometry": { "type": "Polygon", "coordinates": [ [ [ 26.171674499999959, 44.474246600000072 ], [ 26.171674499999959, 44.479246600000074 ], [ 26.16667449999996, 44.479246600000074 ], [ 26.16667449999996, 44.474246600000072 ], [ 26.171674499999959, 44.474246600000072 ] ] ] } },
{ "type": "Feature", "properties": { "cell_id": 991, "education": 0.36066763447398398, "health": 0.64244999241611711, "green": 0.50163047307054431, "groceries": 0.40491559523261034, "transit": 0.017980215491461005, "culture": 0.55075095844294841, "services": 0.98101262969816794, "livability": 0.49420107126083335 }, "geometry": { "type": "Polygon", "coordinates": [ [ [ 26.176674499999958, 44.394246600000031 ], [ 26.176674499999958, 44.399246600000033 ], [ 26.171674499999959, 44.399246600000033 ], [ 26.171674499999959, 44.394246600000031 ], [ 26.176674499999958, 44.394246600000031 ] ] ] } },
{ "type": "Feature", "properties": { "cell_id": 992, "education": 0.75048328613955295, "health": 0.86820074068065289, "green": 0.9326374490278081, "groceries": 0.80527947464851557, "transit": 0.59208517855231113, "culture": 0.84001620298285218, "services": 0.81862864621076648, "livability": 0.8010472826060655 }, "geometry": { "type": "Polygon", "coordinates": [ [ [ 26.176674499999958, 44.399246600000033 ], [ 26.176674499999958, 44.404246600000036 ], [ 26.171674499999959, 44.404246600000036 ], [ 26.171674499999959, 44.399246600000033 ], [ 26.176674499999958, 44.399246600000033 ] ] ] } },
{ "type": "Feature", "properties": { "cell_id": 993, "education": 0.94083218433430704, "health": 0.98396131693637845, "green": 0.96186915578193621, "groceries": 0.96062505972810974, "transit": 0.73280131060938491, "culture": 0.92837240550922684, "services": 0.93556131673988074, "livability": 0.92057467851988906 }, "geometry": { "type": "Polygon", "coordinates": [ [ [ 26.176674499999958, 44.404246600000036 ], [ 26.176674499999958, 44.409246600000039 ], [ 26.171674499999959, 44.409246600000039 ], [ 26.171674499999959, 44.404246600000036 ], [ 26.176674499999958, 44.404246600000036 ] ] ] } },
{ "type": "Feature", "properties": { "cell_id": 994, "education": 0.93823510518990649, "health": 0.99621277735777436, "green": 0.96954639898879413, "groceries": 0.99210913716796589, "transit": 0.95285163365590353, "culture": 0.99582616860413986, "services": 0.98143466177244676, "livability": 0.97517369753384719 }, "geometry": { "type": "Polygon", "coordinates": [ [ [ 26.176674499999958, 44.409246600000039 ], [ 26.176674499999958, 44.414246600000041 ], [ 26.171674499999959, 44.414246600000041 ], [ 26.171674499999959, 44.409246600000039 ], [ 26.176674499999958, 44.409246600000039 ] ] ] } },
{ "type": "Feature", "properties": { "cell_id": 995, "education": 0.92554018074332156, "health": 0.98143934433988467, "green": 0.96406717744893189, "groceries": 0.9324780466586402, "transit": 0.97576588038267997, "culture": 1.0, "services": 0.9240614566935903, "livability": 0.95762172660957845 }, "geometry": { "type": "Polygon", "coordinates": [ [ [ 26.176674499999958, 44.414246600000041 ], [ 26.176674499999958, 44.419246600000044 ], [ 26.171674499999959, 44.419246600000044 ], [ 26.171674499999959, 44.414246600000041 ], [ 26.176674499999958, 44.414246600000041 ] ] ] } },
{ "type": "Feature", "properties": { "cell_id": 996, "education": 0.97174916224148744, "health": 0.99455799343432094, "green": 0.9428500242800717, "groceries": 1.0, "transit": 0.85035179351516144, "culture": 0.93491286866038514, "services": 0.94480389899510875, "livability": 0.94846082016093369 }, "geometry": { "type": "Polygon", "coordinates": [ [ [ 26.176674499999958, 44.419246600000044 ], [ 26.176674499999958, 44.424246600000046 ], [ 26.171674499999959, 44.424246600000046 ], [ 26.171674499999959, 44.419246600000044 ], [ 26.176674499999958, 44.419246600000044 ] ] ] } },
{ "type": "Feature", "properties": { "cell_id": 997, "education": 0.94218663675689629, "health": 0.92472873122499855, "green": 1.0, "groceries": 0.9765422326064207, "transit": 0.84425443220517493, "culture": 0.97767942852907808, "services": 0.91950023417922744, "livability": 0.94069881364311358 }, "geometry": { "type": "Polygon", "coordinates": [ [ [ 26.176674499999958, 44.424246600000046 ], [ 26.176674499999958, 44.429246600000049 ], [ 26.171674499999959, 44.429246600000049 ], [ 26.171674499999959, 44.424246600000046 ], [ 26.176674499999958, 44.424246600000046 ] ] ] } },
{ "type": "Feature", "properties": { "cell_id": 998, "education": 0.95006605846693104, "health": 0.92373227712487593, "green": 0.87610331505107264, "groceries": 0.95346114775494317, "transit": 0.94528502605823561, "culture": 0.89061859843208813, "services": 0.90200976027970359, "livability": 0.92018231188112143 }, "geometry": { "type": "Polygon", "coordinates": [ [ [ 26.176674499999958, 44.429246600000049 ], [ 26.176674499999958, 44.434246600000051 ], [ 26.171674499999959, 44.434246600000051 ], [ 26.171674499999959, 44.429246600000049 ], [ 26.176674499999958, 44.429246600000049 ] ] ] } },
{ "type": "Feature", "properties": { "cell_id": 999, "education": 0.82818800644644797, "health": 0.89352859196776924, "green": 0.8438246051752708, "groceries": 0.84215616071039845, "transit": 0.82923108475611584, "culture": 0.84082792772733783, "services": 0.85034771706628454, "livability": 0.84687201340708929 }, "geometry": { "type": "Polygon", "coordinates": [ [ [ 26.176674499999958, 44.434246600000051 ], [ 26.176674499999958, 44.439246600000054 ], [ 26.171674499999959, 44.439246600000054 ], [ 26.171674499999959, 44.434246600000051 ], [ 26.176674499999958, 44.434246600000051 ] ] ] } },
{ "type": "Feature", "properties": { "cell_id": 1000, "education": 0.91612951208975058, "health": 1.0, "green": 0.96959834931853539, "groceries": 0.97623930294949413, "transit": 0.99036329410813773, "culture": 0.90741333433207139, "services": 0.98327954020433495, "livability": 0.96328904757176059 }, "geometry": { "type": "Polygon", "coordinates": [ [ [ 26.176674499999958, 44.439246600000054 ], [ 26.176674499999958, 44.444246600000056 ], [ 26.171674499999959, 44.444246600000056 ], [ 26.171674499999959, 44.439246600000054 ], [ 26.176674499999958, 44.439246600000054 ] ] ] } },
{ "type": "Feature", "properties": { "cell_id": 1001, "education": 0.80248580963926597, "health": 0.89223307819436437, "green": 0.84204471136194248, "groceries": 0.86056168839153568, "transit": 0.96437166848342082, "culture": 0.88913097802945917, "services": 0.86847277507741349, "livability": 0.87418581559677166 }, "geometry": { "type": "Polygon", "coordinates": [ [ [ 26.176674499999958, 44.444246600000056 ], [ 26.176674499999958, 44.449246600000059 ], [ 26.171674499999959, 44.449246600000059 ], [ 26.171674499999959, 44.444246600000056 ], [ 26.176674499999958, 44.444246600000056 ] ] ] } },
{ "type": "Feature", "properties": { "cell_id": 1002, "education": 0.71117307857463263, "health": 0.83052378007265204, "green": 0.72897863617428726, "groceries": 0.76677807787488572, "transit": 0.79676944694041019, "culture": 0.82112224702822811, "services": 0.79279561106733942, "livability": 0.77830583967606215 }, "geometry": { "type": "Polygon", "coordinates": [ [ [ 26.176674499999958, 44.449246600000059 ], [ 26.176674499999958, 44.454246600000062 ], [ 26.171674499999959, 44.454246600000062 ], [ 26.171674499999959, 44.449246600000059 ], [ 26.176674499999958, 44.449246600000059 ] ] ] } },
{ "type": "Feature", "properties": { "cell_id": 1003, "education": 0.71525773267954706, "health": 0.72181861665233327, "green": 0.76272684313242334, "groceries": 0.82707394727435057, "transit": 0.50385880457073218, "culture": 0.73918276311741082, "services": 0.71403405090201666, "livability": 0.71199325118983048 }, "geometry": { "type": "Polygon", "coordinates": [ [ [ 26.176674499999958, 44.474246600000072 ], [ 26.176674499999958, 44.479246600000074 ], [ 26.171674499999959, 44.479246600000074 ], [ 26.171674499999959, 44.474246600000072 ], [ 26.176674499999958, 44.474246600000072 ] ] ] } },
{ "type": "Feature", "properties": { "cell_id": 1004, "education": 0.46404270582416407, "health": 0.71231104050793459, "green": 0.62963248827185825, "groceries": 0.51108794727598461, "transit": 0.2077225592857096, "culture": 0.62774358956588761, "services": 0.62827221460544613, "livability": 0.5401160779052836 }, "geometry": { "type": "Polygon", "coordinates": [ [ [ 26.181674499999957, 44.394246600000031 ], [ 26.181674499999957, 44.399246600000033 ], [ 26.176674499999958, 44.399246600000033 ], [ 26.176674499999958, 44.394246600000031 ], [ 26.181674499999957, 44.394246600000031 ] ] ] } },
{ "type": "Feature", "properties": { "cell_id": 1005, "education": 0.77092865102517194, "health": 0.88201775285654338, "green": 0.86245513575699939, "groceries": 0.8262780814687023, "transit": 0.64629833600410302, "culture": 0.85524368883850876, "services": 0.81276451223010782, "livability": 0.80799802259716225 }, "geometry": { "type": "Polygon", "coordinates": [ [ [ 26.181674499999957, 44.399246600000033 ], [ 26.181674499999957, 44.404246600000036 ], [ 26.176674499999958, 44.404246600000036 ], [ 26.176674499999958, 44.399246600000033 ], [ 26.181674499999957, 44.399246600000033 ] ] ] } },
{ "type": "Feature", "properties": { "cell_id": 1006, "education": 0.88112521970114843, "health": 0.91669014253709014, "green": 0.85280579509036603, "groceries": 0.94230153614503043, "transit": 0.78523457644650363, "culture": 0.92059280924159659, "services": 0.89117781515601191, "livability": 0.88427541347396388 }, "geometry": { "type": "Polygon", "coordinates": [ [ [ 26.181674499999957, 44.404246600000036 ], [ 26.181674499999957, 44.409246600000039 ], [ 26.176674499999958, 44.409246600000039 ], [ 26.176674499999958, 44.404246600000036 ], [ 26.181674499999957, 44.404246600000036 ] ] ] } },
{ "type": "Feature", "properties": { "cell_id": 1007, "education": 0.97921621987895002, "health": 0.961119536130563, "green": 0.97307641588572946, "groceries": 0.92692016508619302, "transit": 0.84440745845706766, "culture": 0.94822738284486485, "services": 0.93155602963942197, "livability": 0.93778902970325573 }, "geometry": { "type": "Polygon", "coordinates": [ [ [ 26.181674499999957, 44.409246600000039 ], [ 26.181674499999957, 44.414246600000041 ], [ 26.176674499999958, 44.414246600000041 ], [ 26.176674499999958, 44.409246600000039 ], [ 26.181674499999957, 44.409246600000039 ] ] ] } },
{ "type": "Feature", "properties": { "cell_id": 1008, "education": 0.93474060126527714, "health": 0.95599589284523612, "green": 1.0, "groceries": 0.95801175115120518, "transit": 0.85424931187782482, "culture": 0.95915582277266354, "services": 0.9529392771138312, "livability": 0.94501323671800541 }, "geometry": { "type": "Polygon", "coordinates": [ [ [ 26.181674499999957, 44.414246600000041 ], [ 26.181674499999957, 44.419246600000044 ], [ 26.176674499999958, 44.419246600000044 ], [ 26.176674499999958, 44.414246600000041 ], [ 26.181674499999957, 44.414246600000041 ] ] ] } },
{ "type": "Feature", "properties": { "cell_id": 1009, "education": 0.86573905040516808, "health": 0.9790011133635842, "green": 0.92113662982191213, "groceries": 0.95387691625206927, "transit": 0.84563593233217027, "culture": 0.97546857109024943, "services": 0.98226022452728734, "livability": 0.93187406254177718 }, "geometry": { "type": "Polygon", "coordinates": [ [ [ 26.181674499999957, 44.419246600000044 ], [ 26.181674499999957, 44.424246600000046 ], [ 26.176674499999958, 44.424246600000046 ], [ 26.176674499999958, 44.419246600000044 ], [ 26.181674499999957, 44.419246600000044 ] ] ] } },
{ "type": "Feature", "properties": { "cell_id": 1010, "education": 0.95078430581244378, "health": 0.94208073902872869, "green": 0.99063915602601771, "groceries": 0.97654440135871301, "transit": 1.0, "culture": 0.93063733143916993, "services": 0.95604377573959454, "livability": 0.96381852991495243 }, "geometry": { "type": "Polygon", "coordinates": [ [ [ 26.181674499999957, 44.424246600000046 ], [ 26.181674499999957, 44.429246600000049 ], [ 26.176674499999958, 44.429246600000049 ], [ 26.176674499999958, 44.424246600000046 ], [ 26.181674499999957, 44.424246600000046 ] ] ] } },
{ "type": "Feature", "properties": { "cell_id": 1011, "education": 0.79468743263565889, "health": 0.83659020807620321, "green": 0.80460115485830963, "groceries": 0.80893781790961927, "transit": 0.7079916996093929, "culture": 0.81437807455089406, "services": 0.89155218682051474, "livability": 0.80839122492294169 }, "geometry": { "type": "Polygon", "coordinates": [ [ [ 26.181674499999957, 44.429246600000049 ], [ 26.181674499999957, 44.434246600000051 ], [ 26.176674499999958, 44.434246600000051 ], [ 26.176674499999958, 44.429246600000049 ], [ 26.181674499999957, 44.429246600000049 ] ] ] } },
{ "type": "Feature", "properties": { "cell_id": 1012, "education": 0.93596112930305997, "health": 0.96636185070755154, "green": 0.98476072576277884, "groceries": 0.93878999715846345, "transit": 0.89061060455681429, "culture": 0.86304992986418405, "services": 0.90485326681681977, "livability": 0.92634107202423888 }, "geometry": { "type": "Polygon", "coordinates": [ [ [ 26.181674499999957, 44.434246600000051 ], [ 26.181674499999957, 44.439246600000054 ], [ 26.176674499999958, 44.439246600000054 ], [ 26.176674499999958, 44.434246600000051 ], [ 26.181674499999957, 44.434246600000051 ] ] ] } },
{ "type": "Feature", "properties": { "cell_id": 1013, "education": 0.97098966115002594, "health": 0.96722952427819442, "green": 1.0, "groceries": 0.93940059859134284, "transit": 0.90788674782887058, "culture": 0.90397933916674911, "services": 0.95683569589653361, "livability": 0.94947450955881652 }, "geometry": { "type": "Polygon", "coordinates": [ [ [ 26.181674499999957, 44.439246600000054 ], [ 26.181674499999957, 44.444246600000056 ], [ 26.176674499999958, 44.444246600000056 ], [ 26.176674499999958, 44.439246600000054 ], [ 26.181674499999957, 44.439246600000054 ] ] ] } },
{ "type": "Feature", "properties": { "cell_id": 1014, "education": 0.59780802279752854, "health": 0.80270986800124344, "green": 0.79526458809050882, "groceries": 0.64847289066122404, "transit": 0.383911061796404, "culture": 0.72737054577746707, "services": 0.72495033046710655, "livability": 0.66864104394164037 }, "geometry": { "type": "Polygon", "coordinates": [ [ [ 26.186674499999956, 44.394246600000031 ], [ 26.186674499999956, 44.399246600000033 ], [ 26.181674499999957, 44.399246600000033 ], [ 26.181674499999957, 44.394246600000031 ], [ 26.186674499999956, 44.394246600000031 ] ] ] } },
{ "type": "Feature", "properties": { "cell_id": 1015, "education": 0.70767101775558627, "health": 0.90535935000916723, "green": 0.98332500833930225, "groceries": 0.76130872646648784, "transit": 0.626297495184855, "culture": 0.83163098645422462, "services": 0.7670454204898387, "livability": 0.79751971495706597 }, "geometry": { "type": "Polygon", "coordinates": [ [ [ 26.186674499999956, 44.399246600000033 ], [ 26.186674499999956, 44.404246600000036 ], [ 26.181674499999957, 44.404246600000036 ], [ 26.181674499999957, 44.399246600000033 ], [ 26.186674499999956, 44.399246600000033 ] ] ] } },
{ "type": "Feature", "properties": { "cell_id": 1016, "education": 0.82685621213466431, "health": 0.91651589534530464, "green": 0.87220979368392648, "groceries": 0.88656403481963708, "transit": 0.84696048000553381, "culture": 0.92631875794760421, "services": 0.85195520110386114, "livability": 0.87534005357721878 }, "geometry": { "type": "Polygon", "coordinates": [ [ [ 26.186674499999956, 44.404246600000036 ], [ 26.186674499999956, 44.409246600000039 ], [ 26.181674499999957, 44.409246600000039 ], [ 26.181674499999957, 44.404246600000036 ], [ 26.186674499999956, 44.404246600000036 ] ] ] } },
{ "type": "Feature", "properties": { "cell_id": 1017, "education": 0.92661202596594749, "health": 0.90896041199574806, "green": 0.96078566208570482, "groceries": 0.90378287694301762, "transit": 0.87861452372111426, "culture": 0.96649392441810367, "services": 0.87760944953912146, "livability": 0.91755126780982244 }, "geometry": { "type": "Polygon", "coordinates": [ [ [ 26.186674499999956, 44.409246600000039 ], [ 26.186674499999956, 44.414246600000041 ], [ 26.181674499999957, 44.414246600000041 ], [ 26.181674499999957, 44.409246600000039 ], [ 26.186674499999956, 44.409246600000039 ] ] ] } },
{ "type": "Feature", "properties": { "cell_id": 1018, "education": 0.95923234154505588, "health": 0.94084889303718433, "green": 0.88159233206093823, "groceries": 0.95812918792771573, "transit": 0.60948388802415032, "culture": 0.93481060643527614, "services": 0.87474473122158691, "livability": 0.87983456860741538 }, "geometry": { "type": "Polygon", "coordinates": [ [ [ 26.186674499999956, 44.414246600000041 ], [ 26.186674499999956, 44.419246600000044 ], [ 26.181674499999957, 44.419246600000044 ], [ 26.181674499999957, 44.414246600000041 ], [ 26.186674499999956, 44.414246600000041 ] ] ] } },
{ "type": "Feature", "properties": { "cell_id": 1019, "education": 0.84127951202161821, "health": 0.9181338119884741, "green": 0.95644124659394947, "groceries": 0.97171141280581153, "transit": 0.95475024903444983, "culture": 0.91990232364027702, "services": 0.91244721829697828, "livability": 0.92495225348307963 }, "geometry": { "type": "Polygon", "coordinates": [ [ [ 26.186674499999956, 44.419246600000044 ], [ 26.186674499999956, 44.424246600000046 ], [ 26.181674499999957, 44.424246600000046 ], [ 26.181674499999957, 44.419246600000044 ], [ 26.186674499999956, 44.419246600000044 ] ] ] } },
{ "type": "Feature", "properties": { "cell_id": 1020, "education": 0.79901771463642868, "health": 0.89649522115430624, "green": 0.80996303577649442, "groceries": 0.81338527529976135, "transit": 0.71593982332417938, "culture": 0.85948401756007398, "services": 0.87324046106077713, "livability": 0.82393222125886023 }, "geometry": { "type": "Polygon", "coordinates": [ [ [ 26.186674499999956, 44.424246600000046 ], [ 26.186674499999956, 44.429246600000049 ], [ 26.181674499999957, 44.429246600000049 ], [ 26.181674499999957, 44.424246600000046 ], [ 26.186674499999956, 44.424246600000046 ] ] ] } },
{ "type": "Feature", "properties": { "cell_id": 1021, "education": 0.84938118765320714, "health": 0.97624585043109757, "green": 0.90800888160002013, "groceries": 0.82523517232419674, "transit": 0.9220525997969452, "culture": 0.94737578199023653, "services": 0.95853073297091507, "livability": 0.91240431525237409 }, "geometry": { "type": "Polygon", "coordinates": [ [ [ 26.186674499999956, 44.429246600000049 ], [ 26.186674499999956, 44.434246600000051 ], [ 26.181674499999957, 44.434246600000051 ], [ 26.181674499999957, 44.429246600000049 ], [ 26.186674499999956, 44.429246600000049 ] ] ] } },
{ "type": "Feature", "properties": { "cell_id": 1022, "education": 0.80220170491724829, "health": 0.93266849358480797, "green": 0.89377663684282571, "groceries": 0.76974498417530191, "transit": 0.85765915438520257, "culture": 0.9388151513711116, "services": 0.93102881447493802, "livability": 0.87512784853591929 }, "geometry": { "type": "Polygon", "coordinates": [ [ [ 26.186674499999956, 44.434246600000051 ], [ 26.186674499999956, 44.439246600000054 ], [ 26.181674499999957, 44.439246600000054 ], [ 26.181674499999957, 44.434246600000051 ], [ 26.186674499999956, 44.434246600000051 ] ] ] } },
{ "type": "Feature", "properties": { "cell_id": 1023, "education": 0.87362150179066822, "health": 0.89948570678421502, "green": 0.9695860585724988, "groceries": 0.85834148585587622, "transit": 0.83992062503316589, "culture": 0.89805152134385768, "services": 0.89700444212846597, "livability": 0.89085876307267819 }, "geometry": { "type": "Polygon", "coordinates": [ [ [ 26.186674499999956, 44.439246600000054 ], [ 26.186674499999956, 44.444246600000056 ], [ 26.181674499999957, 44.444246600000056 ], [ 26.181674499999957, 44.439246600000054 ], [ 26.186674499999956, 44.439246600000054 ] ] ] } },
{ "type": "Feature", "properties": { "cell_id": 1024, "education": 0.54402918556999835, "health": 0.7663660388284671, "green": 0.72867407017939057, "groceries": 0.59323882345305967, "transit": 0.45058055960133148, "culture": 0.68731665151843691, "services": 0.68717737418388347, "livability": 0.63676895761922392 }, "geometry": { "type": "Polygon", "coordinates": [ [ [ 26.191674499999955, 44.394246600000031 ], [ 26.191674499999955, 44.399246600000033 ], [ 26.186674499999956, 44.399246600000033 ], [ 26.186674499999956, 44.394246600000031 ], [ 26.191674499999955, 44.394246600000031 ] ] ] } },
{ "type": "Feature", "properties": { "cell_id": 1025, "education": 0.68200871913054983, "health": 0.89338831298483901, "green": 0.9302300881516371, "groceries": 0.73779703694509369, "transit": 0.59378420366282558, "culture": 0.81843791731272242, "services": 0.74726750605873038, "livability": 0.77184482632091389 }, "geometry": { "type": "Polygon", "coordinates": [ [ [ 26.191674499999955, 44.399246600000033 ], [ 26.191674499999955, 44.404246600000036 ], [ 26.186674499999956, 44.404246600000036 ], [ 26.186674499999956, 44.399246600000033 ], [ 26.191674499999955, 44.399246600000033 ] ] ] } },
{ "type": "Feature", "properties": { "cell_id": 1026, "education": 0.78575246472110138, "health": 0.94697206865373396, "green": 0.88014334065997368, "groceries": 0.82625919009894611, "transit": 0.94291482720765019, "culture": 0.91321772204945639, "services": 0.83308423741231952, "livability": 0.87547769297188294 }, "geometry": { "type": "Polygon", "coordinates": [ [ [ 26.191674499999955, 44.404246600000036 ], [ 26.191674499999955, 44.409246600000039 ], [ 26.186674499999956, 44.409246600000039 ], [ 26.186674499999956, 44.404246600000036 ], [ 26.191674499999955, 44.404246600000036 ] ] ] } },
{ "type": "Feature", "properties": { "cell_id": 1027, "education": 0.73801526140469997, "health": 0.8878113706967653, "green": 0.79508137526831979, "groceries": 0.80698446823456238, "transit": 0.86068125614895363, "culture": 0.88165932954124526, "services": 0.79587462680626597, "livability": 0.82372966972868744 }, "geometry": { "type": "Polygon", "coordinates": [ [ [ 26.191674499999955, 44.409246600000039 ], [ 26.191674499999955, 44.414246600000041 ], [ 26.186674499999956, 44.414246600000041 ], [ 26.186674499999956, 44.409246600000039 ], [ 26.191674499999955, 44.409246600000039 ] ] ] } },
{ "type": "Feature", "properties": { "cell_id": 1028, "education": 0.77417468689919455, "health": 0.81691667160548465, "green": 0.94715329893741074, "groceries": 0.96261602098384724, "transit": 0.78477946698365231, "culture": 0.96291665341036792, "services": 0.77917216174964055, "livability": 0.86110413722422829 }, "geometry": { "type": "Polygon", "coordinates": [ [ [ 26.191674499999955, 44.414246600000041 ], [ 26.191674499999955, 44.419246600000044 ], [ 26.186674499999956, 44.419246600000044 ], [ 26.186674499999956, 44.414246600000041 ], [ 26.191674499999955, 44.414246600000041 ] ] ] } },
{ "type": "Feature", "properties": { "cell_id": 1029, "education": 0.71910644758215614, "health": 0.78551245052125773, "green": 0.71101458440771637, "groceries": 0.7313116470342218, "transit": 0.56926470224897274, "culture": 0.75808617722856553, "services": 0.78859993209341939, "livability": 0.72327084873090142 }, "geometry": { "type": "Polygon", "coordinates": [ [ [ 26.191674499999955, 44.419246600000044 ], [ 26.191674499999955, 44.424246600000046 ], [ 26.186674499999956, 44.424246600000046 ], [ 26.186674499999956, 44.419246600000044 ], [ 26.191674499999955, 44.419246600000044 ] ] ] } },
{ "type": "Feature", "properties": { "cell_id": 1030, "education": 0.75256146944554347, "health": 0.84813562805503762, "green": 0.75243956396213318, "groceries": 0.76567194601642075, "transit": 0.63067055355468871, "culture": 0.80618776142813187, "services": 0.8215217112238955, "livability": 0.76816980481226438 }, "geometry": { "type": "Polygon", "coordinates": [ [ [ 26.191674499999955, 44.424246600000046 ], [ 26.191674499999955, 44.429246600000049 ], [ 26.186674499999956, 44.429246600000049 ], [ 26.186674499999956, 44.424246600000046 ], [ 26.191674499999955, 44.424246600000046 ] ] ] } },
{ "type": "Feature", "properties": { "cell_id": 1031, "education": 0.96066204079973971, "health": 0.94078471455033952, "green": 0.92924424070582445, "groceries": 0.85688977702873759, "transit": 0.97210555947713928, "culture": 0.9145173819831891, "services": 0.92664490283309853, "livability": 0.92869265962543834 }, "geometry": { "type": "Polygon", "coordinates": [ [ [ 26.191674499999955, 44.429246600000049 ], [ 26.191674499999955, 44.434246600000051 ], [ 26.186674499999956, 44.434246600000051 ], [ 26.186674499999956, 44.429246600000049 ], [ 26.191674499999955, 44.429246600000049 ] ] ] } },
{ "type": "Feature", "properties": { "cell_id": 1032, "education": 0.86028218828270131, "health": 0.96149851184593838, "green": 0.86998945728909771, "groceries": 0.84545412678339671, "transit": 0.86219731735141447, "culture": 0.91556608424299379, "services": 0.91740993934525905, "livability": 0.89034251787725727 }, "geometry": { "type": "Polygon", "coordinates": [ [ [ 26.191674499999955, 44.434246600000051 ], [ 26.191674499999955, 44.439246600000054 ], [ 26.186674499999956, 44.439246600000054 ], [ 26.186674499999956, 44.434246600000051 ], [ 26.191674499999955, 44.434246600000051 ] ] ] } },
{ "type": "Feature", "properties": { "cell_id": 1033, "education": 0.83107824645918948, "health": 0.91943853512022111, "green": 0.98325782420510366, "groceries": 0.98351693106438276, "transit": 0.8199547903487, "culture": 0.92075457526438687, "services": 0.90780777371110211, "livability": 0.90940123945329787 }, "geometry": { "type": "Polygon", "coordinates": [ [ [ 26.191674499999955, 44.439246600000054 ], [ 26.191674499999955, 44.444246600000056 ], [ 26.186674499999956, 44.444246600000056 ], [ 26.186674499999956, 44.439246600000054 ], [ 26.191674499999955, 44.439246600000054 ] ] ] } },
{ "type": "Feature", "properties": { "cell_id": 1034, "education": 0.54517271406909229, "health": 0.76694830833932037, "green": 0.66554231566264899, "groceries": 0.664439614354977, "transit": 0.66384220034335084, "culture": 0.74411054027663703, "services": 0.77115217115655299, "livability": 0.68874398060036834 }, "geometry": { "type": "Polygon", "coordinates": [ [ [ 26.196674499999954, 44.394246600000031 ], [ 26.196674499999954, 44.399246600000033 ], [ 26.191674499999955, 44.399246600000033 ], [ 26.191674499999955, 44.394246600000031 ], [ 26.196674499999954, 44.394246600000031 ] ] ] } },
{ "type": "Feature", "properties": { "cell_id": 1035, "education": 0.60958689274867051, "health": 0.80342810197241854, "green": 0.70204781178416087, "groceries": 0.75670151387871354, "transit": 0.66219676567225461, "culture": 0.78271153020485729, "services": 0.83607709227226101, "livability": 0.73610710121904799 }, "geometry": { "type": "Polygon", "coordinates": [ [ [ 26.196674499999954, 44.399246600000033 ], [ 26.196674499999954, 44.404246600000036 ], [ 26.191674499999955, 44.404246600000036 ], [ 26.191674499999955, 44.399246600000033 ], [ 26.196674499999954, 44.399246600000033 ] ] ] } },
{ "type": "Feature", "properties": { "cell_id": 1036, "education": 0.87721650751858027, "health": 0.98370281783988667, "green": 0.84853474991450273, "groceries": 0.92146694545474861, "transit": 1.0, "culture": 0.98203916247079726, "services": 0.90261148277075876, "livability": 0.93079595228132472 }, "geometry": { "type": "Polygon", "coordinates": [ [ [ 26.196674499999954, 44.404246600000036 ], [ 26.196674499999954, 44.409246600000039 ], [ 26.191674499999955, 44.409246600000039 ], [ 26.191674499999955, 44.404246600000036 ], [ 26.196674499999954, 44.404246600000036 ] ] ] } },
{ "type": "Feature", "properties": { "cell_id": 1037, "education": 0.78188427934917459, "health": 0.91745812723420983, "green": 0.72783072135142823, "groceries": 0.81627666883912642, "transit": 0.7866248553691344, "culture": 0.90903205526346209, "services": 0.8275807079903571, "livability": 0.82381248791384187 }, "geometry": { "type": "Polygon", "coordinates": [ [ [ 26.196674499999954, 44.409246600000039 ], [ 26.196674499999954, 44.414246600000041 ], [ 26.191674499999955, 44.414246600000041 ], [ 26.191674499999955, 44.409246600000039 ], [ 26.196674499999954, 44.409246600000039 ] ] ] } },
{ "type": "Feature", "properties": { "cell_id": 1038, "education": 0.71864031608524437, "health": 0.78712124107678882, "green": 0.82070373732302515, "groceries": 1.0, "transit": 0.75902283728814735, "culture": 0.92155525679048989, "services": 0.73903501366569757, "livability": 0.82086834317562751 }, "geometry": { "type": "Polygon", "coordinates": [ [ [ 26.196674499999954, 44.414246600000041 ], [ 26.196674499999954, 44.419246600000044 ], [ 26.191674499999955, 44.419246600000044 ], [ 26.191674499999955, 44.414246600000041 ], [ 26.196674499999954, 44.414246600000041 ] ] ] } },
{ "type": "Feature", "properties": { "cell_id": 1039, "education": 0.71457488875369768, "health": 0.82006019883621228, "green": 0.86629170619532825, "groceries": 0.74876900398343804, "transit": 0.82453802161216461, "culture": 0.80336936290180061, "services": 0.68049539008279791, "livability": 0.77972836748077701 }, "geometry": { "type": "Polygon", "coordinates": [ [ [ 26.196674499999954, 44.419246600000044 ], [ 26.196674499999954, 44.424246600000046 ], [ 26.191674499999955, 44.424246600000046 ], [ 26.191674499999955, 44.419246600000044 ], [ 26.196674499999954, 44.419246600000044 ] ] ] } },
{ "type": "Feature", "properties": { "cell_id": 1040, "education": 0.82531827294232485, "health": 0.92186550388628741, "green": 0.75840087171780246, "groceries": 0.88775216131095802, "transit": 0.79940005482786403, "culture": 0.88057377992128072, "services": 0.76891648272697011, "livability": 0.83460387533335534 }, "geometry": { "type": "Polygon", "coordinates": [ [ [ 26.196674499999954, 44.424246600000046 ], [ 26.196674499999954, 44.429246600000049 ], [ 26.191674499999955, 44.429246600000049 ], [ 26.191674499999955, 44.424246600000046 ], [ 26.196674499999954, 44.424246600000046 ] ] ] } },
{ "type": "Feature", "properties": { "cell_id": 1041, "education": 0.99497217734824739, "health": 0.94730936021161793, "green": 0.96927309891075375, "groceries": 0.93696950822114167, "transit": 0.96359443558338365, "culture": 0.9073662021420249, "services": 0.89226026643037915, "livability": 0.94453500697822113 }, "geometry": { "type": "Polygon", "coordinates": [ [ [ 26.196674499999954, 44.429246600000049 ], [ 26.196674499999954, 44.434246600000051 ], [ 26.191674499999955, 44.434246600000051 ], [ 26.191674499999955, 44.429246600000049 ], [ 26.196674499999954, 44.429246600000049 ] ] ] } },
{ "type": "Feature", "properties": { "cell_id": 1042, "education": 0.87612177721578566, "health": 0.88027175533155211, "green": 0.79156034851225709, "groceries": 0.83951018018840018, "transit": 0.74565629167077652, "culture": 0.8261897683067988, "services": 0.8409316823001447, "livability": 0.82860597193224494 }, "geometry": { "type": "Polygon", "coordinates": [ [ [ 26.196674499999954, 44.434246600000051 ], [ 26.196674499999954, 44.439246600000054 ], [ 26.191674499999955, 44.439246600000054 ], [ 26.191674499999955, 44.434246600000051 ], [ 26.196674499999954, 44.434246600000051 ] ] ] } },
{ "type": "Feature", "properties": { "cell_id": 1043, "education": 0.77874889594192387, "health": 0.88635159274204067, "green": 0.89450799252096824, "groceries": 0.90990263398836679, "transit": 0.96315714105061379, "culture": 0.8673719543553885, "services": 0.85803351455235166, "livability": 0.87972481787880774 }, "geometry": { "type": "Polygon", "coordinates": [ [ [ 26.196674499999954, 44.439246600000054 ], [ 26.196674499999954, 44.444246600000056 ], [ 26.191674499999955, 44.444246600000056 ], [ 26.191674499999955, 44.439246600000054 ], [ 26.196674499999954, 44.439246600000054 ] ] ] } },
{ "type": "Feature", "properties": { "cell_id": 1044, "education": 0.4944954182030884, "health": 0.74965673418924372, "green": 0.47205877489499215, "groceries": 0.6052422331127687, "transit": 0.83792012981119468, "culture": 0.72505380084263837, "services": 0.73997600619416271, "livability": 0.6606290138925841 }, "geometry": { "type": "Polygon", "coordinates": [ [ [ 26.201674499999953, 44.394246600000031 ], [ 26.201674499999953, 44.399246600000033 ], [ 26.196674499999954, 44.399246600000033 ], [ 26.196674499999954, 44.394246600000031 ], [ 26.201674499999953, 44.394246600000031 ] ] ] } },
{ "type": "Feature", "properties": { "cell_id": 1045, "education": 0.66235348414276363, "health": 0.83908785369860295, "green": 0.63671068605809023, "groceries": 0.81089594435842494, "transit": 0.75904851720559208, "culture": 0.82201151475391954, "services": 0.87421384365033927, "livability": 0.77204597769539041 }, "geometry": { "type": "Polygon", "coordinates": [ [ [ 26.201674499999953, 44.399246600000033 ], [ 26.201674499999953, 44.404246600000036 ], [ 26.196674499999954, 44.404246600000036 ], [ 26.196674499999954, 44.399246600000033 ], [ 26.201674499999953, 44.399246600000033 ] ] ] } },
{ "type": "Feature", "properties": { "cell_id": 1046, "education": 0.79816471366870712, "health": 0.93146045476694883, "green": 0.79544204697954402, "groceries": 0.95128055907105891, "transit": 0.99006784580625984, "culture": 0.91810024882776664, "services": 0.97300283545656052, "livability": 0.9082169577966922 }, "geometry": { "type": "Polygon", "coordinates": [ [ [ 26.201674499999953, 44.404246600000036 ], [ 26.201674499999953, 44.409246600000039 ], [ 26.196674499999954, 44.409246600000039 ], [ 26.196674499999954, 44.404246600000036 ], [ 26.201674499999953, 44.404246600000036 ] ] ] } },
{ "type": "Feature", "properties": { "cell_id": 1047, "education": 0.95451080088894247, "health": 0.9742982855956227, "green": 0.98138255854837464, "groceries": 0.97286516173240678, "transit": 0.74062618031769401, "culture": 0.98877796173657662, "services": 0.86561767230172504, "livability": 0.92543980301733453 }, "geometry": { "type": "Polygon", "coordinates": [ [ [ 26.201674499999953, 44.409246600000039 ], [ 26.201674499999953, 44.414246600000041 ], [ 26.196674499999954, 44.414246600000041 ], [ 26.196674499999954, 44.409246600000039 ], [ 26.201674499999953, 44.409246600000039 ] ] ] } },
{ "type": "Feature", "properties": { "cell_id": 1048, "education": 0.84877541959439062, "health": 0.89780217274439844, "green": 0.83284832821205712, "groceries": 0.96491687615102717, "transit": 0.68001343156066829, "culture": 0.91250769151105404, "services": 0.74918134519541058, "livability": 0.84086360928128667 }, "geometry": { "type": "Polygon", "coordinates": [ [ [ 26.201674499999953, 44.414246600000041 ], [ 26.201674499999953, 44.419246600000044 ], [ 26.196674499999954, 44.419246600000044 ], [ 26.196674499999954, 44.414246600000041 ], [ 26.201674499999953, 44.414246600000041 ] ] ] } },
{ "type": "Feature", "properties": { "cell_id": 1049, "education": 0.78491551000188164, "health": 0.82223796266749138, "green": 0.98708877974122056, "groceries": 0.81304087340932851, "transit": 0.83045281998498843, "culture": 0.84224685901289875, "services": 0.68282442586609193, "livability": 0.82325817581198579 }, "geometry": { "type": "Polygon", "coordinates": [ [ [ 26.201674499999953, 44.419246600000044 ], [ 26.201674499999953, 44.424246600000046 ], [ 26.196674499999954, 44.424246600000046 ], [ 26.196674499999954, 44.419246600000044 ], [ 26.201674499999953, 44.419246600000044 ] ] ] } },
{ "type": "Feature", "properties": { "cell_id": 1050, "education": 0.88361820242626343, "health": 0.91026407843132273, "green": 0.82493454015016399, "groceries": 0.92090315478894502, "transit": 0.80858295560138194, "culture": 0.929270988152466, "services": 0.74570736209362276, "livability": 0.86046875452059501 }, "geometry": { "type": "Polygon", "coordinates": [ [ [ 26.201674499999953, 44.424246600000046 ], [ 26.201674499999953, 44.429246600000049 ], [ 26.196674499999954, 44.429246600000049 ], [ 26.196674499999954, 44.424246600000046 ], [ 26.201674499999953, 44.424246600000046 ] ] ] } },
{ "type": "Feature", "properties": { "cell_id": 1051, "education": 0.93645601562065595, "health": 0.99184560457165427, "green": 0.8694399141688085, "groceries": 0.9753122591550405, "transit": 0.94727242395610733, "culture": 0.96862401792535957, "services": 0.82718881000330291, "livability": 0.93087700648584693 }, "geometry": { "type": "Polygon", "coordinates": [ [ [ 26.201674499999953, 44.429246600000049 ], [ 26.201674499999953, 44.434246600000051 ], [ 26.196674499999954, 44.434246600000051 ], [ 26.196674499999954, 44.429246600000049 ], [ 26.201674499999953, 44.429246600000049 ] ] ] } },
{ "type": "Feature", "properties": { "cell_id": 1052, "education": 0.89248536749736795, "health": 0.87902793143074653, "green": 0.91032916348878434, "groceries": 0.955754905917236, "transit": 0.94536021037037454, "culture": 0.83838854745132918, "services": 0.79853848801166682, "livability": 0.88855494488107212 }, "geometry": { "type": "Polygon", "coordinates": [ [ [ 26.201674499999953, 44.434246600000051 ], [ 26.201674499999953, 44.439246600000054 ], [ 26.196674499999954, 44.439246600000054 ], [ 26.196674499999954, 44.434246600000051 ], [ 26.201674499999953, 44.434246600000051 ] ] ] } },
{ "type": "Feature", "properties": { "cell_id": 1053, "education": 0.56236808004577654, "health": 0.79552519387861587, "green": 0.60456202563055883, "groceries": 0.67495149718545777, "transit": 0.76616158033399928, "culture": 0.77560462270262243, "services": 0.78903058337408527, "livability": 0.70974336902158797 }, "geometry": { "type": "Polygon", "coordinates": [ [ [ 26.206674499999952, 44.394246600000031 ], [ 26.206674499999952, 44.399246600000033 ], [ 26.201674499999953, 44.399246600000033 ], [ 26.201674499999953, 44.394246600000031 ], [ 26.206674499999952, 44.394246600000031 ] ] ] } },
{ "type": "Feature", "properties": { "cell_id": 1054, "education": 0.69375670409098078, "health": 0.88431784827056603, "green": 0.71878988532736154, "groceries": 0.80989543545242437, "transit": 0.74428292860818335, "culture": 0.87346144381760327, "services": 0.88399095804935124, "livability": 0.80121360051663859 }, "geometry": { "type": "Polygon", "coordinates": [ [ [ 26.206674499999952, 44.399246600000033 ], [ 26.206674499999952, 44.404246600000036 ], [ 26.201674499999953, 44.404246600000036 ], [ 26.201674499999953, 44.399246600000033 ], [ 26.206674499999952, 44.399246600000033 ] ] ] } },
{ "type": "Feature", "properties": { "cell_id": 1055, "education": 0.82492445896801847, "health": 0.97468585546902087, "green": 0.88120560832907091, "groceries": 0.94723353924271503, "transit": 0.9417654436583992, "culture": 0.97305443352484877, "services": 0.97171934500340928, "livability": 0.93065552631364035 }, "geometry": { "type": "Polygon", "coordinates": [ [ [ 26.206674499999952, 44.404246600000036 ], [ 26.206674499999952, 44.409246600000039 ], [ 26.201674499999953, 44.409246600000039 ], [ 26.201674499999953, 44.404246600000036 ], [ 26.206674499999952, 44.404246600000036 ] ] ] } },
{ "type": "Feature", "properties": { "cell_id": 1056, "education": 0.88394009549841723, "health": 0.91794722078575408, "green": 0.95948154871236946, "groceries": 0.91898663037436179, "transit": 0.62356097957672396, "culture": 0.92667444533085541, "services": 0.87150511406701403, "livability": 0.87172800490649938 }, "geometry": { "type": "Polygon", "coordinates": [ [ [ 26.206674499999952, 44.409246600000039 ], [ 26.206674499999952, 44.414246600000041 ], [ 26.201674499999953, 44.414246600000041 ], [ 26.201674499999953, 44.409246600000039 ], [ 26.206674499999952, 44.409246600000039 ] ] ] } },
{ "type": "Feature", "properties": { "cell_id": 1057, "education": 0.82189198453175649, "health": 0.88417548143508595, "green": 0.89857609273024841, "groceries": 0.938699758785283, "transit": 0.55457453297619508, "culture": 0.88945520598035688, "services": 0.80185718280214602, "livability": 0.82703289132015301 }, "geometry": { "type": "Polygon", "coordinates": [ [ [ 26.206674499999952, 44.414246600000041 ], [ 26.206674499999952, 44.419246600000044 ], [ 26.201674499999953, 44.419246600000044 ], [ 26.201674499999953, 44.414246600000041 ], [ 26.206674499999952, 44.414246600000041 ] ] ] } },
{ "type": "Feature", "properties": { "cell_id": 1058, "education": 0.75372342260712044, "health": 0.79607837068469522, "green": 1.0, "groceries": 0.80481288316467303, "transit": 0.66741141963453599, "culture": 0.80062499041605939, "services": 0.7076406656594405, "livability": 0.79004167888093202 }, "geometry": { "type": "Polygon", "coordinates": [ [ [ 26.206674499999952, 44.419246600000044 ], [ 26.206674499999952, 44.424246600000046 ], [ 26.201674499999953, 44.424246600000046 ], [ 26.201674499999953, 44.419246600000044 ], [ 26.206674499999952, 44.419246600000044 ] ] ] } },
{ "type": "Feature", "properties": { "cell_id": 1059, "education": 0.87430911665512923, "health": 0.86479806457637065, "green": 0.84849433769182681, "groceries": 0.88630914574698638, "transit": 0.83347758301033592, "culture": 0.89043590652263183, "services": 0.6963610633922257, "livability": 0.84202645965650091 }, "geometry": { "type": "Polygon", "coordinates": [ [ [ 26.206674499999952, 44.424246600000046 ], [ 26.206674499999952, 44.429246600000049 ], [ 26.201674499999953, 44.429246600000049 ], [ 26.201674499999953, 44.424246600000046 ], [ 26.206674499999952, 44.424246600000046 ] ] ] } },
{ "type": "Feature", "properties": { "cell_id": 1060, "education": 0.94455145410250863, "health": 0.91654044407252155, "green": 0.82952485867773607, "groceries": 0.97709526054029605, "transit": 0.89822558842127798, "culture": 0.94318819875166759, "services": 0.74723808072060849, "livability": 0.89376626932665948 }, "geometry": { "type": "Polygon", "coordinates": [ [ [ 26.206674499999952, 44.429246600000049 ], [ 26.206674499999952, 44.434246600000051 ], [ 26.201674499999953, 44.434246600000051 ], [ 26.201674499999953, 44.429246600000049 ], [ 26.206674499999952, 44.429246600000049 ] ] ] } },
{ "type": "Feature", "properties": { "cell_id": 1061, "education": 0.80578564766868144, "health": 0.86199472038506064, "green": 0.90299602402541801, "groceries": 0.86246612811702306, "transit": 0.87823952453767662, "culture": 0.81961654544591889, "services": 0.73359993550085201, "livability": 0.83781407509723294 }, "geometry": { "type": "Polygon", "coordinates": [ [ [ 26.206674499999952, 44.434246600000051 ], [ 26.206674499999952, 44.439246600000054 ], [ 26.201674499999953, 44.439246600000054 ], [ 26.201674499999953, 44.434246600000051 ], [ 26.206674499999952, 44.434246600000051 ] ] ] } },
{ "type": "Feature", "properties": { "cell_id": 1062, "education": 0.0, "health": 0.0, "green": 0.0, "groceries": 0.0, "transit": 0.0, "culture": 0.0, "services": 0.0, "livability": 0.0 }, "geometry": { "type": "Polygon", "coordinates": [ [ [ 26.211674499999951, 44.394246600000031 ], [ 26.211674499999951, 44.399246600000033 ], [ 26.206674499999952, 44.399246600000033 ], [ 26.206674499999952, 44.394246600000031 ], [ 26.211674499999951, 44.394246600000031 ] ] ] } },
{ "type": "Feature", "properties": { "cell_id": 1063, "education": 0.44374176906058338, "health": 0.71535733224185549, "green": 0.58333240066539593, "groceries": 0.65107102158498775, "transit": 0.54842596972678348, "culture": 0.74306035447918573, "services": 0.70329409728665271, "livability": 0.62689756357792059 }, "geometry": { "type": "Polygon", "coordinates": [ [ [ 26.211674499999951, 44.399246600000033 ], [ 26.211674499999951, 44.404246600000036 ], [ 26.206674499999952, 44.404246600000036 ], [ 26.206674499999952, 44.399246600000033 ], [ 26.211674499999951, 44.399246600000033 ] ] ] } },
{ "type": "Feature", "properties": { "cell_id": 1064, "education": 0.94324581255792972, "health": 0.91319661891833614, "green": 0.9516848828603901, "groceries": 0.9148187967779039, "transit": 0.90705323719852171, "culture": 0.89683556863937353, "services": 0.85770008304971201, "livability": 0.9120764285717381 }, "geometry": { "type": "Polygon", "coordinates": [ [ [ 26.211674499999951, 44.404246600000036 ], [ 26.211674499999951, 44.409246600000039 ], [ 26.206674499999952, 44.409246600000039 ], [ 26.206674499999952, 44.404246600000036 ], [ 26.211674499999951, 44.404246600000036 ] ] ] } },
{ "type": "Feature", "properties": { "cell_id": 1065, "education": 0.92973971452650983, "health": 0.87749539275506128, "green": 0.82724693274017125, "groceries": 0.85750937167609453, "transit": 0.71281775204094111, "culture": 0.88209319785626317, "services": 0.82824341891442199, "livability": 0.84502082578706605 }, "geometry": { "type": "Polygon", "coordinates": [ [ [ 26.211674499999951, 44.409246600000039 ], [ 26.211674499999951, 44.414246600000041 ], [ 26.206674499999952, 44.414246600000041 ], [ 26.206674499999952, 44.409246600000039 ], [ 26.211674499999951, 44.409246600000039 ] ] ] } },
{ "type": "Feature", "properties": { "cell_id": 1066, "education": 0.80105186466225209, "health": 0.79052792612333134, "green": 0.71454183464723098, "groceries": 0.72533928926609537, "transit": 0.62815376276448476, "culture": 0.78624788403742318, "services": 0.7352350132927914, "livability": 0.74015679639908694 }, "geometry": { "type": "Polygon", "coordinates": [ [ [ 26.211674499999951, 44.414246600000041 ], [ 26.211674499999951, 44.419246600000044 ], [ 26.206674499999952, 44.419246600000044 ], [ 26.206674499999952, 44.414246600000041 ], [ 26.211674499999951, 44.414246600000041 ] ] ] } },
{ "type": "Feature", "properties": { "cell_id": 1067, "education": 0.78099145597179453, "health": 0.72386505249465782, "green": 0.67022843686607136, "groceries": 0.79936748841572836, "transit": 0.68174964657652382, "culture": 0.7378543109746869, "services": 0.57884078351062285, "livability": 0.71041388211572642 }, "geometry": { "type": "Polygon", "coordinates": [ [ [ 26.211674499999951, 44.419246600000044 ], [ 26.211674499999951, 44.424246600000046 ], [ 26.206674499999952, 44.424246600000046 ], [ 26.206674499999952, 44.419246600000044 ], [ 26.211674499999951, 44.419246600000044 ] ] ] } },
{ "type": "Feature", "properties": { "cell_id": 1068, "education": 0.78585263569739472, "health": 0.78681558771538418, "green": 0.78556875291263273, "groceries": 0.85543305026842376, "transit": 0.67933237568491833, "culture": 0.80449279173969868, "services": 0.61283884179618753, "livability": 0.75861914797352004 }, "geometry": { "type": "Polygon", "coordinates": [ [ [ 26.211674499999951, 44.424246600000046 ], [ 26.211674499999951, 44.429246600000049 ], [ 26.206674499999952, 44.429246600000049 ], [ 26.206674499999952, 44.424246600000046 ], [ 26.211674499999951, 44.424246600000046 ] ] ] } },
{ "type": "Feature", "properties": { "cell_id": 1069, "education": 0.91223240438133879, "health": 0.84480772886470634, "green": 0.98314707465518836, "groceries": 0.90942407757502153, "transit": 0.91633717273019255, "culture": 0.91064073408061741, "services": 0.67063009986396183, "livability": 0.87817418459300367 }, "geometry": { "type": "Polygon", "coordinates": [ [ [ 26.211674499999951, 44.429246600000049 ], [ 26.211674499999951, 44.434246600000051 ], [ 26.206674499999952, 44.434246600000051 ], [ 26.206674499999952, 44.429246600000049 ], [ 26.211674499999951, 44.429246600000049 ] ] ] } },
{ "type": "Feature", "properties": { "cell_id": 1070, "education": 0.93731612109985629, "health": 0.86225796790186804, "green": 0.90983550541995883, "groceries": 0.83740403510374473, "transit": 0.7687040526732758, "culture": 0.84069697818398048, "services": 0.80633115724819837, "livability": 0.85179225966155458 }, "geometry": { "type": "Polygon", "coordinates": [ [ [ 26.21667449999995, 44.404246600000036 ], [ 26.21667449999995, 44.409246600000039 ], [ 26.211674499999951, 44.409246600000039 ], [ 26.211674499999951, 44.404246600000036 ], [ 26.21667449999995, 44.404246600000036 ] ] ] } },
{ "type": "Feature", "properties": { "cell_id": 1071, "education": 0.90401400978073698, "health": 0.83705843298616922, "green": 0.86366397866150013, "groceries": 0.79910667247496614, "transit": 0.74144108959301125, "culture": 0.81292501441836285, "services": 0.77938121084076062, "livability": 0.81965577267935807 }, "geometry": { "type": "Polygon", "coordinates": [ [ [ 26.21667449999995, 44.409246600000039 ], [ 26.21667449999995, 44.414246600000041 ], [ 26.211674499999951, 44.414246600000041 ], [ 26.211674499999951, 44.409246600000039 ], [ 26.21667449999995, 44.409246600000039 ] ] ] } },
{ "type": "Feature", "properties": { "cell_id": 1072, "education": 0.66581107810366658, "health": 0.67608048880528981, "green": 0.60940804842767005, "groceries": 0.66210930678757318, "transit": 0.83835537151508777, "culture": 0.64280265184355867, "services": 0.60722140777425582, "livability": 0.67168405046530022 }, "geometry": { "type": "Polygon", "coordinates": [ [ [ 26.21667449999995, 44.414246600000041 ], [ 26.21667449999995, 44.419246600000044 ], [ 26.211674499999951, 44.419246600000044 ], [ 26.211674499999951, 44.414246600000041 ], [ 26.21667449999995, 44.414246600000041 ] ] ] } },
{ "type": "Feature", "properties": { "cell_id": 1073, "education": 0.57974284015666844, "health": 0.59768106253325426, "green": 0.5658739710159979, "groceries": 0.65790880544701458, "transit": 0.74651048334764747, "culture": 0.61308211166216608, "services": 0.52337619620692011, "livability": 0.61202506719566685 }, "geometry": { "type": "Polygon", "coordinates": [ [ [ 26.21667449999995, 44.419246600000044 ], [ 26.21667449999995, 44.424246600000046 ], [ 26.211674499999951, 44.424246600000046 ], [ 26.211674499999951, 44.419246600000044 ], [ 26.21667449999995, 44.419246600000044 ] ] ] } },
{ "type": "Feature", "properties": { "cell_id": 1074, "education": 0.92629390233786357, "health": 0.81486047655912219, "green": 0.84621718725574657, "groceries": 0.9405534149522663, "transit": 0.949590861487147, "culture": 0.84607399593555188, "services": 0.64264083857159182, "livability": 0.85231866815704138 }, "geometry": { "type": "Polygon", "coordinates": [ [ [ 26.21667449999995, 44.424246600000046 ], [ 26.21667449999995, 44.429246600000049 ], [ 26.211674499999951, 44.429246600000049 ], [ 26.211674499999951, 44.424246600000046 ], [ 26.21667449999995, 44.424246600000046 ] ] ] } },
{ "type": "Feature", "properties": { "cell_id": 1075, "education": 0.96404140308266895, "health": 0.79287838875791516, "green": 0.95547502111376192, "groceries": 0.86744159978665758, "transit": 0.90635682250375194, "culture": 0.97918997206130276, "services": 0.6157709803326733, "livability": 0.86873631251981875 }, "geometry": { "type": "Polygon", "coordinates": [ [ [ 26.21667449999995, 44.429246600000049 ], [ 26.21667449999995, 44.434246600000051 ], [ 26.211674499999951, 44.434246600000051 ], [ 26.211674499999951, 44.429246600000049 ], [ 26.21667449999995, 44.429246600000049 ] ] ] } },
{ "type": "Feature", "properties": { "cell_id": 1076, "education": 0.75210231371494662, "health": 0.68739522941350617, "green": 0.77929447623394887, "groceries": 0.83493224509863084, "transit": 0.95865412090181124, "culture": 0.74145357680257118, "services": 0.55997408503079327, "livability": 0.75911514959945836 }, "geometry": { "type": "Polygon", "coordinates": [ [ [ 26.221674499999949, 44.419246600000044 ], [ 26.221674499999949, 44.424246600000046 ], [ 26.21667449999995, 44.424246600000046 ], [ 26.21667449999995, 44.419246600000044 ], [ 26.221674499999949, 44.419246600000044 ] ] ] } },
{ "type": "Feature", "properties": { "cell_id": 1077, "education": 0.88039602101144232, "health": 0.75314673825955303, "green": 0.93815147006344191, "groceries": 0.96669751962880812, "transit": 0.91877228316262671, "culture": 0.83700533751491069, "services": 0.57373131899503504, "livability": 0.83827152694797391 }, "geometry": { "type": "Polygon", "coordinates": [ [ [ 26.221674499999949, 44.424246600000046 ], [ 26.221674499999949, 44.429246600000049 ], [ 26.21667449999995, 44.429246600000049 ], [ 26.21667449999995, 44.424246600000046 ], [ 26.221674499999949, 44.424246600000046 ] ] ] } },
{ "type": "Feature", "properties": { "cell_id": 1078, "education": 0.67498602369998095, "health": 0.61433031459677911, "green": 0.6838068465971413, "groceries": 0.75572922463335312, "transit": 0.63858426489644871, "culture": 0.68401820100893207, "services": 0.42749906449821173, "livability": 0.63985056284726383 }, "geometry": { "type": "Polygon", "coordinates": [ [ [ 26.226674499999948, 44.429246600000049 ], [ 26.226674499999948, 44.434246600000051 ], [ 26.221674499999949, 44.434246600000051 ], [ 26.221674499999949, 44.429246600000049 ], [ 26.226674499999948, 44.429246600000049 ] ] ] } }
]
}
